{
	"credit": "Made by Nog's Menagerie",
	"texture_size": [64, 64],
	"render_type": "minecraft:cutout",
	"textures": {
		"0": "item/plushies/plushie_sniffer",
		"particle": "item/plushies/plushie_sniffer"
	},
	"elements": [
		{
			"name": "head",
			"from": [4.5, 0, 0.5],
			"to": [11.5, 6, 5.5],
			"rotation": {"angle": 0, "axis": "y", "origin": [8, 2.0045, 7.10355]},
			"faces": {
				"north": {"uv": [2.75, 5.75, 4.5, 7.25], "texture": "#0"},
				"east": {"uv": [8, 3.75, 9.25, 5.25], "texture": "#0"},
				"south": {"uv": [4.5, 6.5, 6.25, 8], "texture": "#0"},
				"west": {"uv": [4.25, 8, 5.5, 9.5], "texture": "#0"},
				"up": {"uv": [4.25, 8.5, 2.5, 7.25], "texture": "#0"},
				"down": {"uv": [8, 7.5, 6.25, 8.75], "texture": "#0"}
			}
		},
		{
			"name": "head",
			"from": [4.5, 0, -2.5],
			"to": [11.5, 5, 0.5],
			"rotation": {"angle": 0, "axis": "y", "origin": [8, 2.0045, 7.10355]},
			"faces": {
				"north": {"uv": [0, 7.75, 1.75, 9], "texture": "#0"},
				"east": {"uv": [1.75, 7.75, 2.5, 9], "texture": "#0"},
				"south": {"uv": [8, 2.5, 9.75, 3.75], "texture": "#0"},
				"west": {"uv": [5.5, 8, 6.25, 9.25], "texture": "#0"},
				"up": {"uv": [9.5, 6.25, 7.75, 5.5], "texture": "#0"},
				"down": {"uv": [9.75, 7.5, 8, 8.25], "texture": "#0"}
			}
		},
		{
			"name": "head",
			"from": [4.25, 0.2, 3.75],
			"to": [5.25, 5.2, 6.5],
			"rotation": {"angle": -22.5, "axis": "z", "origin": [4, 4.45, 4.75]},
			"faces": {
				"north": {"uv": [7.75, 10.25, 8, 11.5], "texture": "#0"},
				"east": {"uv": [8.25, 0, 9, 1.25], "texture": "#0"},
				"south": {"uv": [8, 10.25, 8.25, 11.5], "texture": "#0"},
				"west": {"uv": [8.25, 1.25, 9, 2.5], "texture": "#0"},
				"up": {"uv": [4.75, 6.5, 4.5, 5.75], "texture": "#0"},
				"down": {"uv": [5, 5.75, 4.75, 6.5], "texture": "#0"}
			}
		},
		{
			"name": "head",
			"from": [10.75, 0.2, 3.75],
			"to": [11.75, 5.2, 6.5],
			"rotation": {"angle": 22.5, "axis": "z", "origin": [12, 4.45, 4.75]},
			"faces": {
				"north": {"uv": [0, 10.5, 0.25, 11.75], "texture": "#0"},
				"east": {"uv": [8, 8.25, 8.75, 9.5], "texture": "#0"},
				"south": {"uv": [0.25, 10.5, 0.5, 11.75], "texture": "#0"},
				"west": {"uv": [2.5, 8.5, 3.25, 9.75], "texture": "#0"},
				"up": {"uv": [4.5, 8, 4.25, 7.25], "texture": "#0"},
				"down": {"uv": [4.25, 8.5, 4, 9.25], "texture": "#0"}
			}
		},
		{
			"name": "torso",
			"from": [3, 0, 5.5],
			"to": [13, 4, 16.5],
			"rotation": {"angle": 0, "axis": "y", "origin": [8, 2.0045, 7.10355]},
			"faces": {
				"north": {"uv": [6.25, 6.5, 8.75, 7.5], "texture": "#0"},
				"east": {"uv": [5, 5.5, 7.75, 6.5], "texture": "#0"},
				"south": {"uv": [0, 6.75, 2.5, 7.75], "texture": "#0"},
				"west": {"uv": [0, 5.75, 2.75, 6.75], "texture": "#0"},
				"up": {"uv": [2.5, 5.75, 0, 3], "texture": "#0"},
				"down": {"uv": [5, 3, 2.5, 5.75], "texture": "#0"}
			}
		},
		{
			"name": "torso",
			"from": [2.5, 4, 5],
			"to": [13.5, 9, 17],
			"rotation": {"angle": 0, "axis": "y", "origin": [8, 2.0045, 7.10355]},
			"faces": {
				"north": {"uv": [5.5, 0, 8.25, 1.25], "texture": "#0"},
				"east": {"uv": [5, 3, 8, 4.25], "texture": "#0"},
				"south": {"uv": [5.5, 1.25, 8.25, 2.5], "texture": "#0"},
				"west": {"uv": [5, 4.25, 8, 5.5], "texture": "#0"},
				"up": {"uv": [2.75, 3, 0, 0], "texture": "#0"},
				"down": {"uv": [5.5, 0, 2.75, 3], "texture": "#0"}
			}
		},
		{
			"name": "torso",
			"from": [2.5, 3, 17],
			"to": [13.5, 4, 17],
			"rotation": {"angle": 0, "axis": "y", "origin": [8, 2.0045, 7.10355]},
			"faces": {
				"north": {"uv": [10, 8.5, 12.75, 8.75], "texture": "#0"},
				"east": {"uv": [0, 0, 0, 0.25], "texture": "#0"},
				"south": {"uv": [10, 8.75, 12.75, 9], "texture": "#0"},
				"west": {"uv": [0, 0, 0, 0.25], "texture": "#0"},
				"up": {"uv": [2.75, 0, 0, 0], "texture": "#0"},
				"down": {"uv": [2.75, 0, 0, 0], "texture": "#0"}
			}
		},
		{
			"name": "torso",
			"from": [2.5, 3, 5],
			"to": [2.5, 4, 17],
			"rotation": {"angle": 0, "axis": "y", "origin": [8, 2.0045, 7.10355]},
			"faces": {
				"north": {"uv": [0, 0, 0, 0.25], "texture": "#0"},
				"east": {"uv": [9.75, 7.75, 12.75, 8], "texture": "#0"},
				"south": {"uv": [0, 0, 0, 0.25], "texture": "#0"},
				"west": {"uv": [9.75, 8, 12.75, 8.25], "texture": "#0"},
				"up": {"uv": [0, 3, 0, 0], "texture": "#0"},
				"down": {"uv": [0, 0, 0, 3], "texture": "#0"}
			}
		},
		{
			"name": "torso",
			"from": [13.5, 3, 5],
			"to": [13.5, 4, 17],
			"rotation": {"angle": 0, "axis": "y", "origin": [8, 2.0045, 7.10355]},
			"faces": {
				"north": {"uv": [0, 0, 0, 0.25], "texture": "#0"},
				"east": {"uv": [10, 6.75, 13, 7], "texture": "#0"},
				"south": {"uv": [0, 0, 0, 0.25], "texture": "#0"},
				"west": {"uv": [10, 8.25, 13, 8.5], "texture": "#0"},
				"up": {"uv": [0, 3, 0, 0], "texture": "#0"},
				"down": {"uv": [0, 0, 0, 3], "texture": "#0"}
			}
		},
		{
			"name": "torso",
			"from": [11.5, 3, 5],
			"to": [13.5, 4, 5],
			"rotation": {"angle": 0, "axis": "y", "origin": [8, 2.0045, 7.10355]},
			"faces": {
				"north": {"uv": [5.5, 2.5, 6, 2.75], "texture": "#0"},
				"east": {"uv": [0, 0, 0, 0.25], "texture": "#0"},
				"south": {"uv": [5.5, 2.75, 6, 3], "texture": "#0"},
				"west": {"uv": [0, 0, 0, 0.25], "texture": "#0"},
				"up": {"uv": [0.5, 0, 0, 0], "texture": "#0"},
				"down": {"uv": [0.5, 0, 0, 0], "texture": "#0"}
			}
		},
		{
			"name": "torso",
			"from": [2.5, 3, 5],
			"to": [4.5, 4, 5],
			"rotation": {"angle": 0, "axis": "y", "origin": [8, 2.0045, 7.10355]},
			"faces": {
				"north": {"uv": [6, 2.5, 6.5, 2.75], "texture": "#0"},
				"east": {"uv": [0, 0, 0, 0.25], "texture": "#0"},
				"south": {"uv": [6, 2.75, 6.5, 3], "texture": "#0"},
				"west": {"uv": [0, 0, 0, 0.25], "texture": "#0"},
				"up": {"uv": [0.5, 0, 0, 0], "texture": "#0"},
				"down": {"uv": [0.5, 0, 0, 0], "texture": "#0"}
			}
		},
		{
			"name": "left_leg",
			"from": [-0.66282, 0.009, 12.99603],
			"to": [4.33718, 3.009, 15.99603],
			"rotation": {"angle": 22.5, "axis": "y", "origin": [4.33718, 1.009, 14.49603]},
			"faces": {
				"north": {"uv": [6.25, 8.75, 7.5, 9.5], "texture": "#0"},
				"east": {"uv": [3.25, 8.5, 4, 9.25], "texture": "#0"},
				"south": {"uv": [8.75, 6.25, 10, 7], "texture": "#0"},
				"west": {"uv": [2.5, 9.75, 3.25, 10.5], "texture": "#0"},
				"up": {"uv": [10, 9, 8.75, 8.25], "texture": "#0"},
				"down": {"uv": [1.25, 9, 0, 9.75], "texture": "#0"}
			}
		},
		{
			"name": "left_leg",
			"from": [-0.54645, 0.009, 6.68436],
			"to": [4.45355, 3.009, 9.68436],
			"rotation": {"angle": -22.5, "axis": "y", "origin": [8, 2.0045, 7.10355]},
			"faces": {
				"north": {"uv": [9, 0, 10.25, 0.75], "texture": "#0"},
				"east": {"uv": [10, 9, 10.75, 9.75], "texture": "#0"},
				"south": {"uv": [9, 0.75, 10.25, 1.5], "texture": "#0"},
				"west": {"uv": [10.25, 0, 11, 0.75], "texture": "#0"},
				"up": {"uv": [2.5, 9.75, 1.25, 9], "texture": "#0"},
				"down": {"uv": [10.25, 1.5, 9, 2.25], "texture": "#0"}
			}
		},
		{
			"name": "left_leg",
			"from": [-1.03053, 0.009, 8.98373],
			"to": [3.96947, 3.009, 11.98373],
			"rotation": {"angle": 0, "axis": "y", "origin": [0.46947, 1.509, 9.48373]},
			"faces": {
				"north": {"uv": [8.75, 9, 10, 9.75], "texture": "#0"},
				"east": {"uv": [10.25, 0.75, 11, 1.5], "texture": "#0"},
				"south": {"uv": [9.25, 3.75, 10.5, 4.5], "texture": "#0"},
				"west": {"uv": [10.25, 1.5, 11, 2.25], "texture": "#0"},
				"up": {"uv": [10.5, 5.25, 9.25, 4.5], "texture": "#0"},
				"down": {"uv": [4.5, 9.5, 3.25, 10.25], "texture": "#0"}
			}
		},
		{
			"name": "right_leg",
			"from": [11.66282, 0.009, 12.99603],
			"to": [16.66282, 3.009, 15.99603],
			"rotation": {"angle": -22.5, "axis": "y", "origin": [11.66282, 1.009, 14.49603]},
			"faces": {
				"north": {"uv": [4.5, 9.5, 5.75, 10.25], "texture": "#0"},
				"east": {"uv": [3.25, 10.25, 4, 11], "texture": "#0"},
				"south": {"uv": [9.5, 5.25, 10.75, 6], "texture": "#0"},
				"west": {"uv": [4, 10.25, 4.75, 11], "texture": "#0"},
				"up": {"uv": [7, 10.25, 5.75, 9.5], "texture": "#0"},
				"down": {"uv": [8.25, 9.5, 7, 10.25], "texture": "#0"}
			}
		},
		{
			"name": "right_leg",
			"from": [12.03053, 0.009, 8.98373],
			"to": [17.03053, 3.009, 11.98373],
			"rotation": {"angle": 0, "axis": "y", "origin": [15.53053, 1.509, 9.48373]},
			"faces": {
				"north": {"uv": [0, 9.75, 1.25, 10.5], "texture": "#0"},
				"east": {"uv": [4.75, 10.25, 5.5, 11], "texture": "#0"},
				"south": {"uv": [1.25, 9.75, 2.5, 10.5], "texture": "#0"},
				"west": {"uv": [5.5, 10.25, 6.25, 11], "texture": "#0"},
				"up": {"uv": [11, 3, 9.75, 2.25], "texture": "#0"},
				"down": {"uv": [11, 3, 9.75, 3.75], "texture": "#0"}
			}
		},
		{
			"name": "right_leg",
			"from": [11.54645, 0.009, 6.68436],
			"to": [16.54645, 3.009, 9.68436],
			"rotation": {"angle": 22.5, "axis": "y", "origin": [8, 2.0045, 7.10355]},
			"faces": {
				"north": {"uv": [9.75, 7, 11, 7.75], "texture": "#0"},
				"east": {"uv": [6.25, 10.25, 7, 11], "texture": "#0"},
				"south": {"uv": [8.25, 9.75, 9.5, 10.5], "texture": "#0"},
				"west": {"uv": [7, 10.25, 7.75, 11], "texture": "#0"},
				"up": {"uv": [10.75, 10.5, 9.5, 9.75], "texture": "#0"},
				"down": {"uv": [11.25, 6, 10, 6.75], "texture": "#0"}
			}
		}
	],
	"display": {
		"thirdperson_righthand": {
			"rotation": [2, 138, 0],
			"translation": [0, 5.75, 1.25],
			"scale": [0.86, 0.86, 0.86]
		},
		"thirdperson_lefthand": {
			"rotation": [2, 132, 0],
			"translation": [0, 5.75, 1.25],
			"scale": [0.86, 0.86, 0.86]
		},
		"firstperson_righthand": {
			"rotation": [0, 109, 5],
			"translation": [1.75, 7, 0],
			"scale": [0.92, 0.92, 0.92]
		},
		"firstperson_lefthand": {
			"rotation": [0, 109, 5],
			"translation": [1.75, 7, 0],
			"scale": [0.92, 0.92, 0.92]
		},
		"ground": {
			"translation": [0, 3.5, 0],
			"scale": [0.65, 0.65, 0.65]
		},
		"gui": {
			"rotation": [25, 151, 0],
			"translation": [0.25, 4, 0],
			"scale": [0.93, 0.93, 0.93]
		},
		"head": {
			"translation": [0, 14.4, 0]
		},
		"fixed": {
			"translation": [0, 8, 0],
			"scale": [1.7, 1.7, 1.7]
		}
	},
	"groups": [
		{
			"name": "nm_plushie_sniffer",
			"origin": [8, 8, 8],
			"color": 0,
			"children": [0, 1, 2, 3, 4, 5, 6, 7, 8, 9, 10, 11, 12, 13, 14, 15, 16]
		}
	]
}