{
	"credit": "Made by Nog's Menagerie",
	"texture_size": [32, 32],
	"render_type": "minecraft:cutout",
	"textures": {
		"0": "item/plushies/plushie_spider",
		"particle": "item/plushies/plushie_spider"
	},
	"elements": [
		{
			"name": "torso",
			"from": [5, 0, 8.25],
			"to": [11, 4, 14.25],
			"rotation": {"angle": 0, "axis": "y", "origin": [8, 2.0045, 8.85355]},
			"faces": {
				"north": {"uv": [3, 0, 6, 2], "texture": "#0"},
				"east": {"uv": [3, 2, 6, 4], "texture": "#0"},
				"south": {"uv": [3, 4, 6, 6], "texture": "#0"},
				"west": {"uv": [0, 6, 3, 8], "texture": "#0"},
				"up": {"uv": [3, 3, 0, 0], "texture": "#0"},
				"down": {"uv": [3, 3, 0, 6], "texture": "#0"}
			}
		},
		{
			"name": "torso",
			"from": [5.75, 0, 2.25],
			"to": [10.25, 4, 6.25],
			"rotation": {"angle": 0, "axis": "y", "origin": [8, 2.0045, 8.85355]},
			"faces": {
				"north": {"uv": [6, 0, 8.5, 2], "texture": "#0"},
				"east": {"uv": [5.5, 6, 7.5, 8], "texture": "#0"},
				"south": {"uv": [6, 2, 8.5, 4], "texture": "#0"},
				"west": {"uv": [7.5, 6, 9.5, 8], "texture": "#0"},
				"up": {"uv": [5.5, 8, 3, 6], "texture": "#0"},
				"down": {"uv": [8.5, 4, 6, 6], "texture": "#0"}
			}
		},
		{
			"name": "torso",
			"from": [6, 0, 6.25],
			"to": [10, 3, 8.25],
			"rotation": {"angle": 0, "axis": "y", "origin": [8, 2.0045, 8.85355]},
			"faces": {
				"north": {"uv": [0, 8, 2, 9.5], "texture": "#0"},
				"east": {"uv": [8, 8, 9, 9.5], "texture": "#0"},
				"south": {"uv": [2, 8, 4, 9.5], "texture": "#0"},
				"west": {"uv": [8.5, 0, 9.5, 1.5], "texture": "#0"},
				"up": {"uv": [6, 9, 4, 8], "texture": "#0"},
				"down": {"uv": [8, 8, 6, 9], "texture": "#0"}
			}
		},
		{
			"name": "legs",
			"from": [6.11261, 0.01, 1.42298],
			"to": [7.11261, 1.01, 6.17298],
			"rotation": {"angle": 45, "axis": "y", "origin": [6.86261, 1.01, 6.82298]},
			"faces": {
				"north": {"uv": [3.5, 10, 4, 10.5], "texture": "#0"},
				"east": {"uv": [9.5, 1, 12, 1.5], "texture": "#0"},
				"south": {"uv": [4, 10, 4.5, 10.5], "texture": "#0"},
				"west": {"uv": [3, 9.5, 5.5, 10], "texture": "#0"},
				"up": {"uv": [7.5, 11.5, 7, 9], "texture": "#0"},
				"down": {"uv": [8, 9, 7.5, 11.5], "texture": "#0"}
			}
		},
		{
			"name": "legs",
			"from": [1.9799, 0.011, 5.86348],
			"to": [7.7299, 1.011, 6.86348],
			"rotation": {"angle": -22.5, "axis": "y", "origin": [4.1049, 0.635, 4.13848]},
			"faces": {
				"north": {"uv": [8.5, 1.5, 11.5, 2], "texture": "#0"},
				"east": {"uv": [4.5, 10, 5, 10.5], "texture": "#0"},
				"south": {"uv": [8.5, 2, 11.5, 2.5], "texture": "#0"},
				"west": {"uv": [5, 10, 5.5, 10.5], "texture": "#0"},
				"up": {"uv": [11.5, 3, 8.5, 2.5], "texture": "#0"},
				"down": {"uv": [11.5, 3, 8.5, 3.5], "texture": "#0"}
			}
		},
		{
			"name": "legs",
			"from": [1.02193, 0.012, 8.37734],
			"to": [6.77193, 1.012, 9.37734],
			"rotation": {"angle": 22.5, "axis": "y", "origin": [3.39693, 0.635, 9.00234]},
			"faces": {
				"north": {"uv": [8.5, 3.5, 11.5, 4], "texture": "#0"},
				"east": {"uv": [9.5, 10, 10, 10.5], "texture": "#0"},
				"south": {"uv": [8.5, 4, 11.5, 4.5], "texture": "#0"},
				"west": {"uv": [10, 10, 10.5, 10.5], "texture": "#0"},
				"up": {"uv": [11.5, 5, 8.5, 4.5], "texture": "#0"},
				"down": {"uv": [11.5, 5, 8.5, 5.5], "texture": "#0"}
			}
		},
		{
			"name": "legs",
			"from": [3.33345, 0.01, 8.48296],
			"to": [4.33345, 1.01, 13.23296],
			"rotation": {"angle": -45, "axis": "y", "origin": [4.45845, 0.635, 10.60796]},
			"faces": {
				"north": {"uv": [8.5, 10, 9, 10.5], "texture": "#0"},
				"east": {"uv": [9.5, 6, 12, 6.5], "texture": "#0"},
				"south": {"uv": [9, 10, 9.5, 10.5], "texture": "#0"},
				"west": {"uv": [9.5, 6.5, 12, 7], "texture": "#0"},
				"up": {"uv": [6, 12, 5.5, 9.5], "texture": "#0"},
				"down": {"uv": [6.5, 9.5, 6, 12], "texture": "#0"}
			}
		},
		{
			"name": "legs",
			"from": [8.88739, 0.01, 1.42298],
			"to": [9.88739, 1.01, 6.17298],
			"rotation": {"angle": -45, "axis": "y", "origin": [9.13739, 1.01, 6.82298]},
			"faces": {
				"north": {"uv": [0, 10.5, 0.5, 11], "texture": "#0"},
				"east": {"uv": [9.5, 7, 12, 7.5], "texture": "#0"},
				"south": {"uv": [0.5, 10.5, 1, 11], "texture": "#0"},
				"west": {"uv": [9.5, 7.5, 12, 8], "texture": "#0"},
				"up": {"uv": [7, 12, 6.5, 9.5], "texture": "#0"},
				"down": {"uv": [8.5, 9.5, 8, 12], "texture": "#0"}
			}
		},
		{
			"name": "legs",
			"from": [8.2701, 0.011, 5.86348],
			"to": [14.0201, 1.011, 6.86348],
			"rotation": {"angle": 22.5, "axis": "y", "origin": [11.8951, 0.635, 4.13848]},
			"faces": {
				"north": {"uv": [8.5, 5.5, 11.5, 6], "texture": "#0"},
				"east": {"uv": [1, 10.5, 1.5, 11], "texture": "#0"},
				"south": {"uv": [4, 9, 7, 9.5], "texture": "#0"},
				"west": {"uv": [1.5, 10.5, 2, 11], "texture": "#0"},
				"up": {"uv": [12, 8.5, 9, 8], "texture": "#0"},
				"down": {"uv": [12, 8.5, 9, 9], "texture": "#0"}
			}
		},
		{
			"name": "legs",
			"from": [11.66655, 0.01, 8.48296],
			"to": [12.66655, 1.01, 13.23296],
			"rotation": {"angle": 45, "axis": "y", "origin": [11.54155, 0.635, 10.60796]},
			"faces": {
				"north": {"uv": [2, 10.5, 2.5, 11], "texture": "#0"},
				"east": {"uv": [8.5, 9.5, 11, 10], "texture": "#0"},
				"south": {"uv": [3.5, 10.5, 4, 11], "texture": "#0"},
				"west": {"uv": [0, 10, 2.5, 10.5], "texture": "#0"},
				"up": {"uv": [3, 12.5, 2.5, 10], "texture": "#0"},
				"down": {"uv": [3.5, 10, 3, 12.5], "texture": "#0"}
			}
		},
		{
			"name": "legs",
			"from": [9.22807, 0.012, 8.37734],
			"to": [14.97807, 1.012, 9.37734],
			"rotation": {"angle": -22.5, "axis": "y", "origin": [12.60307, 0.635, 9.00234]},
			"faces": {
				"north": {"uv": [9, 9, 12, 9.5], "texture": "#0"},
				"east": {"uv": [4, 10.5, 4.5, 11], "texture": "#0"},
				"south": {"uv": [0, 9.5, 3, 10], "texture": "#0"},
				"west": {"uv": [4.5, 10.5, 5, 11], "texture": "#0"},
				"up": {"uv": [12.5, 0.5, 9.5, 0], "texture": "#0"},
				"down": {"uv": [12.5, 0.5, 9.5, 1], "texture": "#0"}
			}
		}
	],
	"display": {
		"thirdperson_righthand": {
			"rotation": [2, 138, 0],
			"translation": [0, 5.75, 1.25],
			"scale": [0.86, 0.86, 0.86]
		},
		"thirdperson_lefthand": {
			"rotation": [2, 132, 0],
			"translation": [0, 5.75, 1.25],
			"scale": [0.86, 0.86, 0.86]
		},
		"firstperson_righthand": {
			"rotation": [0, 109, 5],
			"translation": [1.75, 7, 0],
			"scale": [0.92, 0.92, 0.92]
		},
		"firstperson_lefthand": {
			"rotation": [0, 109, 5],
			"translation": [1.75, 7, 0],
			"scale": [0.92, 0.92, 0.92]
		},
		"ground": {
			"translation": [0, 3.5, 0],
			"scale": [0.65, 0.65, 0.65]
		},
		"gui": {
			"rotation": [25, 151, 0],
			"translation": [0.25, 4, 0],
			"scale": [0.93, 0.93, 0.93]
		},
		"head": {
			"translation": [0, 14.4, 0]
		},
		"fixed": {
			"rotation": [-90, 0, 0],
			"translation": [0, 0, -13.75],
			"scale": [1.7, 1.7, 1.7]
		}
	},
	"groups": [
		{
			"name": "nm_plushie_spider",
			"origin": [8, 8, 8],
			"color": 0,
			"children": [
				0,
				1,
				2,
				{
					"name": "group",
					"origin": [12.60307, 0.635, 9.00234],
					"color": 0,
					"children": [3, 4, 5, 6, 7, 8, 9, 10]
				}
			]
		}
	]
}