{
	"credit": "Made by Nog's Menagerie",
	"texture_size": [64, 64],
	"render_type": "minecraft:cutout",
	"textures": {
		"0": "item/plushies/plushie_peter_texture",
		"particle": "item/plushies/plushie_peter_texture"
	},
	"elements": [
		{
			"name": "torso",
			"from": [3.5, 0, 5.25],
			"to": [12.5, 9, 12.25],
			"rotation": {"angle": 0, "axis": "y", "origin": [8, 2.0045, 8.85355]},
			"faces": {
				"north": {"uv": [0, 0, 2.25, 2.25], "texture": "#0"},
				"east": {"uv": [2.25, 0, 4, 2.25], "texture": "#0"},
				"south": {"uv": [0, 2.25, 2.25, 4.5], "texture": "#0"},
				"west": {"uv": [2.25, 2.25, 4, 4.5], "texture": "#0"},
				"up": {"uv": [6.25, 1.75, 4, 0], "texture": "#0"},
				"down": {"uv": [6.25, 1.75, 4, 3.5], "texture": "#0"}
			}
		},
		{
			"name": "head",
			"from": [4.5, 7.85, 4.1],
			"to": [11.5, 15.85, 11.1],
			"rotation": {"angle": -22.5, "axis": "x", "origin": [8, 7.75, 8.25]},
			"faces": {
				"north": {"uv": [4, 3.5, 5.75, 5.5], "texture": "#0"},
				"east": {"uv": [0, 4.5, 1.75, 6.5], "texture": "#0"},
				"south": {"uv": [1.75, 4.5, 3.5, 6.5], "texture": "#0"},
				"west": {"uv": [3.5, 5.5, 5.25, 7.5], "texture": "#0"},
				"up": {"uv": [7, 7.25, 5.25, 5.5], "texture": "#0"},
				"down": {"uv": [7.5, 3.5, 5.75, 5.25], "texture": "#0"}
			}
		},
		{
			"name": "head",
			"from": [4, 9.35, 3.6],
			"to": [12, 12.35, 3.6],
			"rotation": {"angle": -22.5, "axis": "x", "origin": [8, 7.75, 8.25]},
			"faces": {
				"north": {"uv": [6.25, 0, 8.25, 0.75], "texture": "#0"},
				"east": {"uv": [0, 0, 0, 0.75], "texture": "#0"},
				"south": {"uv": [6.25, 0.75, 8.25, 1.5], "texture": "#0"},
				"west": {"uv": [0, 0, 0, 0.75], "texture": "#0"},
				"up": {"uv": [2, 0, 0, 0], "texture": "#0"},
				"down": {"uv": [2, 0, 0, 0], "texture": "#0"}
			}
		},
		{
			"name": "head",
			"from": [12, 10.35, 3.6],
			"to": [12, 12.35, 7.6],
			"rotation": {"angle": -22.5, "axis": "x", "origin": [8, 7.75, 8.25]},
			"faces": {
				"north": {"uv": [0, 0, 0, 0.5], "texture": "#0"},
				"east": {"uv": [7.75, 7.25, 8.75, 7.75], "texture": "#0"},
				"south": {"uv": [0, 0, 0, 0.5], "texture": "#0"},
				"west": {"uv": [7.5, 7.75, 8.5, 8.25], "texture": "#0"},
				"up": {"uv": [0, 1, 0, 0], "texture": "#0"},
				"down": {"uv": [0, 0, 0, 1], "texture": "#0"}
			}
		},
		{
			"name": "head",
			"from": [4, 10.35, 3.6],
			"to": [4, 12.35, 7.6],
			"rotation": {"angle": -22.5, "axis": "x", "origin": [8, 7.75, 8.25]},
			"faces": {
				"north": {"uv": [0, 0, 0, 0.5], "texture": "#0"},
				"east": {"uv": [7.75, 2.25, 8.75, 2.75], "texture": "#0"},
				"south": {"uv": [0, 0, 0, 0.5], "texture": "#0"},
				"west": {"uv": [7.75, 6.75, 8.75, 7.25], "texture": "#0"},
				"up": {"uv": [0, 1, 0, 0], "texture": "#0"},
				"down": {"uv": [0, 0, 0, 1], "texture": "#0"}
			}
		},
		{
			"name": "head",
			"from": [7, 6.85, 2.1],
			"to": [9, 10.85, 4.1],
			"rotation": {"angle": -22.5, "axis": "x", "origin": [8, 7.75, 8.25]},
			"faces": {
				"north": {"uv": [3.5, 4.5, 4, 5.5], "texture": "#0"},
				"east": {"uv": [3, 6.5, 3.5, 7.5], "texture": "#0"},
				"south": {"uv": [4.75, 7.5, 5.25, 8.5], "texture": "#0"},
				"west": {"uv": [8.25, 0, 8.75, 1], "texture": "#0"},
				"up": {"uv": [8.75, 1.5, 8.25, 1], "texture": "#0"},
				"down": {"uv": [8.75, 2.75, 8.25, 3.25], "texture": "#0"}
			}
		},
		{
			"name": "right_arm",
			"from": [12.33187, 0.99074, 7.25],
			"to": [15.33187, 5.99074, 10.25],
			"rotation": {"angle": 45, "axis": "z", "origin": [10.83187, 3.74074, 9.25]},
			"faces": {
				"north": {"uv": [6.25, 1.5, 7, 2.75], "texture": "#0"},
				"east": {"uv": [0, 6.5, 0.75, 7.75], "texture": "#0"},
				"south": {"uv": [0.75, 6.5, 1.5, 7.75], "texture": "#0"},
				"west": {"uv": [1.5, 6.5, 2.25, 7.75], "texture": "#0"},
				"up": {"uv": [0.75, 8.5, 0, 7.75], "texture": "#0"},
				"down": {"uv": [1.5, 7.75, 0.75, 8.5], "texture": "#0"}
			}
		},
		{
			"name": "right_leg",
			"from": [8.775, 0.01, 1.25],
			"to": [11.775, 3.01, 5.25],
			"rotation": {"angle": -22.5, "axis": "y", "origin": [8, 0.01, 6.25]},
			"faces": {
				"north": {"uv": [1.5, 7.75, 2.25, 8.5], "texture": "#0"},
				"east": {"uv": [6.25, 2.75, 7.25, 3.5], "texture": "#0"},
				"south": {"uv": [7.75, 1.5, 8.5, 2.25], "texture": "#0"},
				"west": {"uv": [7.25, 2.75, 8.25, 3.5], "texture": "#0"},
				"up": {"uv": [6, 8.25, 5.25, 7.25], "texture": "#0"},
				"down": {"uv": [6.75, 7.25, 6, 8.25], "texture": "#0"}
			}
		},
		{
			"name": "left_leg",
			"from": [4.225, 0.01, 1.25],
			"to": [7.225, 3.01, 5.25],
			"rotation": {"angle": 22.5, "axis": "y", "origin": [8, 0.01, 6.25]},
			"faces": {
				"north": {"uv": [2.25, 7.75, 3, 8.5], "texture": "#0"},
				"east": {"uv": [3, 7.5, 4, 8.25], "texture": "#0"},
				"south": {"uv": [7.75, 5.25, 8.5, 6], "texture": "#0"},
				"west": {"uv": [7.5, 3.5, 8.5, 4.25], "texture": "#0"},
				"up": {"uv": [4.75, 8.5, 4, 7.5], "texture": "#0"},
				"down": {"uv": [8.25, 4.25, 7.5, 5.25], "texture": "#0"}
			}
		},
		{
			"name": "left_arm",
			"from": [0.66813, 0.99074, 7.25],
			"to": [3.66813, 5.99074, 10.25],
			"rotation": {"angle": -45, "axis": "z", "origin": [5.16813, 3.74074, 9.25]},
			"faces": {
				"north": {"uv": [2.25, 6.5, 3, 7.75], "texture": "#0"},
				"east": {"uv": [7, 1.5, 7.75, 2.75], "texture": "#0"},
				"south": {"uv": [7, 5.25, 7.75, 6.5], "texture": "#0"},
				"west": {"uv": [7, 6.5, 7.75, 7.75], "texture": "#0"},
				"up": {"uv": [8.5, 6.75, 7.75, 6], "texture": "#0"},
				"down": {"uv": [7.5, 7.75, 6.75, 8.5], "texture": "#0"}
			}
		}
	],
	"gui_light": "front",
	"display": {
		"thirdperson_righthand": {
			"rotation": [2, 138, 0],
			"translation": [0, 5.75, 1.25],
			"scale": [0.86, 0.86, 0.86]
		},
		"thirdperson_lefthand": {
			"rotation": [2, 132, 0],
			"translation": [0, 5.75, 1.25],
			"scale": [0.86, 0.86, 0.86]
		},
		"firstperson_righthand": {
			"rotation": [0, 109, 5],
			"translation": [1.75, 7, 0],
			"scale": [0.92, 0.92, 0.92]
		},
		"firstperson_lefthand": {
			"rotation": [0, 109, 5],
			"translation": [1.75, 7, 0],
			"scale": [0.92, 0.92, 0.92]
		},
		"ground": {
			"translation": [0, 3.5, 0],
			"scale": [0.65, 0.65, 0.65]
		},
		"gui": {
			"rotation": [25, 151, 0],
			"translation": [0.25, 4, 0],
			"scale": [0.93, 0.93, 0.93]
		},
		"head": {
			"translation": [0, 14.4, 0]
		},
		"fixed": {
			"rotation": [-90, 0, 0],
			"translation": [0, 0, -13.75],
			"scale": [1.7, 1.7, 1.7]
		}
	},
	"groups": [
		{
			"name": "base",
			"origin": [8, 8, 8],
			"color": 0,
			"children": [
				0,
				{
					"name": "group",
					"origin": [8, 7.5, 8.25],
					"color": 0,
					"children": [
						1,
						{
							"name": "group",
							"origin": [8, 7.75, 8.25],
							"color": 0,
							"children": [2, 3, 4]
						},
						5
					]
				},
				6,
				7,
				8,
				9
			]
		}
	]
}