{
	"format_version": "1.21.6",
	"credit": "Made by kraki4",
	"textures": {
		"0": "item/smokes/sigareta",
		"1": "item/smokes/smoke_2",
		"particle": "item/smokes/smoke_2"
	},
	"elements": [
		{
			"from": [8.5, 9, 0],
			"to": [9.5, 10, 4],
			"rotation": {"angle": -22.5, "axis": "y", "origin": [8.5, 7, 4]},
			"faces": {
				"north": {"uv": [5, 2, 6, 3], "texture": "#0"},
				"east": {"uv": [4, 2, 0, 3], "texture": "#0"},
				"south": {"uv": [4, 2, 5, 3], "texture": "#0"},
				"west": {"uv": [0, 2, 4, 3], "texture": "#0"},
				"up": {"uv": [0, 3, 4, 4], "rotation": 90, "texture": "#0"},
				"down": {"uv": [0, 2, 4, 3], "rotation": 270, "texture": "#0"}
			}
		},
		{
			"from": [9, 10, -3],
			"to": [9, 18, 5],
			"rotation": {"angle": -22.5, "axis": "y", "origin": [8.5, 7, 4]},
			"faces": {
				"north": {"uv": [0, 0, 1, 1], "texture": "#1"},
				"east": {"uv": [16, 0, 0, 16], "texture": "#1"},
				"south": {"uv": [4, 0, 5, 1], "texture": "#1"},
				"west": {"uv": [0, 0, 16, 16], "texture": "#1"},
				"up": {"uv": [0, 0, 4, 1], "rotation": 90, "texture": "#1"},
				"down": {"uv": [0, 0, 4, 1], "rotation": 270, "texture": "#1"}
			}
		}
	],
	"display": {
		"thirdperson_righthand": {
			"rotation": [18, 41, 0],
			"translation": [2.5, -2.5, 4.25]
		},
		"thirdperson_lefthand": {
			"rotation": [18, -10, 0],
			"translation": [0.25, -2.75, 4.75]
		},
		"firstperson_righthand": {
			"rotation": [11, 21.5, 4],
			"translation": [0, -1, 6.5]
		},
		"firstperson_lefthand": {
			"rotation": [11, 21.5, 4],
			"translation": [1.5, -0.5, 6]
		},
		"ground": {
			"translation": [-0.75, -3.75, 5.75]
		},
		"gui": {
			"rotation": [30, 157.5, 0],
			"translation": [6.25, -2.5, 0],
			"scale": [1.6, 1.6, 1.6]
		},
		"head": {
			"translation": [0, -4.25, 1.25],
			"scale": [1.9, 1.9, 1.9]
		},
		"fixed": {
			"rotation": [-90, 0, 0],
			"translation": [-1.5, 9.5, 1.5],
			"scale": [1.58, 1.58, 1.58]
		}
	},
	"groups": [
		{
			"name": "group",
			"origin": [16, 15, 5],
			"color": 0,
			"children": [0, 1]
		}
	]
}