{
	"parent": "item/paintings/template",
	"textures": {
		"back": "item/paintings/3x3/back"
	},
	},
	"display": {
		"thirdperson_righthand": {
			"rotation": [-180, 90, -180],
			"translation": [0, 2, -0.5],
			"scale": [0.16, 0.16, 0.16]
		},
		"thirdperson_lefthand": {
			"rotation": [-180, 90, -180],
			"translation": [0, 2, -0.5],
			"scale": [0.16, 0.16, 0.16]
		},
		"firstperson_righthand": {
			"rotation": [0, 180, 0],
			"translation": [9.5, 0.25, -8],
			"scale": [0.26, 0.26, 0.26]
		},
		"firstperson_lefthand": {
			"rotation": [0, -180, 0],
			"translation": [9.5, 0.25, -8],
			"scale": [0.26, 0.26, 0.26]
		},
		"ground": {
			"translation": [0, 3.5, 0],
			"scale": [0.19, 0.19, 0.19]
		},
		"gui": {
			"rotation": [-180, 0, -180],
			"scale": [0.28, 0.28, 0.28]
		},
		"head": {
			"rotation": [90, 0, 0],
			"translation": [0, 7.4, 0],
			"scale": [0.75, 0.75, 0.75]
		},
		"fixed": {
			"scale": [2, 2, 2]
		},
		"on_shelf": {
			"rotation": [0, -180, 0],
			"translation": [0.5, 0, -4],
			"scale": [0.28, 0.28, 0.28]
		}
	}
}