{
	"format_version": "1.21.6",
	"credit": "Made with Blockbench",
	"parent": "item/paintings/3x3/template",
	"texture_size": [192, 192],
	"textures": {
		"0": "item/paintings/3x3/turtle_bro_harry",
		"particle": "item/paintings/3x3/turtle_bro_harry",
		"back": "item/paintings/3x3/back"
	},
	"elements": [
		{
			"from": [32, -16, 8],
			"to": [-16, 32, 7],
			"rotation": {"angle": 0, "axis": "y", "origin": [16, 0, 8]},
			"faces": {
				"north": {"uv": [0, 0, 16, 16], "texture": "#back"},
				"east": {"uv": [15.91667, 0, 16, 16], "texture": "#0"},
				"south": {"uv": [0, 0, 16, 16], "texture": "#0"},
				"west": {"uv": [0, 0, 0.09722, 16], "texture": "#0"},
				"up": {"uv": [0, 0, 16, 0.09722], "texture": "#0"},
				"down": {"uv": [0, 15.91667, 16, 16], "texture": "#0"}
			}
		}
	],
	"display": {
		"thirdperson_righthand": {
			"rotation": [-180, 90, -180],
			"translation": [0, 2, -0.5],
			"scale": [0.16, 0.16, 0.16]
		},
		"thirdperson_lefthand": {
			"rotation": [-180, 90, -180],
			"translation": [0, 2, -0.5],
			"scale": [0.16, 0.16, 0.16]
		},
		"firstperson_righthand": {
			"rotation": [0, 180, 0],
			"translation": [9.5, 0.25, -8],
			"scale": [0.26, 0.26, 0.26]
		},
		"firstperson_lefthand": {
			"rotation": [0, -180, 0],
			"translation": [9.5, 0.25, -8],
			"scale": [0.26, 0.26, 0.26]
		},
		"ground": {
			"translation": [0, 3.5, 0],
			"scale": [0.19, 0.19, 0.19]
		},
		"gui": {
			"rotation": [-180, 0, -180],
			"scale": [0.28, 0.28, 0.28]
		},
		"head": {
			"rotation": [90, 0, 0],
			"translation": [0, 7.4, 0],
			"scale": [0.75, 0.75, 0.75]
		},
		"fixed": {
			"scale": [2, 2, 2]
		},
		"on_shelf": {
			"rotation": [0, -180, 0],
			"translation": [0.5, 0, -4],
			"scale": [0.28, 0.28, 0.28]
		}
	}
}