{
	"credit": "Created by Mickey Joe Alpha - http://YouTube.com/@MushirMickeyJoe",
	"textures": {
		"particle": "item/weapons/netherite_sword/lightsabers/bamfsaber"
	},
	"elements": [
		{
			"from": [7.975, 5, 7.5],
			"to": [8.025, 26, 8.5],
			"light_emission": 15,
			"rotation": {"angle": 0, "axis": "y", "origin": [6.5, 5, 7.5]},
			"faces": {
				"east": {"uv": [0, 0, 1, 1], "texture": "#particle"},
				"west": {"uv": [0, 0, 1, 1], "texture": "#particle"}
			}
		},
		{
			"from": [8, 5, 7.4],
			"to": [8, 26.1, 8.6],
			"light_emission": 15,
			"rotation": {"angle": 0, "axis": "y", "origin": [6.5, 5, 7.5]},
			"faces": {
				"east": {"uv": [0, 1, 1, 2], "texture": "#particle"},
				"west": {"uv": [0, 1, 1, 2], "texture": "#particle"}
			}
		},
		{
			"from": [9, 27, 9],
			"to": [7, 5, 7],
			"light_emission": 15,
			"rotation": {"angle": 0, "axis": "y", "origin": [9.5, 23, 8.5]},
			"faces": {
				"north": {"uv": [1, 0, 2, 1], "texture": "#particle"},
				"east": {"uv": [1, 0, 2, 1], "texture": "#particle"},
				"south": {"uv": [1, 0, 2, 1], "texture": "#particle"},
				"west": {"uv": [1, 0, 2, 1], "texture": "#particle"},
				"up": {"uv": [1, 0, 5, 4], "texture": "#particle"},
				"down": {"uv": [1, 0, 2, 1], "texture": "#particle"}
			}
		},
		{
			"from": [10, 28, 10],
			"to": [6, 4, 6],
			"light_emission": 15,
			"rotation": {"angle": 0, "axis": "y", "origin": [9.5, 23, 8.5]},
			"faces": {
				"north": {"uv": [5, 0, 6, 1], "texture": "#particle"},
				"east": {"uv": [5, 0, 6, 1], "texture": "#particle"},
				"south": {"uv": [5, 0, 6, 1], "texture": "#particle"},
				"west": {"uv": [5, 0, 6, 1], "texture": "#particle"},
				"down": {"uv": [5, 0, 6, 1], "texture": "#particle"}
			}
		},
		{
			"from": [7, -6, 7],
			"to": [9, 5, 9],
			"rotation": {"angle": 0, "axis": "y", "origin": [7, -6, 7]},
			"faces": {
				"north": {"uv": [2, 5, 4, 16], "texture": "#particle"},
				"east": {"uv": [0, 5, 2, 16], "texture": "#particle"},
				"south": {"uv": [6, 5, 8, 16], "texture": "#particle"},
				"west": {"uv": [4, 5, 6, 16], "texture": "#particle"},
				"down": {"uv": [7, 3, 5, 5], "texture": "#particle"}
			}
		},
		{
			"from": [6.5, -3, 6.5],
			"to": [9.5, 4, 9.5],
			"rotation": {"angle": 0, "axis": "y", "origin": [7.5, -6, 7.5]},
			"faces": {
				"north": {"uv": [10, 9, 13, 16], "texture": "#particle"},
				"east": {"uv": [13, 9, 16, 16], "texture": "#particle"},
				"south": {"uv": [13, 2, 16, 9], "texture": "#particle"},
				"west": {"uv": [13, 9, 16, 16], "texture": "#particle"}
			}
		},
		{
			"from": [9.5, 4, 9.5],
			"to": [6.5, -3, 6.5],
			"rotation": {"angle": 0, "axis": "y", "origin": [10.5, 1, 10.5]},
			"faces": {
				"north": {"uv": [13, 16, 16, 9], "texture": "#particle"},
				"east": {"uv": [13, 16, 16, 9], "texture": "#particle"},
				"south": {"uv": [13, 16, 16, 9], "texture": "#particle"},
				"west": {"uv": [13, 16, 16, 9], "texture": "#particle"}
			}
		}
	],
	"gui_light": "front",
	"display": {
		"thirdperson_righthand": {
			"translation": [0, 4.45, 1.75]
		},
		"thirdperson_lefthand": {
			"translation": [0, 4.45, 1.75]
		},
		"firstperson_righthand": {
			"rotation": [1, 27, -6],
			"translation": [2.13, 4.2, 1.13],
			"scale": [0.68, 0.68, 0.68]
		},
		"firstperson_lefthand": {
			"rotation": [1, 27, -6],
			"translation": [2.13, 4.2, 1.13],
			"scale": [0.68, 0.68, 0.68]
		},
		"ground": {
			"rotation": [40, 0, 0],
			"translation": [0, 6.25, -0.25],
			"scale": [0.5, 0.5, 0.5]
		},
		"gui": {
			"rotation": [126, 38, -116],
			"translation": [-1, -1.1, 2],
			"scale": [0.65, 0.65, 0.65]
		},
		"head": {
			"rotation": [-93, -180, 0],
			"translation": [0, -5, -19.25],
			"scale": [2, 2, 2]
		},
		"fixed": {
			"rotation": [90, -45, 90],
			"translation": [1.5, -1.75, -1.25]
		}
	}
}