{
	"credit": "Made with Blockbench",
	"parent": "oak_desktop_corner",
	"texture_size": [128, 128],
	"textures": {
		"5": "plushie_station"
	},
	"elements": [
		{
			"from": [-14, 0, 13],
			"to": [-12, 14, 15],
			"rotation": {"angle": 0, "axis": "y", "origin": [9, 0, -8]},
			"faces": {
				"north": {"uv": [4.25, 6, 4.5, 7.75], "texture": "#5"},
				"east": {"uv": [4.5, 6, 4.75, 7.75], "texture": "#5"},
				"south": {"uv": [4.75, 6, 5, 7.75], "texture": "#5"},
				"west": {"uv": [5, 6, 5.25, 7.75], "texture": "#5"},
				"up": {"uv": [1.5, 6.875, 1.25, 6.625], "texture": "#5"},
				"down": {"uv": [6.875, 1.25, 6.625, 1.5], "texture": "#5"}
			}
		},
		{
			"from": [14, 12, 3],
			"to": [16, 14, 13],
			"rotation": {"angle": 0, "axis": "y", "origin": [9, 0, -8]},
			"faces": {
				"north": {"uv": [0, 0, 0, 0], "texture": "#5"},
				"east": {"uv": [5.875, 3.875, 7.125, 4.125], "texture": "#5"},
				"south": {"uv": [0, 0, 0, 0], "texture": "#5"},
				"west": {"uv": [6.5, 5, 7.75, 5.25], "texture": "#5"},
				"up": {"uv": [0, 0, 0, 0], "rotation": 90, "texture": "#5"},
				"down": {"uv": [6.5, 6.5, 6.25, 7.75], "texture": "#5"}
			}
		},
		{
			"from": [14, 2, 3],
			"to": [16, 4, 13],
			"rotation": {"angle": 0, "axis": "y", "origin": [9, 0, -8]},
			"faces": {
				"north": {"uv": [0, 0, 0, 0], "texture": "#5"},
				"east": {"uv": [6.5, 5.25, 7.75, 5.5], "texture": "#5"},
				"south": {"uv": [0, 0, 0, 0], "texture": "#5"},
				"west": {"uv": [6.5, 5.5, 7.75, 5.75], "texture": "#5"},
				"up": {"uv": [6.75, 7.75, 6.5, 6.5], "texture": "#5"},
				"down": {"uv": [0.25, 6.625, 0, 7.875], "texture": "#5"}
			}
		},
		{
			"from": [-14, 2, 3],
			"to": [-12, 4, 13],
			"rotation": {"angle": 0, "axis": "y", "origin": [-19, 0, -8]},
			"faces": {
				"north": {"uv": [0, 0, 0, 0], "texture": "#5"},
				"east": {"uv": [6.5, 5.25, 7.75, 5.5], "texture": "#5"},
				"south": {"uv": [0, 0, 0, 0], "texture": "#5"},
				"west": {"uv": [6.5, 5.5, 7.75, 5.75], "texture": "#5"},
				"up": {"uv": [6.75, 7.75, 6.5, 6.5], "texture": "#5"},
				"down": {"uv": [0.25, 6.625, 0, 7.875], "texture": "#5"}
			}
		},
		{
			"from": [-14, 12, 3],
			"to": [-12, 14, 13],
			"rotation": {"angle": 0, "axis": "y", "origin": [-7, 0, 24]},
			"faces": {
				"north": {"uv": [0, 0, 0, 0], "texture": "#5"},
				"east": {"uv": [6.5, 5, 7.75, 5.25], "texture": "#5"},
				"south": {"uv": [0, 0, 0, 0], "texture": "#5"},
				"west": {"uv": [5.875, 3.875, 7.125, 4.125], "texture": "#5"},
				"up": {"uv": [0, 0, 0, 0], "rotation": 90, "texture": "#5"},
				"down": {"uv": [0.5, 6.625, 0.25, 7.875], "texture": "#5"}
			}
		},
		{
			"from": [14, 0, 13],
			"to": [16, 14, 15],
			"rotation": {"angle": 0, "axis": "y", "origin": [9, 0, -8]},
			"faces": {
				"north": {"uv": [5.25, 6, 5.5, 7.75], "texture": "#5"},
				"east": {"uv": [5.5, 6, 5.75, 7.75], "texture": "#5"},
				"south": {"uv": [5.75, 6, 6, 7.75], "texture": "#5"},
				"west": {"uv": [6, 6, 6.25, 7.75], "texture": "#5"},
				"up": {"uv": [1.75, 6.875, 1.5, 6.625], "texture": "#5"},
				"down": {"uv": [6.875, 1.5, 6.625, 1.75], "texture": "#5"}
			}
		},
		{
			"from": [14, 0, 1],
			"to": [16, 14, 3],
			"rotation": {"angle": 0, "axis": "y", "origin": [9, 0, -20]},
			"faces": {
				"north": {"uv": [5.25, 6, 5.5, 7.75], "texture": "#5"},
				"east": {"uv": [5.5, 6, 5.75, 7.75], "texture": "#5"},
				"south": {"uv": [5.75, 6, 6, 7.75], "texture": "#5"},
				"west": {"uv": [6, 6, 6.25, 7.75], "texture": "#5"},
				"up": {"uv": [1.75, 6.875, 1.5, 6.625], "texture": "#5"},
				"down": {"uv": [6.875, 1.5, 6.625, 1.75], "texture": "#5"}
			}
		},
		{
			"from": [-14, 0, 1],
			"to": [-12, 14, 3],
			"rotation": {"angle": 0, "axis": "y", "origin": [9, 0, -20]},
			"faces": {
				"north": {"uv": [4.25, 6, 4.5, 7.75], "texture": "#5"},
				"east": {"uv": [4.5, 6, 4.75, 7.75], "texture": "#5"},
				"south": {"uv": [4.75, 6, 5, 7.75], "texture": "#5"},
				"west": {"uv": [5, 6, 5.25, 7.75], "texture": "#5"},
				"up": {"uv": [1.5, 6.875, 1.25, 6.625], "texture": "#5"},
				"down": {"uv": [6.875, 1.25, 6.625, 1.5], "texture": "#5"}
			}
		},
		{
			"from": [-15, 14, 0],
			"to": [17, 16, 16],
			"rotation": {"angle": 0, "axis": "y", "origin": [1, 0, -16]},
			"faces": {
				"north": {"uv": [1.875, 4, 5.875, 4.25], "texture": "#5"},
				"east": {"uv": [5.875, 1.75, 7.875, 2], "texture": "#5"},
				"south": {"uv": [4, 2.375, 8, 2.625], "texture": "#5"},
				"west": {"uv": [5.875, 2, 7.875, 2.25], "texture": "#5"},
				"up": {"uv": [4, 2, 0, 0], "texture": "#5"},
				"down": {"uv": [4, 2, 0, 4], "texture": "#5"}
			}
		},
		{
			"from": [-12, 12, 13],
			"to": [14, 14, 15],
			"rotation": {"angle": 0, "axis": "y", "origin": [9, 0, -8]},
			"faces": {
				"north": {"uv": [4, 3.625, 7.25, 3.875], "texture": "#5"},
				"east": {"uv": [0, 0, 0, 0], "texture": "#5"},
				"south": {"uv": [1.875, 4.25, 5.125, 4.5], "texture": "#5"},
				"west": {"uv": [0, 0, 0, 0], "texture": "#5"},
				"up": {"uv": [0, 0, 0, 0], "rotation": 180, "texture": "#5"},
				"down": {"uv": [5.125, 4.5, 1.875, 4.75], "texture": "#5"}
			}
		},
		{
			"from": [-12, 12, 13],
			"to": [14, 14, 15],
			"rotation": {"angle": 0, "axis": "y", "origin": [9, 0, -8]},
			"faces": {
				"north": {"uv": [5.125, 4.25, 8.375, 4.5], "texture": "#5"},
				"east": {"uv": [0, 0, 0, 0], "texture": "#5"},
				"south": {"uv": [5.125, 4.5, 8.375, 4.75], "texture": "#5"},
				"west": {"uv": [0, 0, 0, 0], "texture": "#5"},
				"up": {"uv": [0, 0, 0, 0], "rotation": 180, "texture": "#5"},
				"down": {"uv": [8.375, 4.75, 5.125, 5], "texture": "#5"}
			}
		},
		{
			"from": [-12, 12, 13],
			"to": [14, 14, 15],
			"rotation": {"angle": 0, "axis": "y", "origin": [9, 0, -8]},
			"faces": {
				"north": {"uv": [0, 5.25, 3.25, 5.5], "texture": "#5"},
				"east": {"uv": [0, 0, 0, 0], "texture": "#5"},
				"south": {"uv": [3.25, 5.25, 6.5, 5.5], "texture": "#5"},
				"west": {"uv": [0, 0, 0, 0], "texture": "#5"},
				"up": {"uv": [0, 0, 0, 0], "rotation": 180, "texture": "#5"},
				"down": {"uv": [3.25, 5.5, 0, 5.75], "texture": "#5"}
			}
		},
		{
			"from": [-12, 12, 1],
			"to": [14, 14, 3],
			"rotation": {"angle": 0, "axis": "y", "origin": [9, 0, -8]},
			"faces": {
				"north": {"uv": [1.875, 4.75, 5.125, 5], "texture": "#5"},
				"east": {"uv": [0, 0, 0, 0], "texture": "#5"},
				"south": {"uv": [0, 5, 3.25, 5.25], "texture": "#5"},
				"west": {"uv": [1.75, 6.625, 2, 6.875], "texture": "#5"},
				"up": {"uv": [0, 0, 0, 0], "rotation": 180, "texture": "#5"},
				"down": {"uv": [6.5, 5, 3.25, 5.25], "texture": "#5"}
			}
		},
		{
			"from": [-12, 2, 13],
			"to": [14, 4, 15],
			"rotation": {"angle": 0, "axis": "y", "origin": [9, 0, -8]},
			"faces": {
				"north": {"uv": [3.25, 5.5, 6.5, 5.75], "texture": "#5"},
				"east": {"uv": [0, 0, 0.25, 0.25], "texture": "#5"},
				"south": {"uv": [0, 5.75, 3.25, 6], "texture": "#5"},
				"west": {"uv": [0, 0, 0.25, 0.25], "texture": "#5"},
				"up": {"uv": [6.5, 6, 3.25, 5.75], "texture": "#5"},
				"down": {"uv": [9.125, 0, 5.875, 0.25], "texture": "#5"}
			}
		},
		{
			"from": [-12, 16, 7.5],
			"to": [3, 18, 14.5],
			"rotation": {"angle": 0, "axis": "y", "origin": [-12, 16, 3]},
			"faces": {
				"north": {"uv": [5.875, 2.625, 7.75, 2.875], "texture": "#5"},
				"east": {"uv": [6.5, 5.75, 7.375, 6], "texture": "#5"},
				"south": {"uv": [5.875, 2.875, 7.75, 3.125], "texture": "#5"},
				"west": {"uv": [6.625, 0.25, 7.5, 0.5], "texture": "#5"},
				"up": {"uv": [1.875, 4.875, 0, 4], "texture": "#5"},
				"down": {"uv": [5.875, 0, 4, 0.875], "texture": "#5"}
			}
		},
		{
			"from": [-12, 23, 8],
			"to": [3, 27, 14],
			"rotation": {"angle": 0, "axis": "y", "origin": [-12, 16, 3]},
			"faces": {
				"north": {"uv": [4, 2.625, 5.875, 3.125], "texture": "#5"},
				"east": {"uv": [5.875, 3.125, 6.625, 3.625], "texture": "#5"},
				"south": {"uv": [4, 3.125, 5.875, 3.625], "texture": "#5"},
				"west": {"uv": [6.25, 6, 7, 6.5], "texture": "#5"},
				"up": {"uv": [5.875, 1.625, 4, 0.875], "texture": "#5"},
				"down": {"uv": [5.875, 1.625, 4, 2.375], "texture": "#5"}
			}
		},
		{
			"from": [-12, 18, 8],
			"to": [-6, 23, 14],
			"rotation": {"angle": 0, "axis": "y", "origin": [-12, 16, 3]},
			"faces": {
				"north": {"uv": [0, 6, 0.75, 6.625], "texture": "#5"},
				"east": {"uv": [0.75, 6, 1.5, 6.625], "texture": "#5"},
				"south": {"uv": [1.5, 6, 2.25, 6.625], "texture": "#5"},
				"west": {"uv": [2.25, 6, 3, 6.625], "texture": "#5"},
				"up": {"uv": [6.625, 1, 5.875, 0.25], "texture": "#5"},
				"down": {"uv": [6.625, 1, 5.875, 1.75], "texture": "#5"}
			}
		},
		{
			"from": [-2, 21, 8],
			"to": [3, 23, 14],
			"rotation": {"angle": 0, "axis": "y", "origin": [-12, 16, 3]},
			"faces": {
				"north": {"uv": [6.625, 0.75, 7.25, 1], "texture": "#5"},
				"east": {"uv": [0.5, 6.625, 1.25, 6.875], "texture": "#5"},
				"south": {"uv": [6.625, 1, 7.25, 1.25], "texture": "#5"},
				"west": {"uv": [6.625, 0.5, 7.375, 0.75], "texture": "#5"},
				"up": {"uv": [3.625, 6.75, 3, 6], "texture": "#5"},
				"down": {"uv": [4.25, 6, 3.625, 6.75], "texture": "#5"}
			}
		},
		{
			"from": [-13, 23, 10],
			"to": [-12, 25, 12],
			"rotation": {"angle": 0, "axis": "y", "origin": [-12.5, 24, 11]},
			"faces": {
				"north": {"uv": [6.875, 1.5, 7, 1.75], "texture": "#5"},
				"east": {"uv": [2, 6.625, 2.25, 6.875], "texture": "#5"},
				"south": {"uv": [1.75, 6.875, 1.875, 7.125], "texture": "#5"},
				"west": {"uv": [2.25, 6.625, 2.5, 6.875], "texture": "#5"},
				"up": {"uv": [2, 7.125, 1.875, 6.875], "texture": "#5"},
				"down": {"uv": [2.125, 6.875, 2, 7.125], "texture": "#5"}
			}
		},
		{
			"from": [0, 18.4, 11],
			"to": [1, 22.4, 11],
			"rotation": {"angle": 0, "axis": "y", "origin": [0.5, 20.4, 11]},
			"faces": {
				"north": {"uv": [2.5, 6.625, 2.625, 7.125], "texture": "#5"},
				"east": {"uv": [0, 0, 0, 0.5], "texture": "#5"},
				"south": {"uv": [2.625, 6.625, 2.75, 7.125], "texture": "#5"},
				"west": {"uv": [0, 0, 0, 0.5], "texture": "#5"},
				"up": {"uv": [0.125, 0, 0, 0], "texture": "#5"},
				"down": {"uv": [0.125, 0, 0, 0], "texture": "#5"}
			}
		},
		{
			"from": [-0.7, 16, 10],
			"to": [0.3, 16, 13],
			"rotation": {"angle": -22.5, "axis": "x", "origin": [-10.25, 16, 4]},
			"faces": {
				"north": {"uv": [0, 0, 0.125, 0], "texture": "#5"},
				"east": {"uv": [0, 0, 0.375, 0], "texture": "#5"},
				"south": {"uv": [0, 0, 0.125, 0], "texture": "#5"},
				"west": {"uv": [0, 0, 0.375, 0], "texture": "#5"},
				"up": {"uv": [3.375, 7.125, 3.25, 6.75], "texture": "#5"},
				"down": {"uv": [3.5, 6.75, 3.375, 7.125], "texture": "#5"}
			}
		},
		{
			"from": [0.8, 16, 10],
			"to": [1.8, 16, 13],
			"rotation": {"angle": -22.5, "axis": "x", "origin": [-10.25, 16, 4]},
			"faces": {
				"north": {"uv": [0, 0, 0.125, 0], "texture": "#5"},
				"east": {"uv": [0, 0, 0.375, 0], "texture": "#5"},
				"south": {"uv": [0, 0, 0.125, 0], "texture": "#5"},
				"west": {"uv": [0, 0, 0.375, 0], "texture": "#5"},
				"up": {"uv": [3.625, 7.125, 3.5, 6.75], "texture": "#5"},
				"down": {"uv": [3.75, 6.75, 3.625, 7.125], "texture": "#5"}
			}
		},
		{
			"from": [3.6, 16, 8.5],
			"to": [5.6, 16.5, 10.5],
			"rotation": {"angle": -22.5, "axis": "y", "origin": [4.6, 17.5, 9.5]},
			"faces": {
				"north": {"uv": [1.5, 4.875, 1.75, 4.9375], "texture": "#5"},
				"east": {"uv": [5.5, 3.875, 5.75, 3.9375], "texture": "#5"},
				"south": {"uv": [5.875, 4.125, 6.125, 4.1875], "texture": "#5"},
				"west": {"uv": [6.125, 4.125, 6.375, 4.1875], "texture": "#5"},
				"up": {"uv": [3, 6.875, 2.75, 6.625], "texture": "#5"},
				"down": {"uv": [6.875, 3.125, 6.625, 3.375], "texture": "#5"}
			}
		},
		{
			"from": [3.6, 18.5, 8.5],
			"to": [5.6, 19, 10.5],
			"rotation": {"angle": -22.5, "axis": "y", "origin": [4.6, 17.5, 9.5]},
			"faces": {
				"north": {"uv": [6.375, 4.125, 6.625, 4.1875], "texture": "#5"},
				"east": {"uv": [6.625, 2.25, 6.875, 2.3125], "texture": "#5"},
				"south": {"uv": [6.625, 4.125, 6.875, 4.1875], "texture": "#5"},
				"west": {"uv": [2.125, 6.875, 2.375, 6.9375], "texture": "#5"},
				"up": {"uv": [6.875, 3.625, 6.625, 3.375], "texture": "#5"},
				"down": {"uv": [3.25, 6.75, 3, 7], "texture": "#5"}
			}
		},
		{
			"from": [3.85, 16.5, 8.75],
			"to": [5.35, 18.5, 10.25],
			"rotation": {"angle": -22.5, "axis": "y", "origin": [4.6, 17.5, 9.5]},
			"faces": {
				"north": {"uv": [3.75, 6.75, 3.9375, 7], "texture": "#5"},
				"east": {"uv": [4, 6.75, 4.1875, 7], "texture": "#5"},
				"south": {"uv": [6.75, 6.5, 6.9375, 6.75], "texture": "#5"},
				"west": {"uv": [6.75, 6.75, 6.9375, 7], "texture": "#5"},
				"up": {"uv": [7.0625, 1.4375, 6.875, 1.25], "texture": "#5"},
				"down": {"uv": [1.6875, 6.875, 1.5, 7.0625], "texture": "#5"}
			}
		},
		{
			"from": [1.66078, 16.5, 10.35773],
			"to": [4.16078, 17.5, 10.35773],
			"rotation": {"angle": 45, "axis": "y", "origin": [4.6, 17.5, 9.5]},
			"faces": {
				"north": {"uv": [0, 4.875, 0.3125, 5], "texture": "#5"},
				"east": {"uv": [0, 0, 0, 0.125], "texture": "#5"},
				"south": {"uv": [0.375, 4.875, 0.6875, 5], "texture": "#5"},
				"west": {"uv": [0, 0, 0, 0.125], "texture": "#5"},
				"up": {"uv": [0.3125, 0, 0, 0], "texture": "#5"},
				"down": {"uv": [0.3125, 0, 0, 0], "texture": "#5"}
			}
		},
		{
			"from": [3.5, 16, 12],
			"to": [5.5, 16.5, 14],
			"rotation": {"angle": 22.5, "axis": "y", "origin": [4.5, 17.5, 13]},
			"faces": {
				"north": {"uv": [6.875, 2.25, 7.125, 2.3125], "texture": "#5"},
				"east": {"uv": [2.75, 6.875, 3, 6.9375], "texture": "#5"},
				"south": {"uv": [6.875, 3.125, 7.125, 3.1875], "texture": "#5"},
				"west": {"uv": [6.875, 3.25, 7.125, 3.3125], "texture": "#5"},
				"up": {"uv": [3, 6.875, 2.75, 6.625], "texture": "#5"},
				"down": {"uv": [6.875, 3.125, 6.625, 3.375], "texture": "#5"}
			}
		},
		{
			"from": [3.5, 18.5, 12],
			"to": [5.5, 19, 14],
			"rotation": {"angle": 22.5, "axis": "y", "origin": [4.5, 17.5, 13]},
			"faces": {
				"north": {"uv": [6.875, 3.375, 7.125, 3.4375], "texture": "#5"},
				"east": {"uv": [6.875, 3.5, 7.125, 3.5625], "texture": "#5"},
				"south": {"uv": [6.875, 4.125, 7.125, 4.1875], "texture": "#5"},
				"west": {"uv": [7, 1.5, 7.25, 1.5625], "texture": "#5"},
				"up": {"uv": [6.875, 3.625, 6.625, 3.375], "texture": "#5"},
				"down": {"uv": [3.25, 6.75, 3, 7], "texture": "#5"}
			}
		},
		{
			"from": [3.75, 16.5, 12.25],
			"to": [5.25, 18.5, 13.75],
			"rotation": {"angle": 22.5, "axis": "y", "origin": [4.5, 17.5, 13]},
			"faces": {
				"north": {"uv": [0.5, 6.875, 0.6875, 7.125], "texture": "#5"},
				"east": {"uv": [0.75, 6.875, 0.9375, 7.125], "texture": "#5"},
				"south": {"uv": [1, 6.875, 1.1875, 7.125], "texture": "#5"},
				"west": {"uv": [1.25, 6.875, 1.4375, 7.125], "texture": "#5"},
				"up": {"uv": [7.0625, 1.4375, 6.875, 1.25], "texture": "#5"},
				"down": {"uv": [1.6875, 6.875, 1.5, 7.0625], "texture": "#5"}
			}
		},
		{
			"from": [21, 17, 5],
			"to": [23, 23, 7],
			"rotation": {"angle": 0, "axis": "y", "origin": [22, 17, 5]},
			"color": 7,
			"faces": {
				"north": {"uv": [0, 0, 0.25, 0.75], "texture": "#missing"},
				"east": {"uv": [0, 0, 0.25, 0.75], "texture": "#missing"},
				"south": {"uv": [0, 0, 0.25, 0.75], "texture": "#missing"},
				"west": {"uv": [0, 0, 0.25, 0.75], "texture": "#missing"},
				"up": {"uv": [0, 0, 0.25, 0.25], "texture": "#missing"},
				"down": {"uv": [0, 0, 0.25, 0.25], "texture": "#missing"}
			}
		},
		{
			"from": [20.5, 23, 4.5],
			"to": [23.5, 24, 7.5],
			"rotation": {"angle": 0, "axis": "y", "origin": [22, 18, 5]},
			"color": 3,
			"faces": {
				"north": {"uv": [0, 0, 0.375, 0.125], "texture": "#missing"},
				"east": {"uv": [0, 0, 0.375, 0.125], "texture": "#missing"},
				"south": {"uv": [0, 0, 0.375, 0.125], "texture": "#missing"},
				"west": {"uv": [0, 0, 0.375, 0.125], "texture": "#missing"},
				"up": {"uv": [0, 0, 0.375, 0.375], "texture": "#missing"},
				"down": {"uv": [0, 0, 0.375, 0.375], "texture": "#missing"}
			}
		},
		{
			"from": [20.5, 16, 4.5],
			"to": [23.5, 17, 7.5],
			"rotation": {"angle": 0, "axis": "y", "origin": [22, 11, 5]},
			"color": 3,
			"faces": {
				"north": {"uv": [0, 0, 0.375, 0.125], "texture": "#missing"},
				"east": {"uv": [0, 0, 0.375, 0.125], "texture": "#missing"},
				"south": {"uv": [0, 0, 0.375, 0.125], "texture": "#missing"},
				"west": {"uv": [0, 0, 0.375, 0.125], "texture": "#missing"},
				"up": {"uv": [0, 0, 0.375, 0.375], "texture": "#missing"},
				"down": {"uv": [0, 0, 0.375, 0.375], "texture": "#missing"}
			}
		},
		{
			"from": [-15.12731, 16, 4.04358],
			"to": [-9.12731, 16.3, 5.04358],
			"rotation": {"angle": -45, "axis": "y", "origin": [-12.12731, 16.15, 4.54358]},
			"faces": {
				"north": {"uv": [0.75, 4.875, 1.5, 4.91406], "texture": "#5"},
				"east": {"uv": [1.75, 4.875, 1.875, 4.91406], "texture": "#5"},
				"south": {"uv": [5.875, 2.25, 6.625, 2.28906], "texture": "#5"},
				"west": {"uv": [5.75, 3.875, 5.875, 3.91406], "texture": "#5"},
				"up": {"uv": [4.75, 4, 4, 3.875], "texture": "#5"},
				"down": {"uv": [5.5, 3.875, 4.75, 4], "texture": "#5"}
			}
		}
	],
	"display": {
		"thirdperson_righthand": {
			"rotation": [2, 138, 0],
			"translation": [0, 5.75, 1.25],
			"scale": [0.86, 0.86, 0.86]
		},
		"thirdperson_lefthand": {
			"rotation": [2, 132, 0],
			"translation": [0, 5.75, 1.25],
			"scale": [0.86, 0.86, 0.86]
		},
		"firstperson_righthand": {
			"rotation": [0, 109, 5],
			"translation": [1.75, 7, 0],
			"scale": [0.92, 0.92, 0.92]
		},
		"firstperson_lefthand": {
			"rotation": [0, 109, 5],
			"translation": [1.75, 7, 0],
			"scale": [0.92, 0.92, 0.92]
		},
		"ground": {
			"translation": [0, 3.5, 0],
			"scale": [0.65, 0.65, 0.65]
		},
		"gui": {
			"rotation": [25, 151, 0],
			"translation": [0.25, 4, 0],
			"scale": [0.93, 0.93, 0.93]
		},
		"head": {
			"translation": [0, 14.4, 0]
		},
		"fixed": {
			"rotation": [-90, 0, 0],
			"translation": [0, 0, -13.75],
			"scale": [1.7, 1.7, 1.7]
		}
	},
	"groups": [
		{
			"name": "table",
			"origin": [8, 8, 8],
			"color": 0,
			"nbt": "{}",
			"children": [0, 1, 2, 3, 4, 5, 6, 7, 8, 9, 10, 11, 12, 13]
		},
		{
			"name": "group",
			"origin": [1.75, 0, 1],
			"color": 0,
			"nbt": "{}",
			"children": [14, 15, 16, 17, 18, 19, 20, 21]
		},
		{
			"name": "group",
			"origin": [8, 8, 8],
			"color": 0,
			"nbt": "{}",
			"children": [22, 23, 24, 25]
		},
		{
			"name": "group",
			"origin": [8, 8, 8],
			"color": 0,
			"nbt": "{}",
			"children": [26, 27, 28]
		},
		{
			"name": "group",
			"origin": [22, -6, -11],
			"color": 0,
			"nbt": "{}",
			"children": [29, 30, 31]
		},
		{
			"name": "group",
			"origin": [1.5, 16, 3],
			"color": 0,
			"nbt": "{}",
			"children": [32]
		}
	]
}