{
	"format_version": "1.21.6",
	"credit": "Made with Blockbench",
	"texture_size": [24, 24],
	"textures": {
		"1": "item/plushies/plushie_copper_golem_standing",
		"particle": "item/plushies/plushie_copper_golem_standing"
	},
	"elements": [
		{
			"name": "head",
			"from": [4, 9, 5],
			"to": [12, 14, 11],
			"rotation": {"angle": 0, "axis": "y", "origin": [8, 9, 6.5]},
			"faces": {
				"north": {"uv": [4, 4.66667, 9.33333, 8], "texture": "#1"},
				"east": {"uv": [0, 4.66667, 4, 8], "texture": "#1"},
				"south": {"uv": [9.33333, 4.66667, 14.66667, 8], "texture": "#1"},
				"west": {"uv": [4, 4.66667, 0, 8], "texture": "#1"},
				"up": {"uv": [10.66667, 4, 5.33333, 0], "texture": "#1"},
				"down": {"uv": [0, 0, 5.33333, 4], "texture": "#1"}
			}
		},
		{
			"name": "nose",
			"from": [7, 8, 4],
			"to": [9, 12, 6],
			"rotation": {"angle": 0, "axis": "x", "origin": [8, 10, 5]},
			"faces": {
				"north": {"uv": [6, 6, 7.33333, 8.66667], "texture": "#1"},
				"east": {"uv": [7.33333, 6, 6, 8.66667], "texture": "#1"},
				"south": {"uv": [6.66667, 6, 7.33333, 6.66667], "texture": "#1"},
				"west": {"uv": [6.66667, 6, 7.33333, 6.66667], "texture": "#1"},
				"up": {"uv": [6.66667, 6, 7.33333, 6.66667], "texture": "#1"},
				"down": {"uv": [6.66667, 6, 7.33333, 6.66667], "texture": "#1"}
			}
		},
		{
			"name": "rod",
			"from": [7, 14, 7],
			"to": [9, 15, 9],
			"rotation": {"angle": 0, "axis": "y", "origin": [8, 8, 6.5]},
			"faces": {
				"north": {"uv": [11.33333, 2, 12.66667, 2.66667], "texture": "#1"},
				"east": {"uv": [12.66667, 2, 11.33333, 2.66667], "texture": "#1"},
				"south": {"uv": [11.33333, 2, 12.66667, 2.66667], "texture": "#1"},
				"west": {"uv": [12.66667, 2, 11.33333, 2.66667], "texture": "#1"},
				"up": {"uv": [11.33333, 2, 12.66667, 2.66667], "texture": "#1"},
				"down": {"uv": [11.33333, 2, 12.66667, 2.66667], "texture": "#1"}
			}
		},
		{
			"name": "rodtop",
			"from": [6, 15, 6],
			"to": [10, 18, 10],
			"rotation": {"angle": 0, "axis": "y", "origin": [8, 8, 6.5]},
			"faces": {
				"north": {"uv": [10.66667, 0, 13.33333, 2], "texture": "#1"},
				"east": {"uv": [13.33333, 0, 10.66667, 2], "texture": "#1"},
				"south": {"uv": [10.66667, 0, 13.33333, 2], "texture": "#1"},
				"west": {"uv": [13.33333, 0, 10.66667, 2], "texture": "#1"},
				"up": {"uv": [13.33333, 0, 16, 2.66667], "texture": "#1"},
				"down": {"uv": [14, 2.66667, 15.33333, 4], "texture": "#1"}
			}
		},
		{
			"name": "body",
			"from": [4, 3, 6],
			"to": [12, 9, 10],
			"rotation": {"angle": 0, "axis": "y", "origin": [8, 6.75, 8.25]},
			"faces": {
				"north": {"uv": [2, 12, 7.33333, 16], "texture": "#1"},
				"east": {"uv": [0, 12, 2.66667, 16], "texture": "#1"},
				"south": {"uv": [6.66667, 12, 12, 16], "texture": "#1"},
				"west": {"uv": [2.66667, 12, 0, 16], "texture": "#1"},
				"up": {"uv": [0, 8.66667, 5.33333, 11.33333], "texture": "#1"},
				"down": {"uv": [5.33333, 8.66667, 10.66667, 11.33333], "texture": "#1"}
			}
		},
		{
			"name": "right_arm",
			"from": [2, 3, 6.5],
			"to": [5, 9, 9.5],
			"rotation": {"angle": -7.5, "axis": "z", "origin": [4, 8, 8]},
			"faces": {
				"north": {"uv": [14, 8, 12, 12], "texture": "#1"},
				"east": {"uv": [12, 8, 14, 12], "texture": "#1"},
				"south": {"uv": [12, 8, 14, 12], "texture": "#1"},
				"west": {"uv": [12, 8, 14, 12], "texture": "#1"},
				"up": {"uv": [16, 8, 14, 10], "texture": "#1"},
				"down": {"uv": [14, 10, 16, 12], "texture": "#1"}
			}
		},
		{
			"name": "left_arm",
			"from": [11, 3, 6.5],
			"to": [14, 9, 9.5],
			"rotation": {"angle": 7.5, "axis": "z", "origin": [12, 8, 8]},
			"faces": {
				"north": {"uv": [12, 8, 14, 12], "texture": "#1"},
				"east": {"uv": [14, 8, 12, 12], "texture": "#1"},
				"south": {"uv": [12, 8, 14, 12], "texture": "#1"},
				"west": {"uv": [12, 8, 14, 12], "texture": "#1"},
				"up": {"uv": [14, 8, 16, 10], "texture": "#1"},
				"down": {"uv": [14, 10, 16, 12], "texture": "#1"}
			}
		},
		{
			"name": "left_leg",
			"from": [8, 0, 6.5],
			"to": [12, 4, 9.5],
			"rotation": {"angle": 5, "axis": "z", "origin": [10, 3, 8]},
			"faces": {
				"north": {"uv": [12, 12, 14.66667, 14.66667], "texture": "#1"},
				"east": {"uv": [14, 12, 16, 14.66667], "texture": "#1"},
				"south": {"uv": [12, 12, 14.66667, 14.66667], "texture": "#1"},
				"west": {"uv": [14, 12, 16, 14.66667], "texture": "#1"},
				"up": {"uv": [12, 12, 14.66667, 14.66667], "texture": "#1"},
				"down": {"uv": [12, 14, 14.66667, 16], "texture": "#1"}
			}
		},
		{
			"name": "right_leg",
			"from": [4, 0, 6.5],
			"to": [8, 4, 9.5],
			"rotation": {"angle": -5, "axis": "z", "origin": [6, 3, 8]},
			"faces": {
				"north": {"uv": [12, 12, 14.66667, 14.66667], "texture": "#1"},
				"east": {"uv": [14, 12, 16, 14.66667], "texture": "#1"},
				"south": {"uv": [12, 12, 14.66667, 14.66667], "texture": "#1"},
				"west": {"uv": [14, 12, 16, 14.66667], "texture": "#1"},
				"up": {"uv": [12, 12, 14.66667, 14.66667], "texture": "#1"},
				"down": {"uv": [12, 14, 14.66667, 16], "texture": "#1"}
			}
		}
	],
	"gui_light": "front",
	"display": {
		"thirdperson_righthand": {
			"rotation": [90, 22.5, -45],
			"translation": [0, 1, 0.75],
			"scale": [0.65, 0.65, 0.65]
		},
		"thirdperson_lefthand": {
			"rotation": [90, 22.5, -45],
			"translation": [0, 1, 0.75],
			"scale": [0.65, 0.65, 0.65]
		},
		"firstperson_righthand": {
			"rotation": [-180, 46, 171],
			"translation": [1.5, 3.25, 0],
			"scale": [0.55, 0.55, 0.55]
		},
		"firstperson_lefthand": {
			"rotation": [-180, 46, 171],
			"translation": [1.5, 3.25, 0],
			"scale": [0.55, 0.55, 0.55]
		},
		"ground": {
			"translation": [0, 2, 0]
		},
		"gui": {
			"rotation": [27, -144, 0],
			"translation": [0.25, -0.5, 0],
			"scale": [0.8, 0.8, 0.8]
		},
		"head": {
			"translation": [0, 14.25, 0]
		},
		"fixed": {
			"rotation": [-90, 0, 0],
			"translation": [0, 0, -16],
			"scale": [2, 2, 2]
		}
	},
	"groups": [
		{
			"name": "head",
			"origin": [8, 11.5, 7.5],
			"color": 0,
			"children": [0, 1, 2, 3]
		},
		{
			"name": "body",
			"origin": [8, 5.5, 6.5],
			"color": 0,
			"children": [4, 5, 6, 7, 8]
		}
	]
}