{
	"format_version": "1.21.6",
	"credit": "Made by ArcleBreeze",
	"texture_size": [32, 32],
	"textures": {
		"0": "item/misc/scroll_of_icarian_flight",
		"2": "item/misc/frop_mark_wedding_scroll/plant1",
		"3": "item/misc/frop_mark_wedding_scroll/plant2",
		"4": "item/misc/frop_mark_wedding_scroll/text",
		"particle": "item/misc/frop_mark_wedding_scroll/red_tulip_0"
	},
	"elements": [
		{
			"name": "Top",
			"from": [13.09795, 0.06695, 2.595],
			"to": [15.91795, 2.88695, 13.405],
			"rotation": {"angle": 0, "axis": "z", "origin": [12.6, 0.82195, 8]},
			"faces": {
				"north": {"uv": [4, 4, 6, 6], "rotation": 90, "texture": "#0"},
				"east": {"uv": [4, 4, 2, 13], "rotation": 270, "texture": "#0"},
				"south": {"uv": [4, 6, 6, 8], "rotation": 270, "texture": "#0"},
				"west": {"uv": [2, 13, 0, 4], "rotation": 270, "texture": "#0"},
				"up": {"uv": [0, 0, 9, 2], "rotation": 270, "texture": "#0"},
				"down": {"uv": [0, 2, 9, 4], "rotation": 270, "texture": "#0"}
			}
		},
		{
			"name": "Bottom",
			"from": [1.4775, -0.33305, 2.595],
			"to": [4.2975, 2.48695, 13.405],
			"rotation": {"angle": 0, "axis": "z", "origin": [4.8, 0.42195, 8]},
			"faces": {
				"north": {"uv": [4, 6, 6, 4], "rotation": 90, "texture": "#0"},
				"east": {"uv": [2, 4, 0, 13], "rotation": 270, "texture": "#0"},
				"south": {"uv": [4, 8, 6, 6], "rotation": 270, "texture": "#0"},
				"west": {"uv": [4, 13, 2, 4], "rotation": 270, "texture": "#0"},
				"up": {"uv": [0, 2, 9, 0], "rotation": 270, "texture": "#0"},
				"down": {"uv": [0, 4, 9, 2], "rotation": 270, "texture": "#0"}
			}
		},
		{
			"name": "Paper",
			"from": [3.7975, -0.03305, 2.596],
			"to": [13.5975, 0.16695, 13.386],
			"rotation": {"angle": 17.5, "axis": "z", "origin": [4.7, 0.72195, 8]},
			"faces": {
				"north": {"uv": [2, 9, 3, 8], "rotation": 90, "texture": "#0"},
				"south": {"uv": [2, 9, 3, 8], "rotation": 270, "texture": "#0"},
				"up": {"uv": [0, 2.5, 9, 1], "rotation": 270, "texture": "#0"},
				"down": {"uv": [0, 4, 9, 3], "rotation": 270, "texture": "#0"}
			}
		},
		{
			"name": "Text",
			"from": [3.7975, 0.21695, 2.596],
			"to": [13.5975, 0.41695, 13.386],
			"rotation": {"angle": 17.5, "axis": "z", "origin": [4.7, 0.97195, 8]},
			"faces": {
				"north": {"uv": [2, 9, 3, 8], "rotation": 90, "texture": "#4"},
				"south": {"uv": [2, 9, 3, 8], "rotation": 270, "texture": "#4"},
				"up": {"uv": [7, 7.5, 16, 0], "rotation": 270, "texture": "#4"},
				"down": {"uv": [0, 4, 9, 3], "rotation": 270, "texture": "#4"}
			}
		},
		{
			"from": [2.35, 0.3, 1],
			"to": [5.35, 3.3, 1],
			"shade": false,
			"rotation": {"angle": 0, "axis": "y", "origin": [3.85, 1.8, 2]},
			"faces": {
				"north": {"uv": [15, 3, 12, 0], "rotation": 90, "texture": "#particle"}
			}
		},
		{
			"from": [5.35, 3.3, 2],
			"to": [2.35, 0.3, -2],
			"shade": false,
			"rotation": {"angle": 0, "axis": "y", "origin": [3.85, 1.8, 2]},
			"faces": {
				"east": {"uv": [9, 7, 12, 3], "rotation": 90, "texture": "#particle"},
				"west": {"uv": [9, 7, 12, 3], "rotation": 270, "texture": "#particle"},
				"up": {"uv": [12, 7, 9, 3], "texture": "#particle"},
				"down": {"uv": [9, 7, 12, 3], "rotation": 180, "texture": "#particle"}
			}
		},
		{
			"from": [2.35, 0.3, -2],
			"to": [5.35, 3.3, 2],
			"shade": false,
			"rotation": {"angle": 0, "axis": "y", "origin": [3.85, 1.8, 2]},
			"faces": {
				"east": {"uv": [6, 0, 9, 4], "rotation": 90, "texture": "#particle"},
				"south": {"uv": [12, 0, 9, 3], "rotation": 180, "texture": "#particle"},
				"west": {"uv": [0, 0, 3, 4], "rotation": 270, "texture": "#particle"},
				"up": {"uv": [3, 0, 6, 4], "texture": "#particle"},
				"down": {"uv": [6, 0, 3, 4], "rotation": 180, "texture": "#particle"}
			}
		},
		{
			"from": [2.2, 1.4, 1.75],
			"to": [4.2, 1.4, 14.75],
			"shade": false,
			"rotation": {"angle": 0, "axis": "y", "origin": [1.2, -0.6, 12.75]},
			"faces": {
				"up": {"uv": [15, 5, 13, 16], "texture": "#particle"},
				"down": {"uv": [13, 5, 15, 16], "rotation": 180, "texture": "#particle"}
			}
		},
		{
			"from": [12.65, 0.9, 15.5],
			"to": [15.65, 3.9, 15.5],
			"shade": false,
			"rotation": {"angle": 0, "axis": "y", "origin": [14.15, 2.4, 9.4]},
			"faces": {
				"south": {"uv": [15, 3, 12, 0], "rotation": 90, "texture": "#particle"}
			}
		},
		{
			"from": [15.65, 3.9, 18.5],
			"to": [12.65, 0.9, 14.5],
			"shade": false,
			"rotation": {"angle": 0, "axis": "y", "origin": [14.15, 2.4, 9.4]},
			"faces": {
				"east": {"uv": [9, 7, 12, 3], "rotation": 270, "texture": "#particle"},
				"west": {"uv": [9, 7, 12, 3], "rotation": 90, "texture": "#particle"},
				"up": {"uv": [12, 7, 9, 3], "rotation": 180, "texture": "#particle"},
				"down": {"uv": [9, 7, 12, 3], "texture": "#particle"}
			}
		},
		{
			"from": [12.65, 0.9, 14.5],
			"to": [15.65, 3.9, 18.5],
			"shade": false,
			"rotation": {"angle": 0, "axis": "y", "origin": [14.15, 2.4, 9.4]},
			"faces": {
				"north": {"uv": [12, 0, 9, 3], "rotation": 180, "texture": "#particle"},
				"east": {"uv": [0, 0, 3, 4], "rotation": 270, "texture": "#particle"},
				"west": {"uv": [6, 0, 9, 4], "rotation": 90, "texture": "#particle"},
				"up": {"uv": [3, 0, 6, 4], "rotation": 180, "texture": "#particle"},
				"down": {"uv": [6, 0, 3, 4], "texture": "#particle"}
			}
		},
		{
			"from": [13.8, 1.9, 1.75],
			"to": [15.8, 1.9, 14.75],
			"shade": false,
			"rotation": {"angle": 0, "axis": "y", "origin": [14.15, 2.3, 9.4]},
			"faces": {
				"up": {"uv": [15, 5, 13, 16], "rotation": 180, "texture": "#particle"},
				"down": {"uv": [13, 5, 15, 16], "texture": "#particle"}
			}
		},
		{
			"from": [4.1, 1.4, -0.2],
			"to": [10.95, 1.4, 16.6],
			"shade": false,
			"rotation": {"angle": 14.5, "axis": "z", "origin": [7.25, 1.8, 11.25]},
			"faces": {
				"up": {"uv": [3.5, 8.5, 0, 0], "texture": "#2"},
				"down": {"uv": [7, 0, 3.5, 8.5], "texture": "#2"}
			}
		},
		{
			"from": [9.8, 2.05, 1.5],
			"to": [15.65, 2.05, 2.3],
			"shade": false,
			"rotation": {"angle": -2.5, "axis": "y", "origin": [10.5, 2.45, 2.85]},
			"faces": {
				"up": {"uv": [9, 5, 2, 6], "texture": "#particle"},
				"down": {"uv": [13, 5, 15, 16], "rotation": 180, "texture": "#particle"}
			}
		},
		{
			"from": [10.7, 2, -2.2],
			"to": [16.75, 2, 2.35],
			"shade": false,
			"rotation": {"angle": -2.5, "axis": "y", "origin": [10.7, 2.4, -0.85]},
			"faces": {
				"up": {"uv": [0, 5, 6, 0], "texture": "#3"},
				"down": {"uv": [3, 1, 0, 2], "texture": "#3"}
			}
		}
	],
	"display": {
		"thirdperson_righthand": {
			"rotation": [90, 90, 0],
			"translation": [0.5, 4.5, 5.75],
			"scale": [0.8, 0.8, 0.8]
		},
		"thirdperson_lefthand": {
			"rotation": [90, -90, 0],
			"translation": [0.5, 4.5, 5.75],
			"scale": [0.8, 0.8, 0.8]
		},
		"firstperson_righthand": {
			"rotation": [5, 63, 60],
			"translation": [1.75, 6.25, 0.25]
		},
		"firstperson_lefthand": {
			"rotation": [-5, -116, -60],
			"translation": [1.75, 6.25, 0.25]
		},
		"ground": {
			"translation": [0, 3.5, 0],
			"scale": [0.75, 0.75, 0.75]
		},
		"gui": {
			"rotation": [11, 69, 59],
			"translation": [-1.5, 0.5, 0],
			"scale": [0.69, 0.69, 0.69]
		},
		"head": {
			"rotation": [180, -89, 180],
			"translation": [0, 14.5, 0]
		},
		"fixed": {
			"rotation": [-90, -90, 0],
			"translation": [0, 0, -13.5],
			"scale": [1.68, 1.68, 1.68]
		},
		"on_shelf": {
			"rotation": [0, 90, 90],
			"translation": [0, 0, 5]
		}
	},
	"groups": [
		{
			"name": "Scroll",
			"origin": [4.7, 0.72195, 8],
			"color": 0,
			"children": [0, 1, 2, 3]
		},
		{
			"name": "group",
			"origin": [6, 0, 6],
			"color": 0,
			"children": [4, 5, 6, 7]
		},
		{
			"name": "group",
			"origin": [6, 0, 6],
			"color": 0,
			"children": [8, 9, 10, 11]
		},
		{
			"name": "group",
			"origin": [6, 0, 6],
			"color": 0,
			"children": [
				12,
				{
					"name": "group",
					"origin": [6, 0, 6],
					"color": 0,
					"children": [13]
				}
			]
		},
		{
			"name": "group",
			"origin": [6, 0, 6],
			"color": 0,
			"children": [14]
		}
	]
}