{
  "model": {
    "type": "condition",
    "property": "has_component",
    "component": "custom_name",
    "on_true": {
      "type": "select",
      "property": "component",
      "component": "custom_name",
      "cases": [
        {
          "when": "Aero Engagment Ring",
          "model": {
            "type": "model",
            "model": "item/rings/aero_engagment_ring"
          }
        },
        {
          "when": [
            "Leon & I Ring"
          ],
          "model": {
            "type": "minecraft:select",
            "property": "minecraft:component",
            "component": "minecraft:lore",
            "cases": [
              {
                "when": [
                  {
                    "text": "",
                    "extra": [
                      {
                        "text": "leoncat<3",
                        "type": "text"
                      }
                    ]
                  }
                ],
                "model": {
                  "type": "minecraft:model",
                  "model": "item/rings/leo_ncat_rings_ncat_ver"
                }
              }
            ],
            "fallback": {
              "type": "minecraft:model",
              "model": "minecraft:item/diamond"
            }
          }
        },
        {
          "when": "NCat & I Ring",
          "model": {
            "type": "minecraft:select",
            "property": "minecraft:component",
            "component": "minecraft:lore",
            "cases": [
              {
                "when": [
                  {
                    "text": "",
                    "extra": [
                      {
                        "text": "leoncat<3",
                        "type": "text"
                      }
                    ]
                  }
                ],
                "model": {
                  "type": "minecraft:model",
                  "model": "item/rings/leo_ncat_rings_leon_ver"
                }
              }
            ],
            "fallback": {
              "type": "minecraft:model",
              "model": "item/diamond"
            }
          }
        },
        {
          "when": "Engagement Ring",
          "model": {
            "type": "minecraft:select",
            "property": "minecraft:component",
            "component": "minecraft:lore",
            "cases": [
              {
                "when": [
                  {
                    "text": "",
                    "extra": [
                      {
                        "text": "My heart laid bare",
                        "type": "text",
                        "color": "dark_purple",
                        "bold": false,
                        "italic": true,
                        "underlined": false,
                        "strikethrough": false,
                        "obfuscated": false
                      }
                    ]
                  }
                ],
                "model": {
                  "type": "minecraft:select",
                  "property": "minecraft:display_context",
                  "cases": [
                    {
                      "when": "gui",
                      "model": {
                        "type": "minecraft:model",
                        "model": "minecraft:item/rings/frop_engagment_ring/frop_engagment_ring_2d"
                      }
                    }
                  ],
                  "fallback": {
                    "type": "minecraft:model",
                    "model": "minecraft:item/rings/frop_engagment_ring/frop_engagment_ring"
                  }
                }
              }
            ],
            "fallback": {
              "type": "minecraft:model",
              "model": "minecraft:item/diamond"
            }
          }
        },
        {
          "when": "Wedding Band",
          "model": {
            "type": "minecraft:select",
            "property": "minecraft:component",
            "component": "minecraft:lore",
            "cases": [
              {
                "when": [
                  {
                    "text": "",
                    "extra": [
                      {
                        "text": "Proof of eternal love",
                        "type": "text",
                        "color": "dark_purple",
                        "bold": false,
                        "italic": true,
                        "underlined": false,
                        "strikethrough": false,
                        "obfuscated": false
                      }
                    ]
                  }
                ],
                "model": {
                  "type": "minecraft:select",
                  "property": "minecraft:display_context",
                  "cases": [
                    {
                      "when": "gui",
                      "model": {
                        "type": "minecraft:model",
                        "model": "minecraft:item/rings/fropmark_wedding_ring/fropmark_wedding_ring_2d"
                      }
                    }
                  ],
                  "fallback": {
                    "type": "minecraft:model",
                    "model": "minecraft:item/rings/fropmark_wedding_ring/fropmark_wedding_ring"
                  }
                }
              }
            ],
            "fallback": {
              "type": "minecraft:model",
              "model": "minecraft:item/diamond"
            }
          }
        }
      ],
      "fallback": {
        "type": "model",
        "model": "item/diamond"
      }
    },
    "on_false": {
      "type": "model",
      "model": "item/diamond"
    }
  }
}