{
  "model": {
    "type": "minecraft:condition",
    "property": "minecraft:has_component",
    "component": "minecraft:custom_name",
    "on_true": {
      "type": "minecraft:select",
      "property": "minecraft:component",
      "component": "minecraft:custom_name",
      "cases": [
        {
          "when": "Gingerbread Man",
          "model": {
            "type": "minecraft:model",
            "model": "item/food/christmas/ginman"
          }
        },
        {
          "when": "Gingerbread Tree",
          "model": {
            "type": "minecraft:model",
            "model": "item/food/christmas/tree"
          }
        }
      ],
      "fallback": {
        "type": "minecraft:model",
        "model": "minecraft:item/cookie"
      }
    },
    "on_false": {
      "type": "minecraft:model",
      "model": "minecraft:item/cookie"
    }
  }
}