{
	"parent": "item/paintings/template",
	"textures": {
		"back": "item/paintings/3x2/back"
	},
	"display": {
		"thirdperson_righthand": {
			"rotation": [0, 90, 0],
			"translation": [0, 4.5, 0],
			"scale": [0.2, 0.2, 0.2]
		},
		"thirdperson_lefthand": {
			"rotation": [0, 90, 0],
			"translation": [0, 4.5, 0],
			"scale": [0.2, 0.2, 0.2]
		},
		"firstperson_righthand": {
			"rotation": [0, -180, 0],
			"translation": [0.75, 4.5, 0],
			"scale": [0.19, 0.19, 0.19]
		},
		"firstperson_lefthand": {
			"rotation": [0, -180, 0],
			"translation": [0.75, 4.5, 0],
			"scale": [0.19, 0.19, 0.19]
		},
		"ground": {
			"translation": [0, 4.5, 0],
			"scale": [0.25, 0.25, 0.25]
		},
		"gui": {
			"rotation": [0, -180, 0],
			"translation": [-2.25, 0, 0],
			"scale": [0.3, 0.3, 0.3]
		},
		"head": {
			"rotation": [90, 0, 0],
			"translation": [7, 6.5, 0]
		},
		"fixed": {
			"translation": [0, 32, 0],
			"scale": [2, 2, 1]
		},
		"on_shelf": {
			"rotation": [0, -180, 0],
			"translation": [-2, 0, 0],
			"scale": [0.38, 0.38, 0.38]
		}
	}
}