{
	"format_version": "1.21.6",
	"credit": "Made by BearBruno",
	"texture_size": [64, 64],
	"textures": {
		"4": "item/weapons/netherite_sword/customswords/frop_sword/purple_frop",
		"6": "item/weapons/netherite_sword/customswords/frop_sword/wood_frop",
		"7": "item/weapons/netherite_sword/customswords/frop_sword/metal_frop",
		"8": "item/weapons/netherite_sword/customswords/frop_sword/yellow_frop",
		"10": "item/weapons/netherite_sword/customswords/frop_sword/black_frop",
		"particle": "item/weapons/netherite_sword/customswords/frop_sword/purple_frop"
	},
	"elements": [
		{
			"from": [-0.125, 27.25, 8],
			"to": [0.875, 28.25, 8.75],
			"rotation": {"angle": -45, "axis": "z", "origin": [0.375, 27.75, 8.5]},
			"faces": {
				"north": {"uv": [0.20572, 0.42904, 0.41144, 0.64356], "texture": "#8"},
				"east": {"uv": [0.41144, 0.42904, 0.61716, 0.64356], "texture": "#8"},
				"south": {"uv": [0.61716, 0, 0.82288, 0.21452], "texture": "#8"},
				"west": {"uv": [0.20572, 0.64356, 0.41144, 0.85809], "texture": "#8"},
				"up": {"uv": [0.82288, 0.42904, 0.61716, 0.21452], "texture": "#8"},
				"down": {"uv": [0.61716, 0.64356, 0.41144, 0.85809], "texture": "#8"}
			}
		},
		{
			"from": [-0.375, 28.25, 7.75],
			"to": [0.875, 28.5, 8],
			"rotation": {"angle": -45, "axis": "z", "origin": [0.375, 27.75, 8.5]},
			"faces": {
				"north": {"uv": [0.61716, 0.42904, 0.82288, 0.64356], "texture": "#8"},
				"east": {"uv": [0.61716, 0.64356, 0.82288, 0.85809], "texture": "#8"},
				"south": {"uv": [0, 0.85809, 0.20572, 1.07261], "texture": "#8"},
				"west": {"uv": [0.82288, 0, 1.0286, 0.21452], "texture": "#8"},
				"up": {"uv": [0.41144, 1.07261, 0.20572, 0.85809], "texture": "#8"},
				"down": {"uv": [1.0286, 0.21452, 0.82288, 0.42904], "texture": "#8"}
			}
		},
		{
			"from": [-0.375, 27, 7.75],
			"to": [0.875, 27.25, 8],
			"rotation": {"angle": -45, "axis": "z", "origin": [0.375, 27.75, 8.5]},
			"faces": {
				"north": {"uv": [0.41144, 0.85809, 0.61716, 1.07261], "texture": "#8"},
				"east": {"uv": [0.82288, 0.42904, 1.0286, 0.64356], "texture": "#8"},
				"south": {"uv": [0.61716, 0.85809, 0.82288, 1.07261], "texture": "#8"},
				"west": {"uv": [0.82288, 0.64356, 1.0286, 0.85809], "texture": "#8"},
				"up": {"uv": [1.0286, 1.07261, 0.82288, 0.85809], "texture": "#8"},
				"down": {"uv": [0.20572, 1.07261, 0, 1.28713], "texture": "#8"}
			}
		},
		{
			"from": [0.375, 27, 9],
			"to": [0.875, 28.5, 9.25],
			"rotation": {"angle": -45, "axis": "z", "origin": [0.375, 27.75, 8.5]},
			"faces": {
				"north": {"uv": [0, 0, 0.20572, 0.42904], "texture": "#8"},
				"east": {"uv": [0.20572, 0, 0.41144, 0.42904], "texture": "#8"},
				"south": {"uv": [0, 0.42904, 0.20572, 0.85809], "texture": "#8"},
				"west": {"uv": [0.41144, 0, 0.61716, 0.42904], "texture": "#8"},
				"up": {"uv": [1.23432, 0.21452, 1.0286, 0], "texture": "#8"},
				"down": {"uv": [0.41144, 1.07261, 0.20572, 1.28713], "texture": "#8"}
			}
		},
		{
			"from": [0.625, 27.25, 7.75],
			"to": [1.125, 28.25, 8],
			"rotation": {"angle": -45, "axis": "z", "origin": [0.375, 27.75, 8.5]},
			"faces": {
				"north": {"uv": [1.0286, 0.21452, 1.23432, 0.42904], "texture": "#8"},
				"east": {"uv": [0.41144, 1.07261, 0.61716, 1.28713], "texture": "#8"},
				"south": {"uv": [1.0286, 0.42904, 1.23432, 0.64356], "texture": "#8"},
				"west": {"uv": [0.61716, 1.07261, 0.82288, 1.28713], "texture": "#8"},
				"up": {"uv": [1.23432, 0.85809, 1.0286, 0.64356], "texture": "#8"},
				"down": {"uv": [1.0286, 1.07261, 0.82288, 1.28713], "texture": "#8"}
			}
		},
		{
			"from": [-0.125, 27.25, 7.75],
			"to": [0.375, 28.25, 8],
			"rotation": {"angle": -45, "axis": "z", "origin": [0.375, 27.75, 8.5]},
			"faces": {
				"north": {"uv": [1.0286, 0.85809, 1.23432, 1.07261], "texture": "#8"},
				"east": {"uv": [1.0286, 1.07261, 1.23432, 1.28713], "texture": "#8"},
				"south": {"uv": [0, 1.28713, 0.20572, 1.50165], "texture": "#8"},
				"west": {"uv": [1.23432, 0, 1.44004, 0.21452], "texture": "#8"},
				"up": {"uv": [0.41144, 1.50165, 0.20572, 1.28713], "texture": "#8"},
				"down": {"uv": [1.44004, 0.21452, 1.23432, 0.42904], "texture": "#8"}
			}
		},
		{
			"from": [0.375, 27.5, 7.75],
			"to": [0.625, 28, 8],
			"rotation": {"angle": -45, "axis": "z", "origin": [0.375, 27.75, 8.5]},
			"faces": {
				"north": {"uv": [0.41144, 1.28713, 0.61716, 1.50165], "texture": "#8"},
				"east": {"uv": [1.23432, 0.42904, 1.44004, 0.64356], "texture": "#8"},
				"south": {"uv": [0.61716, 1.28713, 0.82288, 1.50165], "texture": "#8"},
				"west": {"uv": [1.23432, 0.64356, 1.44004, 0.85809], "texture": "#8"},
				"up": {"uv": [1.0286, 1.50165, 0.82288, 1.28713], "texture": "#8"},
				"down": {"uv": [1.44004, 0.85809, 1.23432, 1.07261], "texture": "#8"}
			}
		},
		{
			"from": [-0.375, 27.5, 7.75],
			"to": [-0.125, 28, 8],
			"rotation": {"angle": -45, "axis": "z", "origin": [0.375, 27.75, 8.5]},
			"faces": {
				"north": {"uv": [1.0286, 1.28713, 1.23432, 1.50165], "texture": "#8"},
				"east": {"uv": [1.23432, 1.07261, 1.44004, 1.28713], "texture": "#8"},
				"south": {"uv": [1.23432, 1.28713, 1.44004, 1.50165], "texture": "#8"},
				"west": {"uv": [0, 1.50165, 0.20572, 1.71617], "texture": "#8"},
				"up": {"uv": [1.64576, 0.21452, 1.44004, 0], "texture": "#8"},
				"down": {"uv": [0.41144, 1.50165, 0.20572, 1.71617], "texture": "#8"}
			}
		},
		{
			"from": [0.875, 27.25, 9],
			"to": [1.125, 28.25, 9.25],
			"rotation": {"angle": -45, "axis": "z", "origin": [0.375, 27.75, 8.5]},
			"faces": {
				"north": {"uv": [1.44004, 0.21452, 1.64576, 0.42904], "texture": "#8"},
				"east": {"uv": [0.41144, 1.50165, 0.61716, 1.71617], "texture": "#8"},
				"south": {"uv": [1.44004, 0.42904, 1.64576, 0.64356], "texture": "#8"},
				"west": {"uv": [0.61716, 1.50165, 0.82288, 1.71617], "texture": "#8"},
				"up": {"uv": [1.64576, 0.85809, 1.44004, 0.64356], "texture": "#8"},
				"down": {"uv": [1.0286, 1.50165, 0.82288, 1.71617], "texture": "#8"}
			}
		},
		{
			"from": [0.125, 27, 8],
			"to": [1.125, 27.25, 9],
			"rotation": {"angle": -45, "axis": "z", "origin": [0.375, 27.75, 8.5]},
			"faces": {
				"north": {"uv": [1.44004, 0.85809, 1.64576, 1.07261], "texture": "#8"},
				"east": {"uv": [1.0286, 1.50165, 1.23432, 1.71617], "texture": "#8"},
				"south": {"uv": [1.44004, 1.07261, 1.64576, 1.28713], "texture": "#8"},
				"west": {"uv": [1.23432, 1.50165, 1.44004, 1.71617], "texture": "#8"},
				"up": {"uv": [1.64576, 1.50165, 1.44004, 1.28713], "texture": "#8"},
				"down": {"uv": [1.64576, 1.50165, 1.44004, 1.71617], "texture": "#8"}
			}
		},
		{
			"from": [0.125, 27.25, 8],
			"to": [1.125, 28.5, 9],
			"rotation": {"angle": -45, "axis": "z", "origin": [0.375, 27.75, 8.5]},
			"faces": {
				"north": {"uv": [0, 1.71617, 0.20572, 1.93069], "texture": "#8"},
				"east": {"uv": [1.64576, 0, 1.85149, 0.21452], "texture": "#8"},
				"south": {"uv": [0.20572, 1.71617, 0.41144, 1.93069], "texture": "#8"},
				"west": {"uv": [1.64576, 0.21452, 1.85149, 0.42904], "texture": "#8"},
				"up": {"uv": [0.61716, 1.93069, 0.41144, 1.71617], "texture": "#8"},
				"down": {"uv": [1.85149, 0.42904, 1.64576, 0.64356], "texture": "#8"}
			}
		},
		{
			"from": [7, 21, 8],
			"to": [7.25, 22.25, 8.25],
			"rotation": {"angle": 0, "axis": "y", "origin": [7.875, 22, 8.125]},
			"faces": {
				"north": {"uv": [4.89141, 1.67174, 5.08823, 1.92508], "texture": "#7"},
				"east": {"uv": [4.94649, 1.67174, 5.14332, 1.92508], "texture": "#7"},
				"south": {"uv": [5.00158, 1.67174, 5.1984, 1.92508], "texture": "#7"},
				"west": {"uv": [5.33206, 1.36245, 5.52889, 1.61579], "texture": "#7"},
				"up": {"uv": [5.25348, 1.92508, 5.05666, 1.67174], "texture": "#7"},
				"down": {"uv": [5.52889, 1.41399, 5.33206, 1.66734], "texture": "#7"}
			}
		},
		{
			"from": [7.25, 22, 8],
			"to": [8.25, 22.25, 8.25],
			"rotation": {"angle": 0, "axis": "y", "origin": [7.875, 21.75, 8.125]},
			"faces": {
				"north": {"uv": [5.33206, 1.46554, 5.52889, 1.71889], "texture": "#7"},
				"east": {"uv": [5.33206, 1.51709, 5.52889, 1.77044], "texture": "#7"},
				"south": {"uv": [5.33206, 1.56864, 5.52889, 1.82198], "texture": "#7"},
				"west": {"uv": [5.33206, 1.62019, 5.52889, 1.87353], "texture": "#7"},
				"up": {"uv": [5.52889, 1.92508, 5.33206, 1.67174], "texture": "#7"},
				"down": {"uv": [5.58397, 1.15625, 5.38715, 1.40959], "texture": "#7"}
			}
		},
		{
			"from": [8.25, 21, 8],
			"to": [8.5, 22.25, 8.25],
			"rotation": {"angle": 0, "axis": "y", "origin": [7.625, 22, 8.125]},
			"faces": {
				"north": {"uv": [5.38715, 1.2078, 5.58397, 1.46114], "texture": "#7"},
				"east": {"uv": [4.89141, 1.72329, 5.08823, 1.97663], "texture": "#7"},
				"south": {"uv": [5.38715, 1.25935, 5.58397, 1.51269], "texture": "#7"},
				"west": {"uv": [4.94649, 1.72329, 5.14332, 1.97663], "texture": "#7"},
				"up": {"uv": [5.58397, 1.56424, 5.38715, 1.3109], "texture": "#7"},
				"down": {"uv": [5.1984, 1.72329, 5.00158, 1.97663], "texture": "#7"}
			}
		},
		{
			"from": [1.98223, 26.51777, 8.25],
			"to": [2.23223, 27.01777, 8.5],
			"rotation": {"angle": -30, "axis": "z", "origin": [1.35723, 26.76777, 8.375]},
			"faces": {
				"north": {"uv": [5.38715, 1.36245, 5.58397, 1.61579], "texture": "#7"},
				"east": {"uv": [5.05666, 1.72329, 5.25348, 1.97663], "texture": "#7"},
				"south": {"uv": [5.38715, 1.41399, 5.58397, 1.66734], "texture": "#7"},
				"west": {"uv": [5.11174, 1.72329, 5.30856, 1.97663], "texture": "#7"},
				"up": {"uv": [5.58397, 1.71889, 5.38715, 1.46554], "texture": "#7"},
				"down": {"uv": [5.36364, 1.72329, 5.16682, 1.97663], "texture": "#7"}
			}
		},
		{
			"from": [0.48223, 26.26777, 8.25],
			"to": [2.23223, 26.51777, 8.5],
			"rotation": {"angle": -30, "axis": "z", "origin": [1.35723, 26.76777, 8.375]},
			"faces": {
				"north": {"uv": [4.78125, 1.15625, 5.03315, 1.40959], "texture": "#7"},
				"east": {"uv": [5.38715, 1.51709, 5.58397, 1.77044], "texture": "#7"},
				"south": {"uv": [4.78125, 1.2078, 5.03315, 1.46114], "texture": "#7"},
				"west": {"uv": [5.2219, 1.72329, 5.41872, 1.97663], "texture": "#7"},
				"up": {"uv": [5.03315, 1.51269, 4.78125, 1.25935], "texture": "#7"},
				"down": {"uv": [5.14332, 1.15625, 4.89141, 1.40959], "texture": "#7"}
			}
		},
		{
			"from": [0.48223, 27.01777, 8.25],
			"to": [2.23223, 27.26777, 8.5],
			"rotation": {"angle": -30, "axis": "z", "origin": [1.35723, 26.76777, 8.375]},
			"faces": {
				"north": {"uv": [4.89141, 1.2078, 5.14332, 1.46114], "texture": "#7"},
				"east": {"uv": [5.38715, 1.56864, 5.58397, 1.82198], "texture": "#7"},
				"south": {"uv": [4.89141, 1.25935, 5.14332, 1.51269], "texture": "#7"},
				"west": {"uv": [5.27698, 1.72329, 5.4738, 1.97663], "texture": "#7"},
				"up": {"uv": [5.03315, 1.56424, 4.78125, 1.3109], "texture": "#7"},
				"down": {"uv": [5.14332, 1.3109, 4.89141, 1.56424], "texture": "#7"}
			}
		},
		{
			"from": [0.48223, 26.51777, 8.25],
			"to": [0.73223, 27.01777, 8.5],
			"rotation": {"angle": -30, "axis": "z", "origin": [1.35723, 26.76777, 8.375]},
			"faces": {
				"north": {"uv": [5.38715, 1.62019, 5.58397, 1.87353], "texture": "#7"},
				"east": {"uv": [5.33206, 1.72329, 5.52889, 1.97663], "texture": "#7"},
				"south": {"uv": [5.38715, 1.67174, 5.58397, 1.92508], "texture": "#7"},
				"west": {"uv": [5.38715, 1.72329, 5.58397, 1.97663], "texture": "#7"},
				"up": {"uv": [4.97807, 2.02818, 4.78125, 1.77484], "texture": "#7"},
				"down": {"uv": [5.63905, 1.15625, 5.44223, 1.40959], "texture": "#7"}
			}
		},
		{
			"from": [3, 25.625, 8.125],
			"to": [3.25, 25.875, 8.625],
			"rotation": {"angle": 45, "axis": "z", "origin": [3.125, 25.25, 8.375]},
			"faces": {
				"north": {"uv": [4.83633, 1.77484, 5.03315, 2.02818], "texture": "#7"},
				"east": {"uv": [5.44223, 1.2078, 5.63905, 1.46114], "texture": "#7"},
				"south": {"uv": [4.89141, 1.77484, 5.08823, 2.02818], "texture": "#7"},
				"west": {"uv": [5.44223, 1.25935, 5.63905, 1.51269], "texture": "#7"},
				"up": {"uv": [5.14332, 2.02818, 4.94649, 1.77484], "texture": "#7"},
				"down": {"uv": [5.63905, 1.3109, 5.44223, 1.56424], "texture": "#7"}
			}
		},
		{
			"from": [3, 25.625, 7.875],
			"to": [3.25, 27.375, 8.125],
			"rotation": {"angle": 45, "axis": "z", "origin": [3.125, 25.25, 8.375]},
			"faces": {
				"north": {"uv": [4.78125, 1.36245, 4.97807, 1.66734], "texture": "#7"},
				"east": {"uv": [5.00158, 1.15625, 5.1984, 1.46114], "texture": "#7"},
				"south": {"uv": [4.83633, 1.36245, 5.03315, 1.66734], "texture": "#7"},
				"west": {"uv": [4.89141, 1.36245, 5.08823, 1.66734], "texture": "#7"},
				"up": {"uv": [5.1984, 2.02818, 5.00158, 1.77484], "texture": "#7"},
				"down": {"uv": [5.63905, 1.36245, 5.44223, 1.61579], "texture": "#7"}
			}
		},
		{
			"from": [3, 25.625, 8.625],
			"to": [3.25, 27.375, 8.875],
			"rotation": {"angle": 45, "axis": "z", "origin": [3.125, 25.25, 8.375]},
			"faces": {
				"north": {"uv": [5.00158, 1.25935, 5.1984, 1.56424], "texture": "#7"},
				"east": {"uv": [4.94649, 1.36245, 5.14332, 1.66734], "texture": "#7"},
				"south": {"uv": [5.00158, 1.36245, 5.1984, 1.66734], "texture": "#7"},
				"west": {"uv": [5.05666, 1.15625, 5.25348, 1.46114], "texture": "#7"},
				"up": {"uv": [5.25348, 2.02818, 5.05666, 1.77484], "texture": "#7"},
				"down": {"uv": [5.63905, 1.41399, 5.44223, 1.66734], "texture": "#7"}
			}
		},
		{
			"from": [3, 27.125, 8.125],
			"to": [3.25, 27.375, 8.625],
			"rotation": {"angle": 45, "axis": "z", "origin": [3.125, 25.25, 8.375]},
			"faces": {
				"north": {"uv": [5.11174, 1.77484, 5.30856, 2.02818], "texture": "#7"},
				"east": {"uv": [5.44223, 1.46554, 5.63905, 1.71889], "texture": "#7"},
				"south": {"uv": [5.16682, 1.77484, 5.36364, 2.02818], "texture": "#7"},
				"west": {"uv": [5.44223, 1.51709, 5.63905, 1.77044], "texture": "#7"},
				"up": {"uv": [5.41872, 2.02818, 5.2219, 1.77484], "texture": "#7"},
				"down": {"uv": [5.63905, 1.56864, 5.44223, 1.82198], "texture": "#7"}
			}
		},
		{
			"from": [3.98223, 25.26777, 8.25],
			"to": [4.23223, 25.76777, 8.5],
			"rotation": {"angle": -27.5, "axis": "z", "origin": [3.35723, 25.51777, 8.375]},
			"faces": {
				"north": {"uv": [5.27698, 1.77484, 5.4738, 2.02818], "texture": "#7"},
				"east": {"uv": [5.44223, 1.62019, 5.63905, 1.87353], "texture": "#7"},
				"south": {"uv": [5.33206, 1.77484, 5.52889, 2.02818], "texture": "#7"},
				"west": {"uv": [5.44223, 1.67174, 5.63905, 1.92508], "texture": "#7"},
				"up": {"uv": [5.58397, 2.02818, 5.38715, 1.77484], "texture": "#7"},
				"down": {"uv": [5.63905, 1.72329, 5.44223, 1.97663], "texture": "#7"}
			}
		},
		{
			"from": [2.48223, 25.01777, 8.25],
			"to": [4.23223, 25.26777, 8.5],
			"rotation": {"angle": -27.5, "axis": "z", "origin": [3.35723, 25.51777, 8.375]},
			"faces": {
				"north": {"uv": [5.05666, 1.25935, 5.30856, 1.51269], "texture": "#7"},
				"east": {"uv": [5.44223, 1.77484, 5.63905, 2.02818], "texture": "#7"},
				"south": {"uv": [5.05666, 1.3109, 5.30856, 1.56424], "texture": "#7"},
				"west": {"uv": [4.78125, 1.82638, 4.97807, 2.07973], "texture": "#7"},
				"up": {"uv": [5.30856, 1.61579, 5.05666, 1.36245], "texture": "#7"},
				"down": {"uv": [5.30856, 1.41399, 5.05666, 1.66734], "texture": "#7"}
			}
		},
		{
			"from": [2.48223, 25.76777, 8.25],
			"to": [4.23223, 26.01777, 8.5],
			"rotation": {"angle": -27.5, "axis": "z", "origin": [3.35723, 25.51777, 8.375]},
			"faces": {
				"north": {"uv": [4.78125, 1.46554, 5.03315, 1.71889], "texture": "#7"},
				"east": {"uv": [5.49731, 1.15625, 5.69413, 1.40959], "texture": "#7"},
				"south": {"uv": [5.11174, 1.15625, 5.36364, 1.40959], "texture": "#7"},
				"west": {"uv": [4.83633, 1.82638, 5.03315, 2.07973], "texture": "#7"},
				"up": {"uv": [5.36364, 1.46114, 5.11174, 1.2078], "texture": "#7"},
				"down": {"uv": [5.14332, 1.46554, 4.89141, 1.71889], "texture": "#7"}
			}
		},
		{
			"from": [2.48223, 25.26777, 8.25],
			"to": [2.73223, 25.76777, 8.5],
			"rotation": {"angle": -27.5, "axis": "z", "origin": [3.35723, 25.51777, 8.375]},
			"faces": {
				"north": {"uv": [5.49731, 1.2078, 5.69413, 1.46114], "texture": "#7"},
				"east": {"uv": [4.89141, 1.82638, 5.08823, 2.07973], "texture": "#7"},
				"south": {"uv": [5.49731, 1.25935, 5.69413, 1.51269], "texture": "#7"},
				"west": {"uv": [4.94649, 1.82638, 5.14332, 2.07973], "texture": "#7"},
				"up": {"uv": [5.69413, 1.56424, 5.49731, 1.3109], "texture": "#7"},
				"down": {"uv": [5.1984, 1.82638, 5.00158, 2.07973], "texture": "#7"}
			}
		},
		{
			"from": [5.11612, 25.00888, 8.125],
			"to": [5.36612, 25.25888, 8.625],
			"rotation": {"angle": -25, "axis": "z", "origin": [4.49112, 25.13388, 8.375]},
			"faces": {
				"north": {"uv": [5.49731, 1.36245, 5.69413, 1.61579], "texture": "#7"},
				"east": {"uv": [5.05666, 1.82638, 5.25348, 2.07973], "texture": "#7"},
				"south": {"uv": [5.49731, 1.41399, 5.69413, 1.66734], "texture": "#7"},
				"west": {"uv": [5.11174, 1.82638, 5.30856, 2.07973], "texture": "#7"},
				"up": {"uv": [5.69413, 1.71889, 5.49731, 1.46554], "texture": "#7"},
				"down": {"uv": [5.36364, 1.82638, 5.16682, 2.07973], "texture": "#7"}
			}
		},
		{
			"from": [3.61612, 25.00888, 7.875],
			"to": [5.36612, 25.25888, 8.125],
			"rotation": {"angle": -25, "axis": "z", "origin": [4.49112, 25.13388, 8.375]},
			"faces": {
				"north": {"uv": [5.00158, 1.46554, 5.25348, 1.71889], "texture": "#7"},
				"east": {"uv": [5.49731, 1.51709, 5.69413, 1.77044], "texture": "#7"},
				"south": {"uv": [5.11174, 1.46554, 5.36364, 1.71889], "texture": "#7"},
				"west": {"uv": [5.2219, 1.82638, 5.41872, 2.07973], "texture": "#7"},
				"up": {"uv": [5.03315, 1.77044, 4.78125, 1.51709], "texture": "#7"},
				"down": {"uv": [5.14332, 1.51709, 4.89141, 1.77044], "texture": "#7"}
			}
		},
		{
			"from": [3.61612, 25.00888, 8.625],
			"to": [5.36612, 25.25888, 8.875],
			"rotation": {"angle": -25, "axis": "z", "origin": [4.49112, 25.13388, 8.375]},
			"faces": {
				"north": {"uv": [5.16682, 1.25935, 5.41872, 1.51269], "texture": "#7"},
				"east": {"uv": [5.49731, 1.56864, 5.69413, 1.82198], "texture": "#7"},
				"south": {"uv": [5.16682, 1.3109, 5.41872, 1.56424], "texture": "#7"},
				"west": {"uv": [5.27698, 1.82638, 5.4738, 2.07973], "texture": "#7"},
				"up": {"uv": [5.25348, 1.77044, 5.00158, 1.51709], "texture": "#7"},
				"down": {"uv": [5.41872, 1.36245, 5.16682, 1.61579], "texture": "#7"}
			}
		},
		{
			"from": [3.61612, 25.00888, 8.125],
			"to": [3.86612, 25.25888, 8.625],
			"rotation": {"angle": -25, "axis": "z", "origin": [4.49112, 25.13388, 8.375]},
			"faces": {
				"north": {"uv": [5.49731, 1.62019, 5.69413, 1.87353], "texture": "#7"},
				"east": {"uv": [5.33206, 1.82638, 5.52889, 2.07973], "texture": "#7"},
				"south": {"uv": [5.49731, 1.67174, 5.69413, 1.92508], "texture": "#7"},
				"west": {"uv": [5.38715, 1.82638, 5.58397, 2.07973], "texture": "#7"},
				"up": {"uv": [5.69413, 1.97663, 5.49731, 1.72329], "texture": "#7"},
				"down": {"uv": [5.63905, 1.82638, 5.44223, 2.07973], "texture": "#7"}
			}
		},
		{
			"from": [6.25, 24.5, 8.25],
			"to": [6.5, 25, 8.5],
			"rotation": {"angle": -10, "axis": "z", "origin": [5.625, 24.75, 8.375]},
			"faces": {
				"north": {"uv": [5.49731, 1.77484, 5.69413, 2.02818], "texture": "#7"},
				"east": {"uv": [5.49731, 1.82638, 5.69413, 2.07973], "texture": "#7"},
				"south": {"uv": [4.78125, 1.87793, 4.97807, 2.13128], "texture": "#7"},
				"west": {"uv": [5.55239, 1.15625, 5.74921, 1.40959], "texture": "#7"},
				"up": {"uv": [5.03315, 2.13128, 4.83633, 1.87793], "texture": "#7"},
				"down": {"uv": [5.74921, 1.2078, 5.55239, 1.46114], "texture": "#7"}
			}
		},
		{
			"from": [4.75, 24.25, 8.25],
			"to": [6.5, 24.5, 8.5],
			"rotation": {"angle": -10, "axis": "z", "origin": [5.625, 24.75, 8.375]},
			"faces": {
				"north": {"uv": [5.16682, 1.41399, 5.41872, 1.66734], "texture": "#7"},
				"east": {"uv": [4.89141, 1.87793, 5.08823, 2.13128], "texture": "#7"},
				"south": {"uv": [5.11174, 1.51709, 5.36364, 1.77044], "texture": "#7"},
				"west": {"uv": [5.55239, 1.25935, 5.74921, 1.51269], "texture": "#7"},
				"up": {"uv": [5.03315, 1.82198, 4.78125, 1.56864], "texture": "#7"},
				"down": {"uv": [5.4738, 1.15625, 5.2219, 1.40959], "texture": "#7"}
			}
		},
		{
			"from": [4.75, 25, 8.25],
			"to": [6.5, 25.25, 8.5],
			"rotation": {"angle": -10, "axis": "z", "origin": [5.625, 24.75, 8.375]},
			"faces": {
				"north": {"uv": [5.2219, 1.2078, 5.4738, 1.46114], "texture": "#7"},
				"east": {"uv": [4.94649, 1.87793, 5.14332, 2.13128], "texture": "#7"},
				"south": {"uv": [4.89141, 1.56864, 5.14332, 1.82198], "texture": "#7"},
				"west": {"uv": [5.55239, 1.3109, 5.74921, 1.56424], "texture": "#7"},
				"up": {"uv": [5.25348, 1.82198, 5.00158, 1.56864], "texture": "#7"},
				"down": {"uv": [5.36364, 1.56864, 5.11174, 1.82198], "texture": "#7"}
			}
		},
		{
			"from": [4.75, 24.5, 8.25],
			"to": [5, 25, 8.5],
			"rotation": {"angle": -10, "axis": "z", "origin": [5.625, 24.75, 8.375]},
			"faces": {
				"north": {"uv": [5.00158, 1.87793, 5.1984, 2.13128], "texture": "#7"},
				"east": {"uv": [5.55239, 1.36245, 5.74921, 1.61579], "texture": "#7"},
				"south": {"uv": [5.05666, 1.87793, 5.25348, 2.13128], "texture": "#7"},
				"west": {"uv": [5.55239, 1.41399, 5.74921, 1.66734], "texture": "#7"},
				"up": {"uv": [5.30856, 2.13128, 5.11174, 1.87793], "texture": "#7"},
				"down": {"uv": [5.74921, 1.46554, 5.55239, 1.71889], "texture": "#7"}
			}
		},
		{
			"from": [7.5, 24.875, 8.125],
			"to": [7.75, 25.125, 8.625],
			"rotation": {"angle": -35, "axis": "z", "origin": [5.625, 25, 8.375]},
			"faces": {
				"north": {"uv": [5.16682, 1.87793, 5.36364, 2.13128], "texture": "#7"},
				"east": {"uv": [5.55239, 1.51709, 5.74921, 1.77044], "texture": "#7"},
				"south": {"uv": [5.2219, 1.87793, 5.41872, 2.13128], "texture": "#7"},
				"west": {"uv": [5.55239, 1.56864, 5.74921, 1.82198], "texture": "#7"},
				"up": {"uv": [5.4738, 2.13128, 5.27698, 1.87793], "texture": "#7"},
				"down": {"uv": [5.74921, 1.62019, 5.55239, 1.87353], "texture": "#7"}
			}
		},
		{
			"from": [6, 24.875, 7.875],
			"to": [7.75, 25.125, 8.125],
			"rotation": {"angle": -35, "axis": "z", "origin": [5.625, 25, 8.375]},
			"faces": {
				"north": {"uv": [5.2219, 1.46554, 5.4738, 1.71889], "texture": "#7"},
				"east": {"uv": [5.33206, 1.87793, 5.52889, 2.13128], "texture": "#7"},
				"south": {"uv": [5.2219, 1.51709, 5.4738, 1.77044], "texture": "#7"},
				"west": {"uv": [5.55239, 1.67174, 5.74921, 1.92508], "texture": "#7"},
				"up": {"uv": [5.4738, 1.82198, 5.2219, 1.56864], "texture": "#7"},
				"down": {"uv": [5.03315, 1.62019, 4.78125, 1.87353], "texture": "#7"}
			}
		},
		{
			"from": [6, 24.875, 8.625],
			"to": [7.75, 25.125, 8.875],
			"rotation": {"angle": -35, "axis": "z", "origin": [5.625, 25, 8.375]},
			"faces": {
				"north": {"uv": [4.89141, 1.62019, 5.14332, 1.87353], "texture": "#7"},
				"east": {"uv": [5.38715, 1.87793, 5.58397, 2.13128], "texture": "#7"},
				"south": {"uv": [5.27698, 1.25935, 5.52889, 1.51269], "texture": "#7"},
				"west": {"uv": [5.55239, 1.72329, 5.74921, 1.97663], "texture": "#7"},
				"up": {"uv": [5.52889, 1.56424, 5.27698, 1.3109], "texture": "#7"},
				"down": {"uv": [5.25348, 1.62019, 5.00158, 1.87353], "texture": "#7"}
			}
		},
		{
			"from": [6, 24.875, 8.125],
			"to": [6.25, 25.125, 8.625],
			"rotation": {"angle": -35, "axis": "z", "origin": [5.625, 25, 8.375]},
			"faces": {
				"north": {"uv": [5.44223, 1.87793, 5.63905, 2.13128], "texture": "#7"},
				"east": {"uv": [5.55239, 1.77484, 5.74921, 2.02818], "texture": "#7"},
				"south": {"uv": [5.49731, 1.87793, 5.69413, 2.13128], "texture": "#7"},
				"west": {"uv": [5.55239, 1.82638, 5.74921, 2.07973], "texture": "#7"},
				"up": {"uv": [5.74921, 2.13128, 5.55239, 1.87793], "texture": "#7"},
				"down": {"uv": [4.97807, 1.92948, 4.78125, 2.18283], "texture": "#7"}
			}
		},
		{
			"from": [7.39277, 22.60723, 8.25],
			"to": [7.89277, 22.85723, 8.5],
			"rotation": {"angle": 27.5, "axis": "z", "origin": [7.64277, 23.48223, 8.375]},
			"faces": {
				"north": {"uv": [5.60747, 1.15625, 5.80429, 1.40959], "texture": "#7"},
				"east": {"uv": [4.83633, 1.92948, 5.03315, 2.18283], "texture": "#7"},
				"south": {"uv": [5.60747, 1.2078, 5.80429, 1.46114], "texture": "#7"},
				"west": {"uv": [4.89141, 1.92948, 5.08823, 2.18283], "texture": "#7"},
				"up": {"uv": [5.80429, 1.51269, 5.60747, 1.25935], "texture": "#7"},
				"down": {"uv": [5.14332, 1.92948, 4.94649, 2.18283], "texture": "#7"}
			}
		},
		{
			"from": [7.14277, 22.60723, 8.25],
			"to": [7.39277, 24.35723, 8.5],
			"rotation": {"angle": 27.5, "axis": "z", "origin": [7.64277, 23.48223, 8.375]},
			"faces": {
				"north": {"uv": [5.27698, 1.36245, 5.4738, 1.66734], "texture": "#7"},
				"east": {"uv": [5.11174, 1.62019, 5.30856, 1.92508], "texture": "#7"},
				"south": {"uv": [5.16682, 1.62019, 5.36364, 1.92508], "texture": "#7"},
				"west": {"uv": [5.2219, 1.62019, 5.41872, 1.92508], "texture": "#7"},
				"up": {"uv": [5.80429, 1.56424, 5.60747, 1.3109], "texture": "#7"},
				"down": {"uv": [5.1984, 1.92948, 5.00158, 2.18283], "texture": "#7"}
			}
		},
		{
			"from": [7.89277, 22.60723, 8.25],
			"to": [8.14277, 24.35723, 8.5],
			"rotation": {"angle": 27.5, "axis": "z", "origin": [7.64277, 23.48223, 8.375]},
			"faces": {
				"north": {"uv": [5.27698, 1.62019, 5.4738, 1.92508], "texture": "#7"},
				"east": {"uv": [4.78125, 1.67174, 4.97807, 1.97663], "texture": "#7"},
				"south": {"uv": [5.33206, 1.15625, 5.52889, 1.46114], "texture": "#7"},
				"west": {"uv": [4.83633, 1.67174, 5.03315, 1.97663], "texture": "#7"},
				"up": {"uv": [5.80429, 1.61579, 5.60747, 1.36245], "texture": "#7"},
				"down": {"uv": [5.25348, 1.92948, 5.05666, 2.18283], "texture": "#7"}
			}
		},
		{
			"from": [7.39277, 24.10723, 8.25],
			"to": [7.89277, 24.35723, 8.5],
			"rotation": {"angle": 27.5, "axis": "z", "origin": [7.64277, 23.48223, 8.375]},
			"faces": {
				"north": {"uv": [5.60747, 1.41399, 5.80429, 1.66734], "texture": "#7"},
				"east": {"uv": [5.11174, 1.92948, 5.30856, 2.18283], "texture": "#7"},
				"south": {"uv": [5.60747, 1.46554, 5.80429, 1.71889], "texture": "#7"},
				"west": {"uv": [5.16682, 1.92948, 5.36364, 2.18283], "texture": "#7"},
				"up": {"uv": [5.80429, 1.77044, 5.60747, 1.51709], "texture": "#7"},
				"down": {"uv": [5.41872, 1.92948, 5.2219, 2.18283], "texture": "#7"}
			}
		},
		{
			"from": [7.75, 21.75, 7.75],
			"to": [8, 23, 8],
			"rotation": {"angle": 17.5, "axis": "z", "origin": [7.875, 22.75, 8.625]},
			"faces": {
				"north": {"uv": [5.60747, 1.56864, 5.80429, 1.82198], "texture": "#7"},
				"east": {"uv": [5.27698, 1.92948, 5.4738, 2.18283], "texture": "#7"},
				"south": {"uv": [5.60747, 1.62019, 5.80429, 1.87353], "texture": "#7"},
				"west": {"uv": [5.33206, 1.92948, 5.52889, 2.18283], "texture": "#7"},
				"up": {"uv": [5.80429, 1.92508, 5.60747, 1.67174], "texture": "#7"},
				"down": {"uv": [5.58397, 1.92948, 5.38715, 2.18283], "texture": "#7"}
			}
		},
		{
			"from": [7.75, 23, 7.75],
			"to": [8, 23.25, 8.75],
			"rotation": {"angle": 17.5, "axis": "z", "origin": [7.875, 22.75, 8.375]},
			"faces": {
				"north": {"uv": [5.60747, 1.72329, 5.80429, 1.97663], "texture": "#7"},
				"east": {"uv": [5.44223, 1.92948, 5.63905, 2.18283], "texture": "#7"},
				"south": {"uv": [5.60747, 1.77484, 5.80429, 2.02818], "texture": "#7"},
				"west": {"uv": [5.49731, 1.92948, 5.69413, 2.18283], "texture": "#7"},
				"up": {"uv": [5.80429, 2.07973, 5.60747, 1.82638], "texture": "#7"},
				"down": {"uv": [5.74921, 1.92948, 5.55239, 2.18283], "texture": "#7"}
			}
		},
		{
			"from": [7.75, 21.75, 8],
			"to": [8, 22, 8.5],
			"rotation": {"angle": 17.5, "axis": "z", "origin": [7.875, 22.75, 8.375]},
			"faces": {
				"north": {"uv": [5.60747, 1.87793, 5.80429, 2.13128], "texture": "#7"},
				"east": {"uv": [5.60747, 1.92948, 5.80429, 2.18283], "texture": "#7"},
				"south": {"uv": [4.78125, 1.98103, 4.97807, 2.23437], "texture": "#7"},
				"west": {"uv": [5.66255, 1.15625, 5.85938, 1.40959], "texture": "#7"},
				"up": {"uv": [5.03315, 2.23437, 4.83633, 1.98103], "texture": "#7"},
				"down": {"uv": [5.85938, 1.2078, 5.66255, 1.46114], "texture": "#7"}
			}
		},
		{
			"from": [7.75, 21.75, 8.5],
			"to": [8, 23, 8.75],
			"rotation": {"angle": 17.5, "axis": "z", "origin": [7.875, 22.75, 7.875]},
			"faces": {
				"north": {"uv": [4.89141, 1.98103, 5.08823, 2.23437], "texture": "#7"},
				"east": {"uv": [5.66255, 1.25935, 5.85938, 1.51269], "texture": "#7"},
				"south": {"uv": [4.94649, 1.98103, 5.14332, 2.23437], "texture": "#7"},
				"west": {"uv": [5.66255, 1.3109, 5.85938, 1.56424], "texture": "#7"},
				"up": {"uv": [5.1984, 2.23437, 5.00158, 1.98103], "texture": "#7"},
				"down": {"uv": [5.85938, 1.36245, 5.66255, 1.61579], "texture": "#7"}
			}
		},
		{
			"from": [6.25, 19.5, 7.75],
			"to": [9.75, 21.5, 8.75],
			"rotation": {"angle": 0, "axis": "y", "origin": [9, 6.5, 7.25]},
			"faces": {
				"north": {"uv": [6.60986, 12.91733, 7.0247, 13.14006], "texture": "#4"},
				"east": {"uv": [7.43954, 13.36278, 7.54325, 13.58551], "texture": "#4"},
				"south": {"uv": [6.60986, 13.14006, 7.0247, 13.36278], "texture": "#4"},
				"west": {"uv": [5.98759, 15.14458, 6.0913, 15.3673], "texture": "#4"},
				"up": {"uv": [7.23212, 13.69687, 6.81728, 13.58551], "texture": "#4"},
				"down": {"uv": [7.23212, 13.69687, 6.81728, 13.80823], "texture": "#4"}
			}
		},
		{
			"from": [9.25, 19.5, 8],
			"to": [9.75, 21.4, 8.5],
			"rotation": {"angle": 22.5, "axis": "y", "origin": [9.25, 20.45, 8]},
			"faces": {
				"north": {"uv": [7.43954, 13.58551, 7.54325, 13.80823], "texture": "#4"},
				"east": {"uv": [7.43954, 13.80823, 7.54325, 14.03096], "texture": "#4"},
				"south": {"uv": [6.29872, 15.14458, 6.40243, 15.3673], "texture": "#4"},
				"west": {"uv": [6.40243, 15.14458, 6.50614, 15.3673], "texture": "#4"},
				"up": {"uv": [7.64696, 15.03322, 7.54325, 14.92186], "texture": "#4"},
				"down": {"uv": [7.64696, 15.03322, 7.54325, 15.14458], "texture": "#4"}
			}
		},
		{
			"from": [9.25, 19.5, 8.0412],
			"to": [9.75, 21.4, 8.5412],
			"rotation": {"angle": -22.5, "axis": "y", "origin": [9.25, 20.45, 8.5412]},
			"faces": {
				"north": {"uv": [7.43954, 14.03096, 7.54325, 14.25368], "texture": "#4"},
				"east": {"uv": [6.50614, 15.14458, 6.60986, 15.3673], "texture": "#4"},
				"south": {"uv": [6.60986, 15.14458, 6.71357, 15.3673], "texture": "#4"},
				"west": {"uv": [7.43954, 14.25368, 7.54325, 14.47641], "texture": "#4"},
				"up": {"uv": [7.64696, 15.25594, 7.54325, 15.14458], "texture": "#4"},
				"down": {"uv": [7.64696, 15.25594, 7.54325, 15.3673], "texture": "#4"}
			}
		},
		{
			"from": [6.25, 19.5, 8],
			"to": [6.75, 21.4, 8.5],
			"rotation": {"angle": -22.5, "axis": "y", "origin": [6.75, 20.45, 8]},
			"faces": {
				"north": {"uv": [6.71357, 15.14458, 6.81728, 15.3673], "texture": "#4"},
				"east": {"uv": [6.81728, 15.14458, 6.92099, 15.3673], "texture": "#4"},
				"south": {"uv": [7.43954, 14.47641, 7.54325, 14.69913], "texture": "#4"},
				"west": {"uv": [7.0247, 15.14458, 7.12841, 15.3673], "texture": "#4"},
				"up": {"uv": [5.46904, 15.47867, 5.36533, 15.3673], "texture": "#4"},
				"down": {"uv": [7.75067, 12.91733, 7.64696, 13.0287], "texture": "#4"}
			}
		},
		{
			"from": [6.25, 19.5, 8.0412],
			"to": [6.75, 21.4, 8.5412],
			"rotation": {"angle": 22.5, "axis": "y", "origin": [6.75, 20.45, 8.5412]},
			"faces": {
				"north": {"uv": [7.43954, 14.69913, 7.54325, 14.92186], "texture": "#4"},
				"east": {"uv": [7.43954, 14.92186, 7.54325, 15.14458], "texture": "#4"},
				"south": {"uv": [7.33583, 15.14458, 7.43954, 15.3673], "texture": "#4"},
				"west": {"uv": [7.43954, 15.14458, 7.54325, 15.3673], "texture": "#4"},
				"up": {"uv": [5.57275, 15.47867, 5.46904, 15.3673], "texture": "#4"},
				"down": {"uv": [7.75067, 13.0287, 7.64696, 13.14006], "texture": "#4"}
			}
		},
		{
			"from": [6.5, 19.75, 8],
			"to": [9.5, 20.75, 8.75],
			"rotation": {"angle": 22.5, "axis": "x", "origin": [8, 19.75, 8.25]},
			"faces": {
				"north": {"uv": [7.0247, 13.0287, 7.33583, 13.14006], "texture": "#4"},
				"east": {"uv": [5.57275, 15.3673, 5.67646, 15.47867], "texture": "#4"},
				"south": {"uv": [7.0247, 13.14006, 7.33583, 13.25142], "texture": "#4"},
				"west": {"uv": [7.64696, 13.14006, 7.75067, 13.25142], "texture": "#4"},
				"up": {"uv": [5.98759, 14.81049, 5.67646, 14.69913], "texture": "#4"},
				"down": {"uv": [7.33583, 13.25142, 7.0247, 13.36278], "texture": "#4"}
			}
		},
		{
			"from": [6.5, 20.2912, 8.38268],
			"to": [9.5, 21.2912, 9.13268],
			"rotation": {"angle": -22.5, "axis": "x", "origin": [8, 20.2912, 8.63268]},
			"faces": {
				"north": {"uv": [6.19501, 14.69913, 6.50614, 14.81049], "texture": "#4"},
				"east": {"uv": [5.67646, 15.3673, 5.78017, 15.47867], "texture": "#4"},
				"south": {"uv": [6.50614, 14.69913, 6.81728, 14.81049], "texture": "#4"},
				"west": {"uv": [7.64696, 13.25142, 7.75067, 13.36278], "texture": "#4"},
				"up": {"uv": [7.12841, 14.81049, 6.81728, 14.69913], "texture": "#4"},
				"down": {"uv": [5.67646, 14.81049, 5.36533, 14.92186], "texture": "#4"}
			}
		},
		{
			"from": [6.5, 20.2912, 7.36732],
			"to": [9.5, 21.2912, 8.11732],
			"rotation": {"angle": 22.5, "axis": "x", "origin": [8, 20.2912, 7.86732]},
			"faces": {
				"north": {"uv": [5.67646, 14.81049, 5.98759, 14.92186], "texture": "#4"},
				"east": {"uv": [5.78017, 15.3673, 5.88388, 15.47867], "texture": "#4"},
				"south": {"uv": [5.98759, 14.81049, 6.29872, 14.92186], "texture": "#4"},
				"west": {"uv": [7.64696, 13.36278, 7.75067, 13.47414], "texture": "#4"},
				"up": {"uv": [7.43954, 13.91959, 7.12841, 13.80823], "texture": "#4"},
				"down": {"uv": [6.60986, 14.81049, 6.29872, 14.92186], "texture": "#4"}
			}
		},
		{
			"from": [6.5, 19.75, 7.75],
			"to": [9.5, 20.75, 8.5],
			"rotation": {"angle": -22.5, "axis": "x", "origin": [8, 19.75, 8.25]},
			"faces": {
				"north": {"uv": [7.12841, 13.91959, 7.43954, 14.03096], "texture": "#4"},
				"east": {"uv": [5.88388, 15.3673, 5.98759, 15.47867], "texture": "#4"},
				"south": {"uv": [7.12841, 14.03096, 7.43954, 14.14232], "texture": "#4"},
				"west": {"uv": [7.64696, 13.47414, 7.75067, 13.58551], "texture": "#4"},
				"up": {"uv": [7.43954, 14.25368, 7.12841, 14.14232], "texture": "#4"},
				"down": {"uv": [6.92099, 14.81049, 6.60986, 14.92186], "texture": "#4"}
			}
		},
		{
			"from": [7, 19, 7.25],
			"to": [9, 19.5, 9.25],
			"rotation": {"angle": -45, "axis": "y", "origin": [8, 19.25, 8.25]},
			"faces": {
				"north": {"uv": [2.98188, 6.71015, 4.31159, 7.31522], "texture": "#6"},
				"east": {"uv": [6.97102, 3.07972, 8.30073, 3.68479], "texture": "#6"},
				"south": {"uv": [6.97102, 3.68479, 8.30073, 4.28986], "texture": "#6"},
				"west": {"uv": [4.31159, 6.71015, 5.6413, 7.31522], "texture": "#6"},
				"up": {"uv": [2.98188, 3.07972, 1.65217, 1.86957], "texture": "#6"},
				"down": {"uv": [2.98188, 3.07972, 1.65217, 4.28986], "texture": "#6"}
			}
		},
		{
			"from": [7, 18.5, 7.25],
			"to": [9, 19, 9.25],
			"rotation": {"angle": 22.5, "axis": "y", "origin": [8, 18.75, 8.25]},
			"faces": {
				"north": {"uv": [6.97102, 4.28986, 8.30073, 4.89493], "texture": "#6"},
				"east": {"uv": [6.97102, 4.89493, 8.30073, 5.5], "texture": "#6"},
				"south": {"uv": [5.6413, 6.71015, 6.97102, 7.31522], "texture": "#6"},
				"west": {"uv": [6.97102, 5.5, 8.30073, 6.10508], "texture": "#6"},
				"up": {"uv": [4.31159, 3.07972, 2.98188, 1.86957], "texture": "#6"},
				"down": {"uv": [4.31159, 3.07972, 2.98188, 4.28986], "texture": "#6"}
			}
		},
		{
			"from": [7, 18, 7.25],
			"to": [9, 18.5, 9.25],
			"rotation": {"angle": 0, "axis": "y", "origin": [8, 18.25, 8.25]},
			"faces": {
				"north": {"uv": [6.97102, 6.10508, 8.30073, 6.71015], "texture": "#6"},
				"east": {"uv": [6.97102, 6.71015, 8.30073, 7.31522], "texture": "#6"},
				"south": {"uv": [2.98188, 7.31522, 4.31159, 7.92029], "texture": "#6"},
				"west": {"uv": [4.31159, 7.31522, 5.6413, 7.92029], "texture": "#6"},
				"up": {"uv": [2.98188, 5.5, 1.65217, 4.28986], "texture": "#6"},
				"down": {"uv": [5.6413, 1.86957, 4.31159, 3.07972], "texture": "#6"}
			}
		},
		{
			"from": [7, 17.5, 7.25],
			"to": [9, 18, 9.25],
			"rotation": {"angle": -22.5, "axis": "y", "origin": [8, 17.75, 8.25]},
			"faces": {
				"north": {"uv": [5.6413, 7.31522, 6.97102, 7.92029], "texture": "#6"},
				"east": {"uv": [6.97102, 7.31522, 8.30073, 7.92029], "texture": "#6"},
				"south": {"uv": [1.65217, 7.92029, 2.98188, 8.52536], "texture": "#6"},
				"west": {"uv": [8.30073, 1.86957, 9.63043, 2.47464], "texture": "#6"},
				"up": {"uv": [4.31159, 5.5, 2.98188, 4.28986], "texture": "#6"},
				"down": {"uv": [5.6413, 3.07972, 4.31159, 4.28986], "texture": "#6"}
			}
		},
		{
			"from": [7, 17, 7.25],
			"to": [9, 17.5, 9.25],
			"rotation": {"angle": -45, "axis": "y", "origin": [8, 17.25, 8.25]},
			"faces": {
				"north": {"uv": [8.30073, 2.47464, 9.63043, 3.07972], "texture": "#6"},
				"east": {"uv": [2.98188, 7.92029, 4.31159, 8.52536], "texture": "#6"},
				"south": {"uv": [8.30073, 3.07972, 9.63043, 3.68479], "texture": "#6"},
				"west": {"uv": [8.30073, 3.68479, 9.63043, 4.28986], "texture": "#6"},
				"up": {"uv": [5.6413, 5.5, 4.31159, 4.28986], "texture": "#6"},
				"down": {"uv": [2.98188, 5.5, 1.65217, 6.71015], "texture": "#6"}
			}
		},
		{
			"from": [7, 16.5, 7.25],
			"to": [9, 17, 9.25],
			"rotation": {"angle": 22.5, "axis": "y", "origin": [8, 16.75, 8.25]},
			"faces": {
				"north": {"uv": [4.31159, 7.92029, 5.6413, 8.52536], "texture": "#6"},
				"east": {"uv": [8.30073, 4.28986, 9.63043, 4.89493], "texture": "#6"},
				"south": {"uv": [8.30073, 4.89493, 9.63043, 5.5], "texture": "#6"},
				"west": {"uv": [5.6413, 7.92029, 6.97102, 8.52536], "texture": "#6"},
				"up": {"uv": [6.97102, 3.07972, 5.6413, 1.86957], "texture": "#6"},
				"down": {"uv": [4.31159, 5.5, 2.98188, 6.71015], "texture": "#6"}
			}
		},
		{
			"from": [7, 16, 7.25],
			"to": [9, 16.5, 9.25],
			"rotation": {"angle": 0, "axis": "y", "origin": [8, 16.25, 8.25]},
			"faces": {
				"north": {"uv": [8.30073, 5.5, 9.63043, 6.10508], "texture": "#6"},
				"east": {"uv": [8.30073, 6.10508, 9.63043, 6.71015], "texture": "#6"},
				"south": {"uv": [6.97102, 7.92029, 8.30073, 8.52536], "texture": "#6"},
				"west": {"uv": [8.30073, 6.71015, 9.63043, 7.31522], "texture": "#6"},
				"up": {"uv": [6.97102, 4.28986, 5.6413, 3.07972], "texture": "#6"},
				"down": {"uv": [5.6413, 5.5, 4.31159, 6.71015], "texture": "#6"}
			}
		},
		{
			"from": [7, 15.5, 7.25],
			"to": [9, 16, 9.25],
			"rotation": {"angle": -22.5, "axis": "y", "origin": [8, 15.75, 8.25]},
			"faces": {
				"north": {"uv": [8.30073, 7.31522, 9.63043, 7.92029], "texture": "#6"},
				"east": {"uv": [8.30073, 7.92029, 9.63043, 8.52536], "texture": "#6"},
				"south": {"uv": [1.65217, 8.52536, 2.98188, 9.13044], "texture": "#6"},
				"west": {"uv": [2.98188, 8.52536, 4.31159, 9.13044], "texture": "#6"},
				"up": {"uv": [6.97102, 5.5, 5.6413, 4.28986], "texture": "#6"},
				"down": {"uv": [6.97102, 5.5, 5.6413, 6.71015], "texture": "#6"}
			}
		},
		{
			"from": [7, 15, 7.25],
			"to": [9, 15.5, 9.25],
			"rotation": {"angle": -45, "axis": "y", "origin": [8, 15.25, 8.25]},
			"faces": {
				"north": {"uv": [4.31159, 8.52536, 5.6413, 9.13044], "texture": "#6"},
				"east": {"uv": [5.6413, 8.52536, 6.97102, 9.13044], "texture": "#6"},
				"south": {"uv": [6.97102, 8.52536, 8.30073, 9.13044], "texture": "#6"},
				"west": {"uv": [8.30073, 8.52536, 9.63043, 9.13044], "texture": "#6"},
				"up": {"uv": [2.98188, 7.92029, 1.65217, 6.71015], "texture": "#6"},
				"down": {"uv": [8.30073, 1.86957, 6.97102, 3.07972], "texture": "#6"}
			}
		},
		{
			"from": [6.25, 13.25, 7.75],
			"to": [9.75, 15.25, 8.75],
			"rotation": {"angle": 0, "axis": "y", "origin": [9, 0.25, 7.25]},
			"faces": {
				"north": {"uv": [5.36533, 14.14232, 5.78017, 14.36504], "texture": "#4"},
				"east": {"uv": [7.33583, 13.14006, 7.43954, 13.36278], "texture": "#4"},
				"south": {"uv": [5.78017, 14.14232, 6.19501, 14.36504], "texture": "#4"},
				"west": {"uv": [5.67646, 15.03322, 5.78017, 15.25594], "texture": "#4"},
				"up": {"uv": [7.23212, 13.47414, 6.81728, 13.36278], "texture": "#4"},
				"down": {"uv": [7.23212, 13.47414, 6.81728, 13.58551], "texture": "#4"}
			}
		},
		{
			"from": [9.25, 13.25, 8],
			"to": [9.75, 15.15, 8.5],
			"rotation": {"angle": 22.5, "axis": "y", "origin": [9.25, 14.2, 8]},
			"faces": {
				"north": {"uv": [5.78017, 15.03322, 5.88388, 15.25594], "texture": "#4"},
				"east": {"uv": [7.33583, 13.36278, 7.43954, 13.58551], "texture": "#4"},
				"south": {"uv": [5.88388, 15.03322, 5.98759, 15.25594], "texture": "#4"},
				"west": {"uv": [6.0913, 15.03322, 6.19501, 15.25594], "texture": "#4"},
				"up": {"uv": [6.19501, 15.3673, 6.0913, 15.25594], "texture": "#4"},
				"down": {"uv": [7.64696, 13.69687, 7.54325, 13.80823], "texture": "#4"}
			}
		},
		{
			"from": [9.25, 13.25, 8.0412],
			"to": [9.75, 15.15, 8.5412],
			"rotation": {"angle": -22.5, "axis": "y", "origin": [9.25, 14.2, 8.5412]},
			"faces": {
				"north": {"uv": [6.19501, 15.03322, 6.29872, 15.25594], "texture": "#4"},
				"east": {"uv": [7.33583, 14.25368, 7.43954, 14.47641], "texture": "#4"},
				"south": {"uv": [7.33583, 14.47641, 7.43954, 14.69913], "texture": "#4"},
				"west": {"uv": [6.92099, 15.03322, 7.0247, 15.25594], "texture": "#4"},
				"up": {"uv": [6.29872, 15.3673, 6.19501, 15.25594], "texture": "#4"},
				"down": {"uv": [7.64696, 13.80823, 7.54325, 13.91959], "texture": "#4"}
			}
		},
		{
			"from": [6.25, 13.25, 8],
			"to": [6.75, 15.15, 8.5],
			"rotation": {"angle": -22.5, "axis": "y", "origin": [6.75, 14.2, 8]},
			"faces": {
				"north": {"uv": [7.33583, 14.69913, 7.43954, 14.92186], "texture": "#4"},
				"east": {"uv": [7.12841, 15.03322, 7.23212, 15.25594], "texture": "#4"},
				"south": {"uv": [7.23212, 15.03322, 7.33583, 15.25594], "texture": "#4"},
				"west": {"uv": [7.33583, 14.92186, 7.43954, 15.14458], "texture": "#4"},
				"up": {"uv": [7.64696, 14.03096, 7.54325, 13.91959], "texture": "#4"},
				"down": {"uv": [7.64696, 14.03096, 7.54325, 14.14232], "texture": "#4"}
			}
		},
		{
			"from": [6.25, 13.25, 8.0412],
			"to": [6.75, 15.15, 8.5412],
			"rotation": {"angle": 22.5, "axis": "y", "origin": [6.75, 14.2, 8.5412]},
			"faces": {
				"north": {"uv": [5.36533, 15.14458, 5.46904, 15.3673], "texture": "#4"},
				"east": {"uv": [7.43954, 12.91733, 7.54325, 13.14006], "texture": "#4"},
				"south": {"uv": [5.46904, 15.14458, 5.57275, 15.3673], "texture": "#4"},
				"west": {"uv": [7.43954, 13.14006, 7.54325, 13.36278], "texture": "#4"},
				"up": {"uv": [7.64696, 14.25368, 7.54325, 14.14232], "texture": "#4"},
				"down": {"uv": [7.64696, 14.25368, 7.54325, 14.36504], "texture": "#4"}
			}
		},
		{
			"from": [6.5, 13.5, 8],
			"to": [9.5, 14.5, 8.75],
			"rotation": {"angle": 22.5, "axis": "x", "origin": [8, 13.5, 8.25]},
			"faces": {
				"north": {"uv": [6.19501, 14.47641, 6.50614, 14.58777], "texture": "#4"},
				"east": {"uv": [7.54325, 14.36504, 7.64696, 14.47641], "texture": "#4"},
				"south": {"uv": [6.81728, 13.80823, 7.12841, 13.91959], "texture": "#4"},
				"west": {"uv": [7.54325, 14.47641, 7.64696, 14.58777], "texture": "#4"},
				"up": {"uv": [7.12841, 14.03096, 6.81728, 13.91959], "texture": "#4"},
				"down": {"uv": [7.12841, 14.03096, 6.81728, 14.14232], "texture": "#4"}
			}
		},
		{
			"from": [6.5, 14.0412, 8.38268],
			"to": [9.5, 15.0412, 9.13268],
			"rotation": {"angle": -22.5, "axis": "x", "origin": [8, 14.0412, 8.63268]},
			"faces": {
				"north": {"uv": [6.50614, 14.47641, 6.81728, 14.58777], "texture": "#4"},
				"east": {"uv": [6.92099, 15.25594, 7.0247, 15.3673], "texture": "#4"},
				"south": {"uv": [6.81728, 14.14232, 7.12841, 14.25368], "texture": "#4"},
				"west": {"uv": [7.54325, 14.58777, 7.64696, 14.69913], "texture": "#4"},
				"up": {"uv": [7.12841, 14.36504, 6.81728, 14.25368], "texture": "#4"},
				"down": {"uv": [7.12841, 14.36504, 6.81728, 14.47641], "texture": "#4"}
			}
		},
		{
			"from": [6.5, 14.0412, 7.36732],
			"to": [9.5, 15.0412, 8.11732],
			"rotation": {"angle": 22.5, "axis": "x", "origin": [8, 14.0412, 7.86732]},
			"faces": {
				"north": {"uv": [6.81728, 14.47641, 7.12841, 14.58777], "texture": "#4"},
				"east": {"uv": [7.54325, 14.69913, 7.64696, 14.81049], "texture": "#4"},
				"south": {"uv": [5.36533, 14.58777, 5.67646, 14.69913], "texture": "#4"},
				"west": {"uv": [7.12841, 15.25594, 7.23212, 15.3673], "texture": "#4"},
				"up": {"uv": [5.98759, 14.69913, 5.67646, 14.58777], "texture": "#4"},
				"down": {"uv": [6.50614, 14.58777, 6.19501, 14.69913], "texture": "#4"}
			}
		},
		{
			"from": [6.5, 13.5, 7.75],
			"to": [9.5, 14.5, 8.5],
			"rotation": {"angle": -22.5, "axis": "x", "origin": [8, 13.5, 8.25]},
			"faces": {
				"north": {"uv": [6.50614, 14.58777, 6.81728, 14.69913], "texture": "#4"},
				"east": {"uv": [7.54325, 14.81049, 7.64696, 14.92186], "texture": "#4"},
				"south": {"uv": [6.81728, 14.58777, 7.12841, 14.69913], "texture": "#4"},
				"west": {"uv": [7.23212, 15.25594, 7.33583, 15.3673], "texture": "#4"},
				"up": {"uv": [5.67646, 14.81049, 5.36533, 14.69913], "texture": "#4"},
				"down": {"uv": [7.33583, 12.91733, 7.0247, 13.0287], "texture": "#4"}
			}
		},
		{
			"from": [3.75, 11.75, 6.75],
			"to": [12.25, 12.25, 9.75],
			"rotation": {"angle": 0, "axis": "y", "origin": [9, -2, 7.25]},
			"faces": {
				"north": {"uv": [5.2987, 12.31608, 6.65652, 12.45824], "texture": "#10"},
				"east": {"uv": [6.50565, 13.45333, 6.95826, 13.59549], "texture": "#10"},
				"south": {"uv": [5.44957, 11.88961, 6.80739, 12.03176], "texture": "#10"},
				"west": {"uv": [6.50565, 14.02196, 6.95826, 14.16412], "texture": "#10"},
				"up": {"uv": [5.2987, 12.45824, 3.94087, 12.03176], "texture": "#10"},
				"down": {"uv": [3.48826, 12.45824, 2.13043, 12.88471], "texture": "#10"}
			}
		},
		{
			"from": [3.25, 11.25, 7],
			"to": [12.75, 12.75, 9.5],
			"rotation": {"angle": 0, "axis": "y", "origin": [9, -2, 7.25]},
			"faces": {
				"north": {"uv": [4.84609, 12.74255, 6.35478, 13.02686], "texture": "#10"},
				"east": {"uv": [6.05304, 11.17882, 6.50565, 11.46314], "texture": "#10"},
				"south": {"uv": [4.84609, 13.02686, 6.35478, 13.31118], "texture": "#10"},
				"west": {"uv": [6.05304, 13.31118, 6.50565, 13.59549], "texture": "#10"},
				"up": {"uv": [5.44957, 10.75235, 3.94087, 10.32588], "texture": "#10"},
				"down": {"uv": [5.44957, 10.75235, 3.94087, 11.17882], "texture": "#10"}
			}
		},
		{
			"from": [2.5, 11, 7.25],
			"to": [13.5, 13, 9.25],
			"rotation": {"angle": 0, "axis": "y", "origin": [9, -2, 7.25]},
			"faces": {
				"north": {"uv": [4.84609, 9.75725, 6.50565, 10.04157], "texture": "#10"},
				"east": {"uv": [4.24261, 14.44843, 4.54435, 14.73275], "texture": "#10"},
				"south": {"uv": [4.84609, 10.04157, 6.50565, 10.32588], "texture": "#10"},
				"west": {"uv": [6.50565, 12.45824, 6.80739, 12.74255], "texture": "#10"},
				"up": {"uv": [4.54435, 13.16902, 2.88478, 12.88471], "texture": "#10"},
				"down": {"uv": [6.50565, 12.45824, 4.84609, 12.74255], "texture": "#10"}
			}
		},
		{
			"from": [3.249, 10.749, 7.499],
			"to": [12.751, 13.251, 9.001],
			"rotation": {"angle": 0, "axis": "y", "origin": [9, 13, -5.75]},
			"faces": {
				"north": {"uv": [3.94087, 11.17882, 5.44957, 11.60529], "texture": "#10"},
				"east": {"uv": [6.05304, 13.59549, 6.35478, 14.02196], "texture": "#10"},
				"south": {"uv": [3.94087, 11.60529, 5.44957, 12.03176], "texture": "#10"},
				"west": {"uv": [6.05304, 14.02196, 6.35478, 14.44843], "texture": "#10"},
				"up": {"uv": [4.39348, 13.45333, 2.88478, 13.16902], "texture": "#10"},
				"down": {"uv": [6.80739, 12.03176, 5.2987, 12.31608], "texture": "#10"}
			}
		},
		{
			"from": [3.75, 10.5, 8],
			"to": [12.25, 13.5, 8.5],
			"rotation": {"angle": 0, "axis": "y", "origin": [9, 13, -5.75]},
			"faces": {
				"north": {"uv": [3.48826, 12.45824, 4.84609, 12.88471], "texture": "#10"},
				"east": {"uv": [6.05304, 14.44843, 6.20391, 14.8749], "texture": "#10"},
				"south": {"uv": [4.84609, 8.62, 6.20391, 9.04647], "texture": "#10"},
				"west": {"uv": [6.20391, 14.44843, 6.35478, 14.8749], "texture": "#10"},
				"up": {"uv": [6.95826, 9.6151, 5.60043, 9.47294], "texture": "#10"},
				"down": {"uv": [6.95826, 9.6151, 5.60043, 9.75725], "texture": "#10"}
			}
		},
		{
			"from": [13.83785, 10.40685, 7.25],
			"to": [13.83785, 13.65685, 9.25],
			"rotation": {"angle": 25, "axis": "z", "origin": [15.46285, 11.40685, 7.25]},
			"faces": {
				"north": {"uv": [0.32, 8.62, 0.32, 9.04647], "texture": "#10"},
				"east": {"uv": [6.20391, 8.62, 6.50565, 9.04647], "texture": "#10"},
				"south": {"uv": [0.32, 8.62, 0.32, 9.04647], "texture": "#10"},
				"west": {"uv": [2.58304, 14.16412, 2.88478, 14.59059], "texture": "#10"},
				"up": {"uv": [0.32, 8.90431, 0.32, 8.62], "texture": "#10"},
				"down": {"uv": [0.32, 8.62, 0.32, 8.90431], "texture": "#10"}
			}
		},
		{
			"from": [13.58785, 10.65685, 7.5],
			"to": [14.08785, 13.40685, 9],
			"rotation": {"angle": 25, "axis": "z", "origin": [15.46285, 11.40685, 7.25]},
			"faces": {
				"north": {"uv": [6.50565, 14.16412, 6.65652, 14.59059], "texture": "#10"},
				"east": {"uv": [6.35478, 10.32588, 6.65652, 10.75235], "texture": "#10"},
				"south": {"uv": [0.32, 14.59059, 0.47087, 15.01706], "texture": "#10"},
				"west": {"uv": [2.88478, 14.30627, 3.18652, 14.73275], "texture": "#10"},
				"up": {"uv": [6.80739, 10.6102, 6.65652, 10.32588], "texture": "#10"},
				"down": {"uv": [2.73391, 14.59059, 2.58304, 14.8749], "texture": "#10"}
			}
		},
		{
			"from": [13.33785, 10.90685, 7.75],
			"to": [14.33785, 13.65685, 8.75],
			"rotation": {"angle": 25, "axis": "z", "origin": [15.46285, 11.40685, 7.25]},
			"faces": {
				"north": {"uv": [0.47087, 14.59059, 0.62174, 15.01706], "texture": "#10"},
				"east": {"uv": [0.62174, 14.59059, 0.77261, 15.01706], "texture": "#10"},
				"south": {"uv": [0.77261, 14.59059, 0.92348, 15.01706], "texture": "#10"},
				"west": {"uv": [0.92348, 14.59059, 1.07435, 15.01706], "texture": "#10"},
				"up": {"uv": [6.80739, 11.46314, 6.65652, 11.32098], "texture": "#10"},
				"down": {"uv": [6.80739, 11.46314, 6.65652, 11.60529], "texture": "#10"}
			}
		},
		{
			"from": [1.66215, 10.90685, 7.75],
			"to": [2.66215, 13.65685, 8.75],
			"rotation": {"angle": -25, "axis": "z", "origin": [0.53715, 11.40685, 7.25]},
			"faces": {
				"north": {"uv": [1.07435, 14.59059, 1.22522, 15.01706], "texture": "#10"},
				"east": {"uv": [1.22522, 14.59059, 1.37609, 15.01706], "texture": "#10"},
				"south": {"uv": [1.37609, 14.59059, 1.52696, 15.01706], "texture": "#10"},
				"west": {"uv": [1.52696, 14.59059, 1.67783, 15.01706], "texture": "#10"},
				"up": {"uv": [6.80739, 11.74745, 6.65652, 11.60529], "texture": "#10"},
				"down": {"uv": [6.80739, 11.74745, 6.65652, 11.88961], "texture": "#10"}
			}
		},
		{
			"from": [1.91215, 10.65685, 7.5],
			"to": [2.41215, 13.40685, 9],
			"rotation": {"angle": -25, "axis": "z", "origin": [0.53715, 11.40685, 7.25]},
			"faces": {
				"north": {"uv": [6.65652, 9.75725, 6.80739, 10.18373], "texture": "#10"},
				"east": {"uv": [3.18652, 14.30627, 3.48826, 14.73275], "texture": "#10"},
				"south": {"uv": [1.67783, 14.59059, 1.8287, 15.01706], "texture": "#10"},
				"west": {"uv": [6.35478, 12.74255, 6.65652, 13.16902], "texture": "#10"},
				"up": {"uv": [2.88478, 14.8749, 2.73391, 14.59059], "texture": "#10"},
				"down": {"uv": [6.80739, 10.89451, 6.65652, 11.17882], "texture": "#10"}
			}
		},
		{
			"from": [2.16215, 10.40685, 7.25],
			"to": [2.16215, 13.65685, 9.25],
			"rotation": {"angle": -25, "axis": "z", "origin": [0.53715, 11.40685, 7.25]},
			"faces": {
				"north": {"uv": [0.32, 8.62, 0.32, 9.04647], "texture": "#10"},
				"east": {"uv": [5.44957, 14.30627, 5.7513, 14.73275], "texture": "#10"},
				"south": {"uv": [0.32, 8.62, 0.32, 9.04647], "texture": "#10"},
				"west": {"uv": [6.35478, 13.59549, 6.65652, 14.02196], "texture": "#10"},
				"up": {"uv": [0.32, 8.90431, 0.32, 8.62], "texture": "#10"},
				"down": {"uv": [0.32, 8.62, 0.32, 8.90431], "texture": "#10"}
			}
		},
		{
			"from": [6.998, 9.998, 7.248],
			"to": [9.002, 12.002, 9.252],
			"rotation": {"angle": 45, "axis": "z", "origin": [8, 11, 8]},
			"faces": {
				"north": {"uv": [1.24452, 0.44545, 1.45194, 0.66817], "texture": "#4"},
				"east": {"uv": [1.24452, 0.66817, 1.45194, 0.8909], "texture": "#4"},
				"south": {"uv": [0.82968, 1.33635, 1.0371, 1.55907], "texture": "#4"},
				"west": {"uv": [1.24452, 0.8909, 1.45194, 1.11362], "texture": "#4"},
				"up": {"uv": [1.24452, 1.55907, 1.0371, 1.33635], "texture": "#4"},
				"down": {"uv": [1.45194, 1.11362, 1.24452, 1.33635], "texture": "#4"}
			}
		},
		{
			"from": [6.75, 8, 7.25],
			"to": [7.75, 9, 9.25],
			"rotation": {"angle": 45, "axis": "z", "origin": [7.25, 8.5, 8]},
			"faces": {
				"north": {"uv": [1.86678, 1.89316, 1.97049, 2.00452], "texture": "#4"},
				"east": {"uv": [1.76307, 1.33635, 1.97049, 1.44771], "texture": "#4"},
				"south": {"uv": [2.17791, 0, 2.28162, 0.11136], "texture": "#4"},
				"west": {"uv": [1.76307, 1.44771, 1.97049, 1.55907], "texture": "#4"},
				"up": {"uv": [1.86678, 1.7818, 1.76307, 1.55907], "texture": "#4"},
				"down": {"uv": [1.65936, 1.89316, 1.55565, 2.11588], "texture": "#4"}
			}
		},
		{
			"from": [6.75, 2.75, 7.25],
			"to": [7.75, 3.75, 9.25],
			"rotation": {"angle": 45, "axis": "z", "origin": [7.25, 3.25, 8]},
			"faces": {
				"north": {"uv": [2.17791, 0.11136, 2.28162, 0.22272], "texture": "#4"},
				"east": {"uv": [1.65936, 1.89316, 1.86678, 2.00452], "texture": "#4"},
				"south": {"uv": [0.20742, 2.33861, 0.31113, 2.44997], "texture": "#4"},
				"west": {"uv": [1.76307, 1.7818, 1.97049, 1.89316], "texture": "#4"},
				"up": {"uv": [0.10371, 2.22725, 0, 2.00452], "texture": "#4"},
				"down": {"uv": [0.20742, 2.00452, 0.10371, 2.22725], "texture": "#4"}
			}
		},
		{
			"from": [8.25, 8, 7.25],
			"to": [9.25, 9, 9.25],
			"rotation": {"angle": 45, "axis": "z", "origin": [8.75, 8.5, 8]},
			"faces": {
				"north": {"uv": [2.17791, 0.22272, 2.28162, 0.33409], "texture": "#4"},
				"east": {"uv": [0.20742, 2.00452, 0.41484, 2.11588], "texture": "#4"},
				"south": {"uv": [0.31113, 2.33861, 0.41484, 2.44997], "texture": "#4"},
				"west": {"uv": [0.41484, 2.00452, 0.62226, 2.11588], "texture": "#4"},
				"up": {"uv": [1.97049, 0.66817, 1.86678, 0.44545], "texture": "#4"},
				"down": {"uv": [0.72597, 2.00452, 0.62226, 2.22725], "texture": "#4"}
			}
		},
		{
			"from": [8.25, 4.75, 7.25],
			"to": [9.25, 5.75, 9.25],
			"rotation": {"angle": 45, "axis": "z", "origin": [8.75, 5.25, 8]},
			"faces": {
				"north": {"uv": [2.17791, 0.33409, 2.28162, 0.44545], "texture": "#4"},
				"east": {"uv": [1.86678, 0.66817, 2.0742, 0.77954], "texture": "#4"},
				"south": {"uv": [0.41484, 2.33861, 0.51855, 2.44997], "texture": "#4"},
				"west": {"uv": [0.72597, 2.00452, 0.93339, 2.11588], "texture": "#4"},
				"up": {"uv": [1.0371, 2.22725, 0.93339, 2.00452], "texture": "#4"},
				"down": {"uv": [1.14081, 2.00452, 1.0371, 2.22725], "texture": "#4"}
			}
		},
		{
			"from": [6.997, -0.253, 7.247],
			"to": [9.003, 11.003, 9.253],
			"rotation": {"angle": 0, "axis": "y", "origin": [8, 10, 8]},
			"faces": {
				"north": {"uv": [0, 0, 0.20742, 1.22499], "texture": "#4"},
				"east": {"uv": [0.20742, 0, 0.41484, 1.22499], "texture": "#4"},
				"south": {"uv": [0.45751, 0.13333, 0.66493, 1.35832], "texture": "#4"},
				"west": {"uv": [0.62226, 0, 0.82968, 1.22499], "texture": "#4"},
				"up": {"uv": [1.45194, 1.55907, 1.24452, 1.33635], "texture": "#4"},
				"down": {"uv": [0.20742, 1.44771, 0, 1.67043], "texture": "#4"}
			}
		},
		{
			"from": [7.25, -4.25, 7.25],
			"to": [8.75, -0.25, 9.25],
			"rotation": {"angle": 0, "axis": "y", "origin": [8, 6, 8]},
			"faces": {
				"north": {"uv": [0.82968, 0, 1.0371, 0.44545], "texture": "#4"},
				"east": {"uv": [0.82968, 0.44545, 1.0371, 0.8909], "texture": "#4"},
				"south": {"uv": [0.82968, 0.8909, 1.0371, 1.33635], "texture": "#4"},
				"west": {"uv": [1.0371, 0, 1.24452, 0.44545], "texture": "#4"},
				"up": {"uv": [0.41484, 1.67043, 0.20742, 1.44771], "texture": "#4"},
				"down": {"uv": [0.62226, 1.44771, 0.41484, 1.67043], "texture": "#4"}
			}
		},
		{
			"from": [7.5, -8.25, 7.25],
			"to": [8.5, -4.25, 9.25],
			"rotation": {"angle": 0, "axis": "y", "origin": [8, 2, 8]},
			"faces": {
				"north": {"uv": [0.62226, 1.44771, 0.72597, 1.89316], "texture": "#4"},
				"east": {"uv": [1.0371, 0.44545, 1.24452, 0.8909], "texture": "#4"},
				"south": {"uv": [0.72597, 1.44771, 0.82968, 1.89316], "texture": "#4"},
				"west": {"uv": [1.0371, 0.8909, 1.24452, 1.33635], "texture": "#4"},
				"up": {"uv": [1.24452, 2.22725, 1.14081, 2.00452], "texture": "#4"},
				"down": {"uv": [1.34823, 2.00452, 1.24452, 2.22725], "texture": "#4"}
			}
		},
		{
			"from": [7.75, -10.75, 7.75],
			"to": [8.25, -8.75, 8.75],
			"rotation": {"angle": 0, "axis": "y", "origin": [8, -2, 8]},
			"faces": {
				"north": {"uv": [1.34823, 2.00452, 1.45194, 2.22725], "texture": "#4"},
				"east": {"uv": [1.45194, 2.00452, 1.55565, 2.22725], "texture": "#4"},
				"south": {"uv": [1.86678, 1.55907, 1.97049, 1.7818], "texture": "#4"},
				"west": {"uv": [1.65936, 2.00452, 1.76307, 2.22725], "texture": "#4"},
				"up": {"uv": [2.28162, 0.55681, 2.17791, 0.44545], "texture": "#4"},
				"down": {"uv": [0.62226, 2.33861, 0.51855, 2.44997], "texture": "#4"}
			}
		},
		{
			"from": [7.75, -9.25, 7.5],
			"to": [8.25, -8.25, 9],
			"rotation": {"angle": 0, "axis": "y", "origin": [8, -2, 8]},
			"faces": {
				"north": {"uv": [2.17791, 0.55681, 2.28162, 0.66817], "texture": "#4"},
				"east": {"uv": [1.86678, 0.77954, 2.0742, 0.8909], "texture": "#4"},
				"south": {"uv": [2.17791, 0.66817, 2.28162, 0.77954], "texture": "#4"},
				"west": {"uv": [1.76307, 2.00452, 1.97049, 2.11588], "texture": "#4"},
				"up": {"uv": [2.0742, 0.22272, 1.97049, 0], "texture": "#4"},
				"down": {"uv": [0.31113, 2.11588, 0.20742, 2.33861], "texture": "#4"}
			}
		},
		{
			"from": [5.999, 5.249, 8.249],
			"to": [12.001, 11.251, 8.251],
			"rotation": {"angle": 45, "axis": "z", "origin": [8, 7.25, 7.25]},
			"faces": {
				"north": {"uv": [3.94087, 8.62, 4.84609, 9.47294], "texture": "#10"},
				"east": {"uv": [0.32, 8.62, 0.32, 9.47294], "texture": "#10"},
				"south": {"uv": [3.94087, 9.47294, 4.84609, 10.32588], "texture": "#10"},
				"west": {"uv": [0.32, 8.62, 0.32, 9.47294], "texture": "#10"},
				"up": {"uv": [1.22522, 8.62, 0.32, 8.62], "texture": "#10"},
				"down": {"uv": [1.22522, 8.62, 0.32, 8.62], "texture": "#10"}
			}
		},
		{
			"from": [6.749, 5.999, 7.749],
			"to": [11.251, 10.501, 8.751],
			"rotation": {"angle": 45, "axis": "z", "origin": [8, 7.25, 7.25]},
			"faces": {
				"north": {"uv": [4.84609, 9.04647, 5.60043, 9.75725], "texture": "#10"},
				"east": {"uv": [6.35478, 14.02196, 6.50565, 14.73275], "texture": "#10"},
				"south": {"uv": [2.13043, 12.88471, 2.88478, 13.59549], "texture": "#10"},
				"west": {"uv": [6.50565, 11.17882, 6.65652, 11.88961], "texture": "#10"},
				"up": {"uv": [6.80739, 9.47294, 6.05304, 9.33078], "texture": "#10"},
				"down": {"uv": [7.10913, 10.75235, 6.35478, 10.89451], "texture": "#10"}
			}
		},
		{
			"from": [7.249, 6.499, 7.499],
			"to": [10.751, 10.001, 9.001],
			"rotation": {"angle": 45, "axis": "z", "origin": [8, 7.25, 7.25]},
			"faces": {
				"north": {"uv": [5.44957, 10.89451, 6.05304, 11.46314], "texture": "#10"},
				"east": {"uv": [5.7513, 13.8798, 6.05304, 14.44843], "texture": "#10"},
				"south": {"uv": [2.88478, 13.45333, 3.48826, 14.02196], "texture": "#10"},
				"west": {"uv": [6.05304, 10.32588, 6.35478, 10.89451], "texture": "#10"},
				"up": {"uv": [6.50565, 11.74745, 5.90217, 11.46314], "texture": "#10"},
				"down": {"uv": [6.65652, 9.04647, 6.05304, 9.33078], "texture": "#10"}
			}
		},
		{
			"from": [5.5, -7.5, 7.75],
			"to": [10.5, 13, 8.75],
			"rotation": {"angle": 0, "axis": "y", "origin": [9, -2, 7.25]},
			"faces": {
				"north": {"uv": [2.43217, 8.62, 3.18652, 11.60529], "texture": "#10"},
				"east": {"uv": [4.54435, 12.88471, 4.69522, 15.87], "texture": "#10"},
				"south": {"uv": [3.18652, 8.62, 3.94087, 11.60529], "texture": "#10"},
				"west": {"uv": [4.69522, 12.88471, 4.84609, 15.87], "texture": "#10"},
				"up": {"uv": [7.10913, 13.31118, 6.35478, 13.16902], "texture": "#10"},
				"down": {"uv": [7.26, 8.62, 6.50565, 8.76216], "texture": "#10"}
			}
		},
		{
			"from": [6.25, -7.5, 7.5],
			"to": [9.75, 13, 9],
			"rotation": {"angle": 0, "axis": "y", "origin": [9, -2, 7.25]},
			"faces": {
				"north": {"uv": [1.76, 10.74529, 2.36348, 13.73059], "texture": "#10"},
				"east": {"uv": [1.52696, 11.60529, 1.8287, 14.59059], "texture": "#10"},
				"south": {"uv": [2.36348, 10.74529, 2.96696, 13.73059], "texture": "#10"},
				"west": {"uv": [1.8287, 11.60529, 2.13043, 14.59059], "texture": "#10"},
				"up": {"uv": [6.65652, 11.17882, 6.05304, 10.89451], "texture": "#10"},
				"down": {"uv": [3.48826, 14.02196, 2.88478, 14.30627], "texture": "#10"}
			}
		},
		{
			"from": [4.497, -7.503, 8.247],
			"to": [11.503, 13.003, 8.253],
			"rotation": {"angle": 0, "axis": "y", "origin": [9, -2, 7.25]},
			"faces": {
				"north": {"uv": [0.32, 8.62, 1.37609, 11.60529], "texture": "#10"},
				"east": {"uv": [0.32, 8.62, 0.32, 11.60529], "texture": "#10"},
				"south": {"uv": [1.37609, 8.62, 2.43217, 11.60529], "texture": "#10"},
				"west": {"uv": [0.32, 8.62, 0.32, 11.60529], "texture": "#10"},
				"up": {"uv": [1.37609, 8.62, 0.32, 8.62], "texture": "#10"},
				"down": {"uv": [1.37609, 8.62, 0.32, 8.62], "texture": "#10"}
			}
		},
		{
			"from": [8, -14.5, 8.25],
			"to": [9, -5.75, 8.25],
			"rotation": {"angle": -25, "axis": "z", "origin": [7, -13.5, 7.25]},
			"faces": {
				"north": {"uv": [4.39348, 13.16902, 4.54435, 14.44843], "texture": "#10"},
				"east": {"uv": [0.32, 8.62, 0.32, 9.89941], "texture": "#10"},
				"south": {"uv": [2.13043, 13.59549, 2.2813, 14.8749], "texture": "#10"},
				"west": {"uv": [0.32, 8.62, 0.32, 9.89941], "texture": "#10"},
				"up": {"uv": [0.47087, 8.62, 0.32, 8.62], "texture": "#10"},
				"down": {"uv": [0.47087, 8.62, 0.32, 8.62], "texture": "#10"}
			}
		},
		{
			"from": [7.75, -9, 7.75],
			"to": [10.25, -6.5, 8.75],
			"rotation": {"angle": 45, "axis": "z", "origin": [8, -8.75, 7.25]},
			"faces": {
				"north": {"uv": [5.44957, 11.46314, 5.90217, 11.88961], "texture": "#10"},
				"east": {"uv": [4.84609, 14.44843, 4.99696, 14.8749], "texture": "#10"},
				"south": {"uv": [5.60043, 9.04647, 6.05304, 9.47294], "texture": "#10"},
				"west": {"uv": [4.99696, 14.44843, 5.14783, 14.8749], "texture": "#10"},
				"up": {"uv": [6.95826, 9.04647, 6.50565, 8.90431], "texture": "#10"},
				"down": {"uv": [6.95826, 13.31118, 6.50565, 13.45333], "texture": "#10"}
			}
		},
		{
			"from": [9.10246, -15.80467, 8.25],
			"to": [9.65246, -15.25467, 8.25],
			"rotation": {"angle": 45, "axis": "z", "origin": [8.35246, -17.05467, 7.25]},
			"faces": {
				"north": {"uv": [6.65652, 10.6102, 6.80739, 10.75235], "texture": "#10"},
				"east": {"uv": [0.32, 8.62, 0.32, 8.76216], "texture": "#10"},
				"south": {"uv": [6.65652, 11.17882, 6.80739, 11.32098], "texture": "#10"},
				"west": {"uv": [0.32, 8.62, 0.32, 8.76216], "texture": "#10"},
				"up": {"uv": [0.47087, 8.62, 0.32, 8.62], "texture": "#10"},
				"down": {"uv": [0.47087, 8.62, 0.32, 8.62], "texture": "#10"}
			}
		},
		{
			"from": [6.997, -14.503, 8.247],
			"to": [8.003, -5.747, 8.253],
			"rotation": {"angle": 25, "axis": "z", "origin": [9, -13.5, 7.25]},
			"faces": {
				"north": {"uv": [2.2813, 13.59549, 2.43217, 14.8749], "texture": "#10"},
				"east": {"uv": [0.32, 8.62, 0.32, 9.89941], "texture": "#10"},
				"south": {"uv": [2.43217, 13.59549, 2.58304, 14.8749], "texture": "#10"},
				"west": {"uv": [0.32, 8.62, 0.32, 9.89941], "texture": "#10"},
				"up": {"uv": [0.47087, 8.62, 0.32, 8.62], "texture": "#10"},
				"down": {"uv": [0.47087, 8.62, 0.32, 8.62], "texture": "#10"}
			}
		},
		{
			"from": [8, -13, 8.25],
			"to": [9.5, -5.75, 8.25],
			"rotation": {"angle": 25, "axis": "z", "origin": [10, -13.5, 7.25]},
			"faces": {
				"north": {"uv": [3.48826, 13.45333, 3.79, 14.44843], "texture": "#10"},
				"east": {"uv": [0.32, 8.62, 0.32, 9.6151], "texture": "#10"},
				"south": {"uv": [3.79, 13.45333, 4.09174, 14.44843], "texture": "#10"},
				"west": {"uv": [0.32, 8.62, 0.32, 9.6151], "texture": "#10"},
				"up": {"uv": [0.62174, 8.62, 0.32, 8.62], "texture": "#10"},
				"down": {"uv": [0.62174, 8.62, 0.32, 8.62], "texture": "#10"}
			}
		},
		{
			"from": [6.499, -13.001, 8.249],
			"to": [8.001, -5.749, 8.251],
			"rotation": {"angle": -25, "axis": "z", "origin": [6, -13.5, 7.25]},
			"faces": {
				"north": {"uv": [4.09174, 13.45333, 4.39348, 14.44843], "texture": "#10"},
				"east": {"uv": [0.32, 8.62, 0.32, 9.6151], "texture": "#10"},
				"south": {"uv": [5.44957, 13.31118, 5.7513, 14.30627], "texture": "#10"},
				"west": {"uv": [0.32, 8.62, 0.32, 9.6151], "texture": "#10"},
				"up": {"uv": [0.62174, 8.62, 0.32, 8.62], "texture": "#10"},
				"down": {"uv": [0.62174, 8.62, 0.32, 8.62], "texture": "#10"}
			}
		},
		{
			"from": [8, -10, 8],
			"to": [9.5, -5.75, 8.5],
			"rotation": {"angle": 25, "axis": "z", "origin": [10, -13.5, 7.25]},
			"faces": {
				"north": {"uv": [2.58304, 13.59549, 2.88478, 14.16412], "texture": "#10"},
				"east": {"uv": [6.50565, 9.75725, 6.65652, 10.32588], "texture": "#10"},
				"south": {"uv": [5.7513, 13.31118, 6.05304, 13.8798], "texture": "#10"},
				"west": {"uv": [3.48826, 14.44843, 3.63913, 15.01706], "texture": "#10"},
				"up": {"uv": [6.95826, 9.18863, 6.65652, 9.04647], "texture": "#10"},
				"down": {"uv": [6.95826, 9.18863, 6.65652, 9.33078], "texture": "#10"}
			}
		},
		{
			"from": [6.5, -10, 8],
			"to": [8, -5.75, 8.5],
			"rotation": {"angle": -25, "axis": "z", "origin": [6, -13.5, 7.25]},
			"faces": {
				"north": {"uv": [4.84609, 13.8798, 5.14783, 14.44843], "texture": "#10"},
				"east": {"uv": [3.63913, 14.44843, 3.79, 15.01706], "texture": "#10"},
				"south": {"uv": [5.14783, 13.8798, 5.44957, 14.44843], "texture": "#10"},
				"west": {"uv": [3.79, 14.44843, 3.94087, 15.01706], "texture": "#10"},
				"up": {"uv": [2.13043, 14.73275, 1.8287, 14.59059], "texture": "#10"},
				"down": {"uv": [6.95826, 10.18373, 6.65652, 10.32588], "texture": "#10"}
			}
		},
		{
			"from": [10.72633, -7.00686, 8.25],
			"to": [11.72633, -3.50686, 8.25],
			"rotation": {"angle": 25, "axis": "z", "origin": [12.72633, -6.00686, 7.25]},
			"faces": {
				"north": {"uv": [5.14783, 14.44843, 5.2987, 14.8749], "texture": "#10"},
				"east": {"uv": [0.32, 8.62, 0.32, 9.04647], "texture": "#10"},
				"south": {"uv": [5.2987, 14.44843, 5.44957, 14.8749], "texture": "#10"},
				"west": {"uv": [0.32, 8.62, 0.32, 9.04647], "texture": "#10"},
				"up": {"uv": [0.47087, 8.62, 0.32, 8.62], "texture": "#10"},
				"down": {"uv": [0.47087, 8.62, 0.32, 8.62], "texture": "#10"}
			}
		},
		{
			"from": [4.27367, -7.00686, 8.25],
			"to": [5.27367, -3.50686, 8.25],
			"rotation": {"angle": -25, "axis": "z", "origin": [3.27367, -6.00686, 7.25]},
			"faces": {
				"north": {"uv": [5.7513, 14.44843, 5.90217, 14.8749], "texture": "#10"},
				"east": {"uv": [0.32, 8.62, 0.32, 9.04647], "texture": "#10"},
				"south": {"uv": [5.90217, 14.44843, 6.05304, 14.8749], "texture": "#10"},
				"west": {"uv": [0.32, 8.62, 0.32, 9.04647], "texture": "#10"},
				"up": {"uv": [0.47087, 8.62, 0.32, 8.62], "texture": "#10"},
				"down": {"uv": [0.47087, 8.62, 0.32, 8.62], "texture": "#10"}
			}
		},
		{
			"from": [6.999, -9.751, 7.999],
			"to": [11.001, -5.749, 8.501],
			"rotation": {"angle": 45, "axis": "z", "origin": [8, -8.75, 7.25]},
			"faces": {
				"north": {"uv": [4.84609, 13.31118, 5.44957, 13.8798], "texture": "#10"},
				"east": {"uv": [3.94087, 14.44843, 4.09174, 15.01706], "texture": "#10"},
				"south": {"uv": [5.44957, 10.32588, 6.05304, 10.89451], "texture": "#10"},
				"west": {"uv": [4.09174, 14.44843, 4.24261, 15.01706], "texture": "#10"},
				"up": {"uv": [6.50565, 11.88961, 5.90217, 11.74745], "texture": "#10"},
				"down": {"uv": [7.10913, 8.76216, 6.50565, 8.90431], "texture": "#10"}
			}
		},
		{
			"from": [5.998, -10.752, 8.248],
			"to": [12.002, -4.748, 8.252],
			"rotation": {"angle": 45, "axis": "z", "origin": [8, -8.75, 7.25]},
			"faces": {
				"north": {"uv": [2.13043, 11.60529, 3.03565, 12.45824], "texture": "#10"},
				"east": {"uv": [0.32, 8.62, 0.32, 9.47294], "texture": "#10"},
				"south": {"uv": [3.03565, 11.60529, 3.94087, 12.45824], "texture": "#10"},
				"west": {"uv": [0.32, 8.62, 0.32, 9.47294], "texture": "#10"},
				"up": {"uv": [1.22522, 8.62, 0.32, 8.62], "texture": "#10"},
				"down": {"uv": [1.22522, 8.62, 0.32, 8.62], "texture": "#10"}
			}
		}
	],
	"display": {
		"thirdperson_righthand": {
			"rotation": [-180, 90, 0],
			"translation": [-0.25, 7.25, 1.75],
			"scale": [0.98, 0.98, 0.98]
		},
		"thirdperson_lefthand": {
			"rotation": [-180, -90, 0],
			"translation": [-0.25, 7.5, 1.75]
		},
		"firstperson_righthand": {
			"rotation": [160, 90, 0],
			"translation": [1, 0, 0]
		},
		"firstperson_lefthand": {
			"rotation": [160, 90, 0],
			"translation": [1, 0, 0]
		},
		"ground": {
			"translation": [0, 21.75, 0]
		},
		"gui": {
			"rotation": [-180, -23, -136],
			"translation": [-0.75, 0.75, 0],
			"scale": [0.46, 0.46, 0.46]
		},
		"head": {
			"rotation": [0, 0, 59],
			"translation": [-9, 18.5, 0],
			"scale": [1.67, 1.67, 1.67]
		},
		"fixed": {
			"rotation": [0, 0, 137]
		}
	},
	"groups": [
		{
			"name": "Skull",
			"origin": [2.125, 23.5, 8.25],
			"color": 0,
			"children": [0, 1, 2, 3, 4, 5, 6, 7, 8, 9, 10]
		},
		{
			"name": "Chain",
			"origin": [9, 9, 7.25],
			"color": 0,
			"children": [
				{
					"name": "group",
					"origin": [9, 9, 7.25],
					"color": 0,
					"children": [11, 12, 13]
				},
				{
					"name": "group",
					"origin": [9, 9, 7.25],
					"color": 0,
					"children": [14, 15, 16, 17]
				},
				{
					"name": "group",
					"origin": [9, 9, 7.25],
					"color": 0,
					"children": [18, 19, 20, 21]
				},
				{
					"name": "group",
					"origin": [9, 9, 7.25],
					"color": 0,
					"children": [22, 23, 24, 25]
				},
				{
					"name": "group",
					"origin": [9, 9, 7.25],
					"color": 0,
					"children": [26, 27, 28, 29]
				},
				{
					"name": "group",
					"origin": [9, 9, 7.25],
					"color": 0,
					"children": [30, 31, 32, 33]
				},
				{
					"name": "group",
					"origin": [9, 9, 7.25],
					"color": 0,
					"children": [34, 35, 36, 37]
				},
				{
					"name": "group",
					"origin": [9, 9, 7.25],
					"color": 0,
					"children": [38, 39, 40, 41]
				},
				{
					"name": "group",
					"origin": [9, 9, 7.25],
					"color": 0,
					"children": [42, 43, 44, 45]
				}
			]
		},
		{
			"name": "Top Handle Part",
			"origin": [8, 25.5, 8.25],
			"color": 0,
			"children": [46, 47, 48, 49, 50, 51, 52, 53, 54]
		},
		{
			"name": "Handle",
			"origin": [8, 21, 8.25],
			"color": 1,
			"children": [55, 56, 57, 58, 59, 60, 61, 62, 63]
		},
		{
			"name": "Bottom Handle Part",
			"origin": [8, 25.5, 8.25],
			"color": 2,
			"children": [64, 65, 66, 67, 68, 69, 70, 71, 72]
		},
		{
			"name": "Middle Stick Part",
			"origin": [0.53715, 17.15685, 7.25],
			"color": 3,
			"children": [73, 74, 75, 76, 77, 78, 79, 80, 81, 82, 83]
		},
		{
			"name": "Make Indent and glowy",
			"origin": [8, 3.75, 1],
			"color": 4,
			"children": [84, 85, 86, 87, 88, 89, 90, 91, 92, 93]
		},
		{
			"name": "Sharp Part",
			"origin": [8, 13, 7.25],
			"color": 7,
			"children": [94, 95, 96, 97, 98, 99]
		},
		{
			"name": "Point",
			"origin": [7, -7.75, 7.25],
			"color": 9,
			"children": [100, 101, 102, 103, 104, 105, 106, 107, 108, 109, 110, 111]
		}
	]
}