{
	"format_version": "1.21.6",
	"credit": "Made with Blockbench",
	"textures": {
		"0": "item/hats/antlers/antlers",
		"1": "item/hats/antlers/ears",
		"particle": "item/hats/antlers/antlers"
	},
	"elements": [
		{
			"from": [11, 5.25, 8],
			"to": [13.75, 7.25, 8.75],
			"rotation": {"angle": -25, "axis": "z", "origin": [13, 5.25, 7.5]},
			"faces": {
				"north": {"uv": [0, 0, 16, 16], "texture": "#1"},
				"east": {"uv": [0, 7, 0.5, 8], "texture": "#1"},
				"south": {"uv": [0, 1, 1.5, 2], "texture": "#1"},
				"west": {"uv": [7, 0, 7.5, 1], "texture": "#1"},
				"up": {"uv": [3.5, 5.5, 2, 5], "texture": "#1"},
				"down": {"uv": [6.5, 2, 5, 2.5], "texture": "#1"}
			}
		},
		{
			"from": [11, 7, 7.75],
			"to": [13.75, 7.25, 8],
			"rotation": {"angle": -25, "axis": "z", "origin": [13, 5.25, 7.5]},
			"faces": {
				"north": {"uv": [5, 2.5, 6.5, 3], "texture": "#1"},
				"east": {"uv": [7, 6.5, 7.5, 7], "texture": "#1"},
				"south": {"uv": [5, 3, 6.5, 3.5], "texture": "#1"},
				"west": {"uv": [7, 7, 7.5, 7.5], "texture": "#1"},
				"up": {"uv": [5, 5.5, 3.5, 5], "texture": "#1"},
				"down": {"uv": [6.5, 3.5, 5, 4], "texture": "#1"}
			}
		},
		{
			"from": [11, 5.25, 7.75],
			"to": [13.5, 5.5, 8],
			"rotation": {"angle": -25, "axis": "z", "origin": [13, 5.25, 7.5]},
			"faces": {
				"north": {"uv": [5, 4, 6.5, 4.5], "texture": "#1"},
				"east": {"uv": [7.5, 0, 8, 0.5], "texture": "#1"},
				"south": {"uv": [5, 4.5, 6.5, 5], "texture": "#1"},
				"west": {"uv": [7.5, 0.5, 8, 1], "texture": "#1"},
				"up": {"uv": [6.5, 5.5, 5, 5], "texture": "#1"},
				"down": {"uv": [7, 0, 5.5, 0.5], "texture": "#1"}
			}
		},
		{
			"from": [13.5, 5.25, 7.75],
			"to": [13.75, 7, 8],
			"rotation": {"angle": -25, "axis": "z", "origin": [13, 5.25, 7.5]},
			"faces": {
				"north": {"uv": [0.5, 7, 1, 8], "texture": "#1"},
				"east": {"uv": [1, 7, 1.5, 8], "texture": "#1"},
				"south": {"uv": [7, 1, 7.5, 2], "texture": "#1"},
				"west": {"uv": [1.5, 7, 2, 8], "texture": "#1"},
				"up": {"uv": [8, 1.5, 7.5, 1], "texture": "#1"},
				"down": {"uv": [8, 1.5, 7.5, 2], "texture": "#1"}
			}
		},
		{
			"from": [8.8478, 7.79615, 8.749],
			"to": [13.8478, 8.79615, 9.249],
			"rotation": {"angle": 25, "axis": "z", "origin": [11.8478, 7.29615, 7.999]},
			"faces": {
				"north": {"uv": [0, 2, 2.5, 2.5], "texture": "#0"},
				"east": {"uv": [5, 7, 5.5, 7.5], "texture": "#0"},
				"south": {"uv": [0, 2.5, 2.5, 3], "texture": "#0"},
				"west": {"uv": [5.5, 7, 6, 7.5], "texture": "#0"},
				"up": {"uv": [5, 2.5, 2.5, 2], "texture": "#0"},
				"down": {"uv": [5, 2.5, 2.5, 3], "texture": "#0"}
			}
		},
		{
			"from": [13.77649, 9.49885, 8.999],
			"to": [14.02849, 10.25085, 9.001],
			"rotation": {"angle": 0, "axis": "z", "origin": [14.77749, 7.74985, 8]},
			"faces": {
				"north": {"uv": [5, 7.5, 5.5, 8], "texture": "#0"},
				"east": {"uv": [0, 0, 0, 0.5], "texture": "#0"},
				"south": {"uv": [5.5, 7.5, 6, 8], "texture": "#0"},
				"west": {"uv": [0, 0, 0, 0.5], "texture": "#0"},
				"up": {"uv": [0.5, 0, 0, 0], "texture": "#0"},
				"down": {"uv": [0.5, 0, 0, 0], "texture": "#0"}
			}
		},
		{
			"from": [13.52649, 9.24885, 8.999],
			"to": [13.77849, 10.00085, 9.001],
			"rotation": {"angle": 0, "axis": "z", "origin": [14.52749, 7.49985, 8]},
			"faces": {
				"north": {"uv": [7.5, 5.5, 8, 6], "texture": "#0"},
				"east": {"uv": [0, 0, 0, 0.5], "texture": "#0"},
				"south": {"uv": [7.5, 6, 8, 6.5], "texture": "#0"},
				"west": {"uv": [0, 0, 0, 0.5], "texture": "#0"},
				"up": {"uv": [0.5, 0, 0, 0], "texture": "#0"},
				"down": {"uv": [0.5, 0, 0, 0], "texture": "#0"}
			}
		},
		{
			"from": [16.02649, 9.24885, 8.999],
			"to": [16.52849, 9.75085, 9.001],
			"rotation": {"angle": 0, "axis": "z", "origin": [17.02749, 7.24985, 8]},
			"faces": {
				"north": {"uv": [7.5, 6.5, 8, 7], "texture": "#0"},
				"east": {"uv": [0, 0, 0, 0.5], "texture": "#0"},
				"south": {"uv": [7, 7.5, 7.5, 8], "texture": "#0"},
				"west": {"uv": [0, 0, 0, 0.5], "texture": "#0"},
				"up": {"uv": [0.5, 0, 0, 0], "texture": "#0"},
				"down": {"uv": [0.5, 0, 0, 0], "texture": "#0"}
			}
		},
		{
			"from": [13.02649, 8.49885, 8.749],
			"to": [16.27849, 9.50085, 9.251],
			"rotation": {"angle": 0, "axis": "z", "origin": [16.02749, 7.99985, 8]},
			"faces": {
				"north": {"uv": [5.5, 0.5, 7, 1], "texture": "#0"},
				"east": {"uv": [7.5, 7, 8, 7.5], "texture": "#0"},
				"south": {"uv": [5.5, 1, 7, 1.5], "texture": "#0"},
				"west": {"uv": [7.5, 7.5, 8, 8], "texture": "#0"},
				"up": {"uv": [7, 2, 5.5, 1.5], "texture": "#0"},
				"down": {"uv": [3.5, 5.5, 2, 6], "texture": "#0"}
			}
		},
		{
			"from": [16.27649, 9.74885, 8.999],
			"to": [16.77849, 13.25085, 9.001],
			"rotation": {"angle": 0, "axis": "z", "origin": [17.02749, 8.99985, 8]},
			"faces": {
				"north": {"uv": [0, 5, 0.5, 7], "texture": "#0"},
				"east": {"uv": [0, 0, 0, 2], "texture": "#0"},
				"south": {"uv": [0.5, 5, 1, 7], "texture": "#0"},
				"west": {"uv": [0, 0, 0, 2], "texture": "#0"},
				"up": {"uv": [0.5, 0, 0, 0], "texture": "#0"},
				"down": {"uv": [0.5, 0, 0, 0], "texture": "#0"}
			}
		},
		{
			"from": [14.77649, 9.49885, 8.999],
			"to": [15.27849, 12.50085, 9.001],
			"rotation": {"angle": 0, "axis": "z", "origin": [15.52749, 8.99985, 8]},
			"faces": {
				"north": {"uv": [3.5, 5.5, 4, 7], "texture": "#0"},
				"east": {"uv": [0, 0, 0, 1.5], "texture": "#0"},
				"south": {"uv": [4, 5.5, 4.5, 7], "texture": "#0"},
				"west": {"uv": [0, 0, 0, 1.5], "texture": "#0"},
				"up": {"uv": [0.5, 0, 0, 0], "texture": "#0"},
				"down": {"uv": [0.5, 0, 0, 0], "texture": "#0"}
			}
		},
		{
			"from": [14.52649, 10.74885, 8.999],
			"to": [14.77849, 11.50085, 9.001],
			"rotation": {"angle": 0, "axis": "z", "origin": [15.52749, 8.99985, 8]},
			"faces": {
				"north": {"uv": [0, 8, 0.5, 8.5], "texture": "#0"},
				"east": {"uv": [0, 0, 0, 0.5], "texture": "#0"},
				"south": {"uv": [8, 0, 8.5, 0.5], "texture": "#0"},
				"west": {"uv": [0, 0, 0, 0.5], "texture": "#0"},
				"up": {"uv": [0.5, 0, 0, 0], "texture": "#0"},
				"down": {"uv": [0.5, 0, 0, 0], "texture": "#0"}
			}
		},
		{
			"from": [14.27649, 10.99885, 8.999],
			"to": [14.52849, 11.75085, 9.001],
			"rotation": {"angle": 0, "axis": "z", "origin": [15.27749, 9.24985, 8]},
			"faces": {
				"north": {"uv": [0.5, 8, 1, 8.5], "texture": "#0"},
				"east": {"uv": [0, 0, 0, 0.5], "texture": "#0"},
				"south": {"uv": [8, 0.5, 8.5, 1], "texture": "#0"},
				"west": {"uv": [0, 0, 0, 0.5], "texture": "#0"},
				"up": {"uv": [0.5, 0, 0, 0], "texture": "#0"},
				"down": {"uv": [0.5, 0, 0, 0], "texture": "#0"}
			}
		},
		{
			"from": [14.02649, 11.24885, 8.999],
			"to": [14.27849, 12.00085, 9.001],
			"rotation": {"angle": 0, "axis": "z", "origin": [15.02749, 9.49985, 8]},
			"faces": {
				"north": {"uv": [1, 8, 1.5, 8.5], "texture": "#0"},
				"east": {"uv": [0, 0, 0, 0.5], "texture": "#0"},
				"south": {"uv": [8, 1, 8.5, 1.5], "texture": "#0"},
				"west": {"uv": [0, 0, 0, 0.5], "texture": "#0"},
				"up": {"uv": [0.5, 0, 0, 0], "texture": "#0"},
				"down": {"uv": [0.5, 0, 0, 0], "texture": "#0"}
			}
		},
		{
			"from": [14.52649, 12.49885, 8.999],
			"to": [15.02849, 12.75085, 9.001],
			"rotation": {"angle": 0, "axis": "z", "origin": [15.52749, 9.24985, 8]},
			"faces": {
				"north": {"uv": [1.5, 8, 2, 8.5], "texture": "#0"},
				"east": {"uv": [0, 0, 0, 0.5], "texture": "#0"},
				"south": {"uv": [8, 1.5, 8.5, 2], "texture": "#0"},
				"west": {"uv": [0, 0, 0, 0.5], "texture": "#0"},
				"up": {"uv": [0.5, 0, 0, 0], "texture": "#0"},
				"down": {"uv": [0.5, 0, 0, 0], "texture": "#0"}
			}
		},
		{
			"from": [14.52649, 12.24885, 8.999],
			"to": [14.77849, 12.50085, 9.001],
			"rotation": {"angle": 0, "axis": "z", "origin": [15.52749, 9.24985, 8]},
			"faces": {
				"north": {"uv": [2, 8, 2.5, 8.5], "texture": "#0"},
				"east": {"uv": [0, 0, 0, 0.5], "texture": "#0"},
				"south": {"uv": [8, 2, 8.5, 2.5], "texture": "#0"},
				"west": {"uv": [0, 0, 0, 0.5], "texture": "#0"},
				"up": {"uv": [0.5, 0, 0, 0], "texture": "#0"},
				"down": {"uv": [0.5, 0, 0, 0], "texture": "#0"}
			}
		},
		{
			"from": [16.02649, 13.24885, 8.999],
			"to": [16.52849, 13.50085, 9.001],
			"rotation": {"angle": 0, "axis": "z", "origin": [17.02749, 9.99985, 8]},
			"faces": {
				"north": {"uv": [2.5, 8, 3, 8.5], "texture": "#0"},
				"east": {"uv": [0, 0, 0, 0.5], "texture": "#0"},
				"south": {"uv": [8, 2.5, 8.5, 3], "texture": "#0"},
				"west": {"uv": [0, 0, 0, 0.5], "texture": "#0"},
				"up": {"uv": [0.5, 0, 0, 0], "texture": "#0"},
				"down": {"uv": [0.5, 0, 0, 0], "texture": "#0"}
			}
		},
		{
			"from": [16.02649, 12.99885, 8.999],
			"to": [16.27849, 13.25085, 9.001],
			"rotation": {"angle": 0, "axis": "z", "origin": [17.02749, 9.99985, 8]},
			"faces": {
				"north": {"uv": [3, 8, 3.5, 8.5], "texture": "#0"},
				"east": {"uv": [0, 0, 0, 0.5], "texture": "#0"},
				"south": {"uv": [8, 3, 8.5, 3.5], "texture": "#0"},
				"west": {"uv": [0, 0, 0, 0.5], "texture": "#0"},
				"up": {"uv": [0.5, 0, 0, 0], "texture": "#0"},
				"down": {"uv": [0.5, 0, 0, 0], "texture": "#0"}
			}
		},
		{
			"from": [8.8478, 7.79615, 8.749],
			"to": [13.8478, 8.79615, 9.249],
			"rotation": {"angle": 25, "axis": "z", "origin": [11.8478, 7.29615, 7.999]},
			"faces": {
				"north": {"uv": [0, 3, 2.5, 3.5], "texture": "#0"},
				"east": {"uv": [3.5, 8, 4, 8.5], "texture": "#0"},
				"south": {"uv": [3, 0, 5.5, 0.5], "texture": "#0"},
				"west": {"uv": [8, 3.5, 8.5, 4], "texture": "#0"},
				"up": {"uv": [5.5, 1, 3, 0.5], "texture": "#0"},
				"down": {"uv": [5.5, 1, 3, 1.5], "texture": "#0"}
			}
		},
		{
			"from": [2.25, 5.25, 8],
			"to": [5, 7.25, 8.75],
			"rotation": {"angle": 25, "axis": "z", "origin": [3, 5.25, 7.5]},
			"faces": {
				"north": {"uv": [16, 0, 0, 16], "texture": "#1"},
				"east": {"uv": [2, 7, 2.5, 8], "texture": "#1"},
				"south": {"uv": [1.5, 1, 3, 2], "texture": "#1"},
				"west": {"uv": [2.5, 7, 3, 8], "texture": "#1"},
				"up": {"uv": [6, 6, 4.5, 5.5], "texture": "#1"},
				"down": {"uv": [3.5, 6, 2, 6.5], "texture": "#1"}
			}
		},
		{
			"from": [2.25, 7, 7.75],
			"to": [5, 7.25, 8],
			"rotation": {"angle": 25, "axis": "z", "origin": [3, 5.25, 7.5]},
			"faces": {
				"north": {"uv": [4.5, 6, 6, 6.5], "texture": "#1"},
				"east": {"uv": [4.5, 8, 5, 8.5], "texture": "#1"},
				"south": {"uv": [6, 5.5, 7.5, 6], "texture": "#1"},
				"west": {"uv": [8, 4.5, 8.5, 5], "texture": "#1"},
				"up": {"uv": [7.5, 6.5, 6, 6], "texture": "#1"},
				"down": {"uv": [3.5, 6.5, 2, 7], "texture": "#1"}
			}
		},
		{
			"from": [2.5, 5.25, 7.75],
			"to": [5, 5.5, 8],
			"rotation": {"angle": 25, "axis": "z", "origin": [3, 5.25, 7.5]},
			"faces": {
				"north": {"uv": [6.5, 2, 8, 2.5], "texture": "#1"},
				"east": {"uv": [5, 8, 5.5, 8.5], "texture": "#1"},
				"south": {"uv": [6.5, 2.5, 8, 3], "texture": "#1"},
				"west": {"uv": [8, 5, 8.5, 5.5], "texture": "#1"},
				"up": {"uv": [8, 3.5, 6.5, 3], "texture": "#1"},
				"down": {"uv": [8, 3.5, 6.5, 4], "texture": "#1"}
			}
		},
		{
			"from": [2.25, 5.25, 7.75],
			"to": [2.5, 7, 8],
			"rotation": {"angle": 25, "axis": "z", "origin": [3, 5.25, 7.5]},
			"faces": {
				"north": {"uv": [3, 7, 3.5, 8], "texture": "#1"},
				"east": {"uv": [3.5, 7, 4, 8], "texture": "#1"},
				"south": {"uv": [4, 7, 4.5, 8], "texture": "#1"},
				"west": {"uv": [4.5, 7, 5, 8], "texture": "#1"},
				"up": {"uv": [6, 8.5, 5.5, 8], "texture": "#1"},
				"down": {"uv": [8.5, 5.5, 8, 6], "texture": "#1"}
			}
		},
		{
			"from": [2.1522, 7.79615, 8.749],
			"to": [7.1522, 8.79615, 9.249],
			"rotation": {"angle": -25, "axis": "z", "origin": [4.1522, 7.29615, 7.999]},
			"faces": {
				"north": {"uv": [0, 0, 5, 1], "texture": "#0"},
				"east": {"uv": [6, 4, 7, 5], "texture": "#0"},
				"south": {"uv": [0, 1, 5, 2], "texture": "#0"},
				"west": {"uv": [6, 5, 7, 6], "texture": "#0"},
				"up": {"uv": [5, 3, 0, 2], "texture": "#0"},
				"down": {"uv": [5, 3, 0, 4], "texture": "#0"}
			}
		},
		{
			"from": [1.97151, 9.49885, 8.999],
			"to": [2.22351, 10.25085, 9.001],
			"rotation": {"angle": 0, "axis": "z", "origin": [1.22251, 7.74985, 8]},
			"faces": {
				"north": {"uv": [3, 7, 4, 8], "texture": "#0"},
				"east": {"uv": [0, 0, 0, 1], "texture": "#0"},
				"south": {"uv": [4, 7, 5, 8], "texture": "#0"},
				"west": {"uv": [0, 0, 0, 1], "texture": "#0"},
				"up": {"uv": [1, 0, 0, 0], "texture": "#0"},
				"down": {"uv": [0, 0, 1, 0], "texture": "#0"}
			}
		},
		{
			"from": [2.22151, 9.24885, 8.999],
			"to": [2.47351, 10.00085, 9.001],
			"rotation": {"angle": 0, "axis": "z", "origin": [1.47251, 7.49985, 8]},
			"faces": {
				"north": {"uv": [7, 4, 8, 5], "texture": "#0"},
				"east": {"uv": [0, 0, 0, 1], "texture": "#0"},
				"south": {"uv": [5, 7, 6, 8], "texture": "#0"},
				"west": {"uv": [0, 0, 0, 1], "texture": "#0"},
				"up": {"uv": [0, 0, 1, 0], "texture": "#0"},
				"down": {"uv": [0, 0, 1, 0], "texture": "#0"}
			}
		},
		{
			"from": [-0.52849, 9.24885, 8.999],
			"to": [-0.02649, 9.75085, 9.001],
			"rotation": {"angle": 0, "axis": "z", "origin": [-1.02749, 7.24985, 8]},
			"faces": {
				"north": {"uv": [7, 5, 8, 6], "texture": "#0"},
				"east": {"uv": [0, 0, 0, 1], "texture": "#0"},
				"south": {"uv": [6, 7, 7, 8], "texture": "#0"},
				"west": {"uv": [0, 0, 0, 1], "texture": "#0"},
				"up": {"uv": [0, 0, 1, 0], "texture": "#0"},
				"down": {"uv": [0, 0, 1, 0], "texture": "#0"}
			}
		},
		{
			"from": [-0.27849, 8.49885, 8.749],
			"to": [2.97351, 9.50085, 9.251],
			"rotation": {"angle": 0, "axis": "z", "origin": [-0.02749, 7.99985, 8]},
			"faces": {
				"north": {"uv": [1, 6, 4, 7], "texture": "#0"},
				"east": {"uv": [7, 6, 8, 7], "texture": "#0"},
				"south": {"uv": [6, 2, 9, 3], "texture": "#0"},
				"west": {"uv": [7, 7, 8, 8], "texture": "#0"},
				"up": {"uv": [9, 4, 6, 3], "texture": "#0"},
				"down": {"uv": [7, 6, 4, 7], "texture": "#0"}
			}
		},
		{
			"from": [-0.77849, 9.74885, 8.999],
			"to": [-0.27649, 13.25085, 9.001],
			"rotation": {"angle": 0, "axis": "z", "origin": [-1.02749, 8.99985, 8]},
			"faces": {
				"north": {"uv": [5, 2, 6, 6], "texture": "#0"},
				"east": {"uv": [0, 0, 0, 4], "texture": "#0"},
				"south": {"uv": [0, 6, 1, 10], "texture": "#0"},
				"west": {"uv": [0, 0, 0, 4], "texture": "#0"},
				"up": {"uv": [0, 0, 1, 0], "texture": "#0"},
				"down": {"uv": [0, 0, 1, 0], "texture": "#0"}
			}
		},
		{
			"from": [0.72151, 9.49885, 8.999],
			"to": [1.22351, 12.50085, 9.001],
			"rotation": {"angle": 0, "axis": "z", "origin": [0.47251, 8.99985, 8]},
			"faces": {
				"north": {"uv": [1, 7, 2, 10], "texture": "#0"},
				"east": {"uv": [0, 0, 0, 3], "texture": "#0"},
				"south": {"uv": [2, 7, 3, 10], "texture": "#0"},
				"west": {"uv": [0, 0, 0, 3], "texture": "#0"},
				"up": {"uv": [0, 0, 1, 0], "texture": "#0"},
				"down": {"uv": [0, 0, 1, 0], "texture": "#0"}
			}
		},
		{
			"from": [1.22151, 10.74885, 8.999],
			"to": [1.47351, 11.50085, 9.001],
			"rotation": {"angle": 0, "axis": "z", "origin": [0.47251, 8.99985, 8]},
			"faces": {
				"north": {"uv": [3, 8, 4, 9], "texture": "#0"},
				"east": {"uv": [0, 0, 0, 1], "texture": "#0"},
				"south": {"uv": [4, 8, 5, 9], "texture": "#0"},
				"west": {"uv": [0, 0, 0, 1], "texture": "#0"},
				"up": {"uv": [0, 0, 1, 0], "texture": "#0"},
				"down": {"uv": [0, 0, 1, 0], "texture": "#0"}
			}
		},
		{
			"from": [1.47151, 10.99885, 8.999],
			"to": [1.72351, 11.75085, 9.001],
			"rotation": {"angle": 0, "axis": "z", "origin": [0.72251, 9.24985, 8]},
			"faces": {
				"north": {"uv": [8, 4, 9, 5], "texture": "#0"},
				"east": {"uv": [0, 0, 0, 1], "texture": "#0"},
				"south": {"uv": [5, 8, 6, 9], "texture": "#0"},
				"west": {"uv": [0, 0, 0, 1], "texture": "#0"},
				"up": {"uv": [0, 0, 1, 0], "texture": "#0"},
				"down": {"uv": [0, 0, 1, 0], "texture": "#0"}
			}
		},
		{
			"from": [1.72151, 11.24885, 8.999],
			"to": [1.97351, 12.00085, 9.001],
			"rotation": {"angle": 0, "axis": "z", "origin": [0.97251, 9.49985, 8]},
			"faces": {
				"north": {"uv": [8, 5, 9, 6], "texture": "#0"},
				"east": {"uv": [0, 0, 0, 1], "texture": "#0"},
				"south": {"uv": [6, 8, 7, 9], "texture": "#0"},
				"west": {"uv": [0, 0, 0, 1], "texture": "#0"},
				"up": {"uv": [0, 0, 1, 0], "texture": "#0"},
				"down": {"uv": [0, 0, 1, 0], "texture": "#0"}
			}
		},
		{
			"from": [0.97151, 12.49885, 8.999],
			"to": [1.47351, 12.75085, 9.001],
			"rotation": {"angle": 0, "axis": "z", "origin": [0.47251, 9.24985, 8]},
			"faces": {
				"north": {"uv": [8, 6, 9, 7], "texture": "#0"},
				"east": {"uv": [0, 0, 0, 1], "texture": "#0"},
				"south": {"uv": [7, 8, 8, 9], "texture": "#0"},
				"west": {"uv": [0, 0, 0, 1], "texture": "#0"},
				"up": {"uv": [0, 0, 1, 0], "texture": "#0"},
				"down": {"uv": [0, 0, 1, 0], "texture": "#0"}
			}
		},
		{
			"from": [1.22151, 12.24885, 8.999],
			"to": [1.47351, 12.50085, 9.001],
			"rotation": {"angle": 0, "axis": "z", "origin": [0.47251, 9.24985, 8]},
			"faces": {
				"north": {"uv": [8, 7, 9, 8], "texture": "#0"},
				"east": {"uv": [0, 0, 0, 1], "texture": "#0"},
				"south": {"uv": [8, 8, 9, 9], "texture": "#0"},
				"west": {"uv": [0, 0, 0, 1], "texture": "#0"},
				"up": {"uv": [0, 0, 1, 0], "texture": "#0"},
				"down": {"uv": [0, 0, 1, 0], "texture": "#0"}
			}
		},
		{
			"from": [-0.52849, 13.24885, 8.999],
			"to": [-0.02649, 13.50085, 9.001],
			"rotation": {"angle": 0, "axis": "z", "origin": [-1.02749, 9.99985, 8]},
			"faces": {
				"north": {"uv": [9, 2, 10, 3], "texture": "#0"},
				"east": {"uv": [0, 0, 0, 1], "texture": "#0"},
				"south": {"uv": [3, 9, 4, 10], "texture": "#0"},
				"west": {"uv": [0, 0, 0, 1], "texture": "#0"},
				"up": {"uv": [0, 0, 1, 0], "texture": "#0"},
				"down": {"uv": [0, 0, 1, 0], "texture": "#0"}
			}
		},
		{
			"from": [-0.27849, 12.99885, 8.999],
			"to": [-0.02649, 13.25085, 9.001],
			"rotation": {"angle": 0, "axis": "z", "origin": [-1.02749, 9.99985, 8]},
			"faces": {
				"north": {"uv": [9, 3, 10, 4], "texture": "#0"},
				"east": {"uv": [0, 0, 0, 1], "texture": "#0"},
				"south": {"uv": [4, 9, 5, 10], "texture": "#0"},
				"west": {"uv": [0, 0, 0, 1], "texture": "#0"},
				"up": {"uv": [0, 0, 1, 0], "texture": "#0"},
				"down": {"uv": [0, 0, 1, 0], "texture": "#0"}
			}
		},
		{
			"from": [2.1522, 7.79615, 8.749],
			"to": [7.1522, 8.79615, 9.249],
			"rotation": {"angle": -25, "axis": "z", "origin": [4.1522, 7.29615, 7.999]},
			"faces": {
				"north": {"uv": [0, 4, 5, 5], "texture": "#0"},
				"east": {"uv": [9, 4, 10, 5], "texture": "#0"},
				"south": {"uv": [0, 5, 5, 6], "texture": "#0"},
				"west": {"uv": [5, 9, 6, 10], "texture": "#0"},
				"up": {"uv": [10, 1, 5, 0], "texture": "#0"},
				"down": {"uv": [10, 1, 5, 2], "texture": "#0"}
			}
		}
	],
	"display": {
		"thirdperson_righthand": {
			"scale": [0.68, 0.68, 0.68]
		},
		"thirdperson_lefthand": {
			"scale": [0.68, 0.68, 0.68]
		},
		"firstperson_righthand": {
			"translation": [0, 1.5, 0]
		},
		"firstperson_lefthand": {
			"translation": [0, 1.5, 0]
		},
		"gui": {
			"rotation": [0, 143, -11],
			"translation": [-0.25, -0.5, 0]
		},
		"head": {
			"translation": [0, 6.75, 0],
			"scale": [1.66, 1.66, 1.66]
		},
		"fixed": {
			"translation": [0, 0, -0.75]
		}
	},
	"groups": [
		{
			"name": "group",
			"origin": [4.1522, 7.29615, 7.999],
			"color": 0,
			"children": [0, 1, 2, 3, 4, 5, 6, 7, 8, 9, 10, 11, 12, 13, 14, 15, 16, 17, 18]
		},
		{
			"name": "group",
			"origin": [4.1522, 7.29615, 7.999],
			"color": 0,
			"children": [19, 20, 21, 22, 23, 24, 25, 26, 27, 28, 29, 30, 31, 32, 33, 34, 35, 36, 37]
		}
	]
}