{
  "model": {
    "type": "minecraft:condition",
    "property": "minecraft:has_component",
    "component": "minecraft:custom_name",
    "on_true": {
      "type": "minecraft:select",
      "property": "minecraft:component",
      "component": "minecraft:custom_name",
      "cases": [
        {
          "when": "Beer Mug",
          "model": {
            "type": "minecraft:model",
            "model": "minecraft:item/food/drinks/beer_mug"
          }
        }
      ],
      "fallback": {
        "type": "minecraft:model",
        "model": "minecraft:item/glass_bottle"
      }
    },
    "on_false": {
      "type": "minecraft:model",
      "model": "minecraft:item/glass_bottle"
    }
  }
}