{
  "model": {
    "type": "minecraft:select",
    "property": "minecraft:component",
    "component": "minecraft:custom_name",
    "cases": [
      {
        "when": "Tiny Wrench",
        "model": {
          "type": "minecraft:select",
          "property": "minecraft:component",
          "component": "minecraft:attribute_modifiers",
          "cases": [
            {
              "when": [
                {
                  "type": "minecraft:scale",
                  "id": "minecraft:scale",
                  "amount": -0.5,
                  "operation": "add_multiplied_base",
                  "slot": "offhand"
                }
              ],
              "model": {
                "type": "minecraft:model",
                "model": "item/misc/wrench"
              }
            }
          ],
          "fallback": {
            "type": "minecraft:model",
            "model": "minecraft:item/gold_nugget"
          }
        }
      },
      {
        "when": "Jesus <3",
        "model": {
          "type": "minecraft:model",
          "model": "item/totem/jesus"
        }
      },
      {
        "when": "Technoblade",
        "model": {
          "type": "minecraft:select",
          "property": "minecraft:component",
          "component": "minecraft:attribute_modifiers",
          "cases": [
            {
              "when": [
                {
                  "type": "minecraft:scale",
                  "id": "minecraft:scale",
                  "amount": -0.5,
                  "operation": "add_multiplied_base",
                  "slot": "offhand"
                }
              ],
              "model": {
                "type": "minecraft:model",
                "model": "item/players/fullsize/technoblade"
              }
            }
          ],
          "fallback": {
            "type": "minecraft:model",
            "model": "minecraft:item/gold_nugget"
          }
        }
      },
      {
        "when": "Otter",
        "model": {
          "type": "minecraft:select",
          "property": "minecraft:component",
          "component": "minecraft:attribute_modifiers",
          "cases": [
            {
              "when": [
                {
                  "type": "minecraft:scale",
                  "id": "minecraft:scale",
                  "amount": -0.5,
                  "operation": "add_multiplied_base",
                  "slot": "offhand"
                }
              ],
              "model": {
                "type": "minecraft:model",
                "model": "item/pets/otter/otter"
              }
            }
          ],
          "fallback": {
            "type": "minecraft:model",
            "model": "minecraft:item/gold_nugget"
          }
        }
      }
    ],
    "fallback": {
      "type": "minecraft:model",
      "model": "minecraft:item/gold_nugget"
    }
  }
}