{
  "model": {
    "type": "minecraft:condition",
    "property": "minecraft:has_component",
    "component": "minecraft:item_name",
    "on_true": {
      "type": "minecraft:select",
      "models": [],
      "property": "minecraft:component",
      "component": "minecraft:custom_name",
      "cases": [
        {
          "when": "Banana 🍌",
          "model": {
            "type": "minecraft:model",
            "model": "minecraft:item/food/banana"
          }
        },
        {
          "when": "Golden Potato",
          "model": {
            "type": "minecraft:model",
            "model": "minecraft:item/food/golden_potato"
          }
        },
        {
          "when": "Borger",
          "model": {
            "type": "minecraft:model",
            "model": "item/food/borger"
          }
        },
        {
          "when": "Hotdog",
          "model": {
            "type": "minecraft:model",
            "model": "item/food/hotdog"
          }
        },
        {
          "when": "Candy Cane",
          "model": {
            "type": "minecraft:model",
            "model": "item/food/candy_cane"
          }
        },
        {
          "when": "Candy Cane Bruno",
          "model": {
            "type": "minecraft:model",
            "model": "item/food/candy_cane_bruno"
          }
        }
      ],
      "fallback": {
        "type": "minecraft:model",
        "model": "minecraft:item/golden_carrot"
      }
    },
    "on_false": {
      "type": "minecraft:model",
      "model": "minecraft:item/golden_carrot"
    }
  }
}