{
	"format_version": "1.21.6",
	"credit": "Made by BearBruno",
	"textures": {
		"0": "item/plushies/plushie_bear/bear_texture",
		"1": "item/plushies/plushie_bear/bear_texture_2",
		"particle": "item/plushies/plushie_bear/bear_texture"
	},
	"elements": [
		{
			"from": [10.75, 8.5, 7.5],
			"to": [12.5, 10, 8.5],
			"rotation": {"angle": -22.5, "axis": "z", "origin": [10.75, 8.5, 7.75]},
			"faces": {
				"north": {"uv": [0, 0, 1.75, 1.5], "texture": "#1"},
				"east": {"uv": [4, 4, 5, 5.5], "texture": "#1"},
				"south": {"uv": [0, 2, 1.75, 3.5], "texture": "#1"},
				"west": {"uv": [0, 5, 1, 6.5], "texture": "#1"},
				"up": {"uv": [1.75, 5, 0, 4], "texture": "#1"},
				"down": {"uv": [5.75, 0, 4, 1], "texture": "#1"}
			}
		},
		{
			"from": [10.5, 8.5, 7.5],
			"to": [10.75, 10, 8.5],
			"rotation": {"angle": -22.5, "axis": "z", "origin": [10.75, 8.5, 7.75]},
			"faces": {
				"north": {"uv": [0, 9, 0.25, 10.5], "texture": "#1"},
				"east": {"uv": [1, 5, 2, 6.5], "texture": "#1"},
				"south": {"uv": [1, 9, 1.25, 10.5], "texture": "#1"},
				"west": {"uv": [2, 5, 3, 6.5], "texture": "#1"},
				"up": {"uv": [10.25, 6, 10, 5], "texture": "#1"},
				"down": {"uv": [10.25, 6, 10, 7], "texture": "#1"}
			}
		},
		{
			"from": [10.75, 10, 7.5],
			"to": [12.5, 10.25, 8.5],
			"rotation": {"angle": -22.5, "axis": "z", "origin": [10.75, 8.5, 7.75]},
			"faces": {
				"north": {"uv": [4, 8, 5.75, 8.25], "texture": "#1"},
				"east": {"uv": [7, 10, 8, 10.25], "texture": "#1"},
				"south": {"uv": [8, 4, 9.75, 4.25], "texture": "#1"},
				"west": {"uv": [10, 7, 11, 7.25], "texture": "#1"},
				"up": {"uv": [5.75, 2, 4, 1], "texture": "#1"},
				"down": {"uv": [3.75, 4, 2, 5], "texture": "#1"}
			}
		},
		{
			"from": [11, 10.25, 7.5],
			"to": [12.25, 10.5, 8.5],
			"rotation": {"angle": -22.5, "axis": "z", "origin": [10.75, 8.5, 7.75]},
			"faces": {
				"north": {"uv": [10, 2, 11.25, 2.25], "texture": "#1"},
				"east": {"uv": [8, 10, 9, 10.25], "texture": "#1"},
				"south": {"uv": [10, 4, 11.25, 4.25], "texture": "#1"},
				"west": {"uv": [10, 8, 11, 8.25], "texture": "#1"},
				"up": {"uv": [5.25, 7, 4, 6], "texture": "#1"},
				"down": {"uv": [7.25, 4, 6, 5], "texture": "#1"}
			}
		},
		{
			"from": [12.5, 8.5, 7.5],
			"to": [12.75, 10, 8.5],
			"rotation": {"angle": -22.5, "axis": "z", "origin": [10.75, 8.5, 7.75]},
			"faces": {
				"north": {"uv": [2, 9, 2.25, 10.5], "texture": "#1"},
				"east": {"uv": [3, 5, 4, 6.5], "texture": "#1"},
				"south": {"uv": [3, 9, 3.25, 10.5], "texture": "#1"},
				"west": {"uv": [5, 4, 6, 5.5], "texture": "#1"},
				"up": {"uv": [9.25, 11, 9, 10], "texture": "#1"},
				"down": {"uv": [10.25, 9, 10, 10], "texture": "#1"}
			}
		},
		{
			"from": [10.75, 8.25, 7.5],
			"to": [12.5, 8.5, 8.5],
			"rotation": {"angle": -22.5, "axis": "z", "origin": [10.75, 8.5, 7.75]},
			"faces": {
				"north": {"uv": [8, 5, 9.75, 5.25], "texture": "#1"},
				"east": {"uv": [10, 10, 11, 10.25], "texture": "#1"},
				"south": {"uv": [8, 6, 9.75, 6.25], "texture": "#1"},
				"west": {"uv": [0, 11, 1, 11.25], "texture": "#1"},
				"up": {"uv": [5.75, 3, 4, 2], "texture": "#1"},
				"down": {"uv": [5.75, 3, 4, 4], "texture": "#1"}
			}
		},
		{
			"from": [6.5, 9.75, 7.25],
			"to": [8, 11.25, 8],
			"rotation": {"angle": 0, "axis": "y", "origin": [6, 9.75, 7.5]},
			"faces": {
				"north": {"uv": [2, 0, 3.5, 1.5], "texture": "#1"},
				"east": {"uv": [6, 5, 6.75, 6.5], "texture": "#1"},
				"south": {"uv": [2, 2, 3.5, 3.5], "texture": "#1"},
				"west": {"uv": [0, 7, 0.75, 8.5], "texture": "#1"},
				"up": {"uv": [8.5, 0.75, 7, 0], "texture": "#1"},
				"down": {"uv": [2.5, 7, 1, 7.75], "texture": "#1"}
			}
		},
		{
			"from": [8, 9.75, 7.25],
			"to": [8.25, 11.5, 8],
			"rotation": {"angle": 0, "axis": "y", "origin": [6, 9.75, 7.5]},
			"faces": {
				"north": {"uv": [7, 8, 7.25, 9.75], "texture": "#1"},
				"east": {"uv": [6, 0, 6.75, 1.75], "texture": "#1"},
				"south": {"uv": [8, 8, 8.25, 9.75], "texture": "#1"},
				"west": {"uv": [6, 2, 6.75, 3.75], "texture": "#1"},
				"up": {"uv": [11.25, 0.75, 11, 0], "texture": "#1"},
				"down": {"uv": [1.25, 11, 1, 11.75], "texture": "#1"}
			}
		},
		{
			"from": [8.25, 9.75, 7.25],
			"to": [8.5, 11.25, 8],
			"rotation": {"angle": 0, "axis": "y", "origin": [6, 9.75, 7.5]},
			"faces": {
				"north": {"uv": [4, 9, 4.25, 10.5], "texture": "#1"},
				"east": {"uv": [7, 1, 7.75, 2.5], "texture": "#1"},
				"south": {"uv": [5, 9, 5.25, 10.5], "texture": "#1"},
				"west": {"uv": [3, 7, 3.75, 8.5], "texture": "#1"},
				"up": {"uv": [11.25, 1.75, 11, 1], "texture": "#1"},
				"down": {"uv": [2.25, 11, 2, 11.75], "texture": "#1"}
			}
		},
		{
			"from": [6.5, 9.5, 7.25],
			"to": [8, 9.75, 8],
			"rotation": {"angle": 0, "axis": "y", "origin": [6, 9.75, 7.5]},
			"faces": {
				"north": {"uv": [9, 0, 10.5, 0.25], "texture": "#1"},
				"east": {"uv": [3, 11, 3.75, 11.25], "texture": "#1"},
				"south": {"uv": [9, 3, 10.5, 3.25], "texture": "#1"},
				"west": {"uv": [11, 3, 11.75, 3.25], "texture": "#1"},
				"up": {"uv": [8.5, 3.75, 7, 3], "texture": "#1"},
				"down": {"uv": [5.5, 7, 4, 7.75], "texture": "#1"}
			}
		},
		{
			"from": [6.5, 11.25, 7.25],
			"to": [6.75, 11.5, 8],
			"rotation": {"angle": 0, "axis": "y", "origin": [6, 9.75, 7.5]},
			"faces": {
				"north": {"uv": [11, 7, 11.25, 7.25], "texture": "#1"},
				"east": {"uv": [4, 11, 4.75, 11.25], "texture": "#1"},
				"south": {"uv": [8, 11, 8.25, 11.25], "texture": "#1"},
				"west": {"uv": [5, 11, 5.75, 11.25], "texture": "#1"},
				"up": {"uv": [11.25, 5.75, 11, 5], "texture": "#1"},
				"down": {"uv": [6.25, 11, 6, 11.75], "texture": "#1"}
			}
		},
		{
			"from": [6.25, 9.75, 7.25],
			"to": [6.5, 11.25, 8],
			"rotation": {"angle": 0, "axis": "y", "origin": [6, 9.75, 7.5]},
			"faces": {
				"north": {"uv": [6, 9, 6.25, 10.5], "texture": "#1"},
				"east": {"uv": [7, 5, 7.75, 6.5], "texture": "#1"},
				"south": {"uv": [9, 7, 9.25, 8.5], "texture": "#1"},
				"west": {"uv": [6, 7, 6.75, 8.5], "texture": "#1"},
				"up": {"uv": [11.25, 6.75, 11, 6], "texture": "#1"},
				"down": {"uv": [7.25, 11, 7, 11.75], "texture": "#1"}
			}
		},
		{
			"from": [6.75, 11.25, 7.25],
			"to": [8, 11.75, 8],
			"rotation": {"angle": 0, "axis": "y", "origin": [6, 11.25, 7.5]},
			"faces": {
				"north": {"uv": [8, 1, 9.25, 1.5], "texture": "#1"},
				"east": {"uv": [9, 9, 9.75, 9.5], "texture": "#1"},
				"south": {"uv": [8, 2, 9.25, 2.5], "texture": "#1"},
				"west": {"uv": [10, 1, 10.75, 1.5], "texture": "#1"},
				"up": {"uv": [8.25, 7.75, 7, 7], "texture": "#1"},
				"down": {"uv": [2.25, 8, 1, 8.75], "texture": "#1"}
			}
		},
		{
			"from": [4.75, 0, 4.25],
			"to": [6.75, 2, 9.25],
			"rotation": {"angle": 15, "axis": "y", "origin": [4.75, 0, 4.25]},
			"faces": {
				"north": {"uv": [9, 9.5, 10, 10.5], "texture": "#0"},
				"east": {"uv": [6.5, 5.5, 9, 6.5], "texture": "#0"},
				"south": {"uv": [0, 10, 1, 11], "texture": "#0"},
				"west": {"uv": [6.5, 6.5, 9, 7.5], "texture": "#0"},
				"up": {"uv": [8, 5, 7, 2.5], "texture": "#0"},
				"down": {"uv": [1, 7.5, 0, 10], "texture": "#0"}
			}
		},
		{
			"from": [1.5, 2.75, 8.25],
			"to": [6.5, 4.75, 10],
			"rotation": {"angle": 45, "axis": "z", "origin": [4.5, 4.75, 6.25]},
			"faces": {
				"north": {"uv": [7.5, 7.5, 10, 8.5], "texture": "#0"},
				"east": {"uv": [10, 1, 10.875, 2], "texture": "#0"},
				"south": {"uv": [2, 8, 4.5, 9], "texture": "#0"},
				"west": {"uv": [2, 10, 2.875, 11], "texture": "#0"},
				"up": {"uv": [10.5, 4.875, 8, 4], "texture": "#0"},
				"down": {"uv": [10, 8.5, 7.5, 9.375], "texture": "#0"}
			}
		},
		{
			"from": [8, 3.25, 8.25],
			"to": [13, 5.25, 10],
			"rotation": {"angle": -40, "axis": "z", "origin": [10, 3.25, 6.25]},
			"faces": {
				"north": {"uv": [8, 2, 10.5, 3], "texture": "#0"},
				"east": {"uv": [3, 10, 3.875, 11], "texture": "#0"},
				"south": {"uv": [8, 3, 10.5, 4], "texture": "#0"},
				"west": {"uv": [6, 10, 6.875, 11], "texture": "#0"},
				"up": {"uv": [4.5, 9.875, 2, 9], "texture": "#0"},
				"down": {"uv": [11.5, 5, 9, 5.875], "texture": "#0"}
			}
		},
		{
			"from": [9.25, 0, 3.5],
			"to": [11.25, 2, 8.5],
			"rotation": {"angle": -15, "axis": "y", "origin": [9.25, 0, 3.5]},
			"faces": {
				"north": {"uv": [10, 0, 11, 1], "texture": "#0"},
				"east": {"uv": [7.5, 0, 10, 1], "texture": "#0"},
				"south": {"uv": [1, 10, 2, 11], "texture": "#0"},
				"west": {"uv": [7.5, 1, 10, 2], "texture": "#0"},
				"up": {"uv": [2, 10, 1, 7.5], "texture": "#0"},
				"down": {"uv": [7.5, 7.5, 6.5, 10], "texture": "#0"}
			}
		},
		{
			"from": [6, 0.25, 7],
			"to": [10, 5.75, 9],
			"rotation": {"angle": 12.5, "axis": "x", "origin": [7, 0, 7]},
			"faces": {
				"north": {"uv": [2.5, 5, 4.5, 7.75], "texture": "#0"},
				"east": {"uv": [4.5, 5.5, 5.5, 8.25], "texture": "#0"},
				"south": {"uv": [5, 2.5, 7, 5.25], "texture": "#0"},
				"west": {"uv": [5.5, 5.5, 6.5, 8.25], "texture": "#0"},
				"up": {"uv": [6.5, 9.5, 4.5, 8.5], "texture": "#0"},
				"down": {"uv": [11, 6, 9, 7], "texture": "#0"}
			}
		},
		{
			"from": [5.5, 6, 6.75],
			"to": [10.5, 11, 11.75],
			"rotation": {"angle": -22.5, "axis": "z", "origin": [5.5, 6, 6.75]},
			"faces": {
				"north": {"uv": [0, 0, 2.5, 2.5], "texture": "#0"},
				"east": {"uv": [0, 2.5, 2.5, 5], "texture": "#0"},
				"south": {"uv": [2.5, 0, 5, 2.5], "texture": "#0"},
				"west": {"uv": [2.5, 2.5, 5, 5], "texture": "#0"},
				"up": {"uv": [2.5, 7.5, 0, 5], "texture": "#0"},
				"down": {"uv": [7.5, 0, 5, 2.5], "texture": "#0"}
			}
		},
		{
			"from": [6.5, 6.5, 6.25],
			"to": [9.5, 8, 6.75],
			"rotation": {"angle": -22.5, "axis": "z", "origin": [5.5, 6, 5.75]},
			"faces": {
				"north": {"uv": [4.5, 9.5, 6, 10.25], "texture": "#0"},
				"east": {"uv": [4, 10, 4.25, 10.75], "texture": "#0"},
				"south": {"uv": [7.5, 9.5, 9, 10.25], "texture": "#0"},
				"west": {"uv": [7, 10, 7.25, 10.75], "texture": "#0"},
				"up": {"uv": [8.5, 5.25, 7, 5], "texture": "#0"},
				"down": {"uv": [10.5, 7, 9, 7.25], "texture": "#0"}
			}
		}
	],
	"display": {
		"thirdperson_righthand": {
			"rotation": [34, 0, 0],
			"translation": [0, 2.25, 0]
		},
		"thirdperson_lefthand": {
			"rotation": [34, 0, 0],
			"translation": [0, 2.25, 0]
		},
		"firstperson_righthand": {
			"translation": [0, 4, 0]
		},
		"firstperson_lefthand": {
			"translation": [0, 4, 0]
		},
		"ground": {
			"translation": [0, 7.25, 0]
		},
		"gui": {
			"rotation": [17, -180, 8],
			"translation": [0.75, 3.25, 0],
			"scale": [1.2, 1.2, 1.2]
		},
		"head": {
			"translation": [0, 16, 0],
			"scale": [1.27, 1.27, 1.27]
		},
		"fixed": {
			"scale": [2.95, 2.95, 2.95]
		},
		"on_shelf": {
			"rotation": [-180, 0, -180],
			"translation": [0, 3.75, 0]
		}
	}
}