{
	"format_version": "1.21.6",
	"credit": "Made with Blockbench",
	"texture_size": [64, 64],
	"textures": {
		"0": "item/hats/fox_crown_texture",
		"particle": "item/hats/fox_crown_texture"
	},
	"elements": [
		{
			"from": [4, 10.5, 4],
			"to": [12, 12, 12],
			"rotation": {"angle": 0, "axis": "y", "origin": [11.5, 4.5, 4.5]},
			"faces": {
				"north": {"uv": [6.75, 6.25, 8.75, 6.625], "texture": "#0"},
				"east": {"uv": [6.75, 6.75, 8.75, 7.125], "texture": "#0"},
				"south": {"uv": [2.25, 7, 4.25, 7.375], "texture": "#0"},
				"west": {"uv": [7, 2.25, 9, 2.625], "texture": "#0"},
				"up": {"uv": [4.25, 7, 2.25, 5], "texture": "#0"},
				"down": {"uv": [7, 2.25, 5, 4.25], "texture": "#0"}
			}
		},
		{
			"from": [3, 9.75, 3],
			"to": [13, 10.5, 13],
			"rotation": {"angle": 0, "axis": "y", "origin": [11, 9.75, 5]},
			"faces": {
				"north": {"uv": [7, 2.75, 9.5, 3], "texture": "#0"},
				"east": {"uv": [7, 3, 9.5, 3.25], "texture": "#0"},
				"south": {"uv": [7, 3.25, 9.5, 3.5], "texture": "#0"},
				"west": {"uv": [7, 3.5, 9.5, 3.75], "texture": "#0"},
				"up": {"uv": [2.5, 2.5, 0, 0], "texture": "#0"},
				"down": {"uv": [2.5, 2.5, 0, 5], "texture": "#0"}
			}
		},
		{
			"from": [3, 6.5, 3],
			"to": [13, 8, 13],
			"rotation": {"angle": 0, "axis": "y", "origin": [11, 7, 5]},
			"faces": {
				"north": {"uv": [4.25, 6.5, 6.75, 6.875], "texture": "#0"},
				"east": {"uv": [6.5, 4.75, 9, 5.125], "texture": "#0"},
				"south": {"uv": [6.5, 5.25, 9, 5.625], "texture": "#0"},
				"west": {"uv": [6.5, 5.75, 9, 6.125], "texture": "#0"},
				"up": {"uv": [5, 2.5, 2.5, 0], "texture": "#0"},
				"down": {"uv": [5, 2.5, 2.5, 5], "texture": "#0"}
			}
		},
		{
			"from": [3.5, 8, 3.5],
			"to": [12.5, 9.75, 12.5],
			"rotation": {"angle": 0, "axis": "y", "origin": [11, 8, 5]},
			"faces": {
				"north": {"uv": [4.25, 5, 6.5, 5.5], "texture": "#0"},
				"east": {"uv": [5, 4.25, 7.25, 4.75], "texture": "#0"},
				"south": {"uv": [4.25, 5.5, 6.5, 6], "texture": "#0"},
				"west": {"uv": [4.25, 6, 6.5, 6.5], "texture": "#0"},
				"up": {"uv": [2.25, 7.25, 0, 5], "texture": "#0"},
				"down": {"uv": [7.25, 0, 5, 2.25], "texture": "#0"}
			}
		},
		{
			"from": [7.75, 12, 7.75],
			"to": [8.25, 14.5, 8.25],
			"rotation": {"angle": 0, "axis": "y", "origin": [11.5, 6, 4.5]},
			"faces": {
				"north": {"uv": [7.75, 7.75, 7.875, 8.375], "texture": "#0"},
				"east": {"uv": [8, 0, 8.125, 0.625], "texture": "#0"},
				"south": {"uv": [8, 0.75, 8.125, 1.375], "texture": "#0"},
				"west": {"uv": [8, 1.5, 8.125, 2.125], "texture": "#0"},
				"up": {"uv": [8.875, 0.125, 8.75, 0], "texture": "#0"},
				"down": {"uv": [0.375, 8.75, 0.25, 8.875], "texture": "#0"}
			}
		},
		{
			"from": [7.25, 13.5, 7.75],
			"to": [8.75, 14, 8.25],
			"rotation": {"angle": 0, "axis": "y", "origin": [11.5, 6, 4.5]},
			"faces": {
				"north": {"uv": [7.75, 7.75, 7.875, 8.375], "texture": "#0"},
				"east": {"uv": [8, 0, 8.125, 0.625], "texture": "#0"},
				"south": {"uv": [8, 0.75, 8.125, 1.375], "texture": "#0"},
				"west": {"uv": [8, 1.5, 8.125, 2.125], "texture": "#0"},
				"up": {"uv": [8.875, 0.125, 8.75, 0], "texture": "#0"},
				"down": {"uv": [0.375, 8.75, 0.25, 8.875], "texture": "#0"}
			}
		},
		{
			"from": [9.5, 11.96542, 3.87432],
			"to": [10.5, 12.46542, 5.62432],
			"rotation": {"angle": 0, "axis": "y", "origin": [11.5, 5.96542, 4.37432]},
			"faces": {
				"north": {"uv": [7.75, 8.5, 8, 8.625], "texture": "#0"},
				"east": {"uv": [5, 4.75, 5.5, 4.875], "texture": "#0"},
				"south": {"uv": [8.5, 7.75, 8.75, 7.875], "texture": "#0"},
				"west": {"uv": [5.5, 4.75, 6, 4.875], "texture": "#0"},
				"up": {"uv": [8, 2, 7.75, 1.5], "texture": "#0"},
				"down": {"uv": [2, 7.75, 1.75, 8.25], "texture": "#0"}
			}
		},
		{
			"from": [9.499, 12.749, 1.499],
			"to": [10.501, 15.001, 2.501],
			"rotation": {"angle": 20, "axis": "x", "origin": [10, 7, -4.5]},
			"faces": {
				"north": {"uv": [5, 7.5, 5.25, 8.125], "texture": "#0"},
				"east": {"uv": [5.25, 7.5, 5.5, 8.125], "texture": "#0"},
				"south": {"uv": [5.5, 7.5, 5.75, 8.125], "texture": "#0"},
				"west": {"uv": [5.75, 7.5, 6, 8.125], "texture": "#0"},
				"up": {"uv": [6.25, 5, 6, 4.75], "texture": "#0"},
				"down": {"uv": [6.5, 4.75, 6.25, 5], "texture": "#0"}
			}
		},
		{
			"from": [5.499, 12.749, 1.499],
			"to": [6.501, 15.001, 2.501],
			"rotation": {"angle": 20, "axis": "x", "origin": [6, 7, -4.5]},
			"faces": {
				"north": {"uv": [6, 7.5, 6.25, 8.125], "texture": "#0"},
				"east": {"uv": [6.25, 7.5, 6.5, 8.125], "texture": "#0"},
				"south": {"uv": [6.5, 7.5, 6.75, 8.125], "texture": "#0"},
				"west": {"uv": [0, 7.75, 0.25, 8.375], "texture": "#0"},
				"up": {"uv": [6.75, 6.5, 6.5, 6.25], "texture": "#0"},
				"down": {"uv": [2.25, 7.25, 2, 7.5], "texture": "#0"}
			}
		},
		{
			"from": [5.5, 11.96542, 3.87432],
			"to": [6.5, 12.46542, 5.62432],
			"rotation": {"angle": 0, "axis": "y", "origin": [4.5, 5.96542, 4.37432]},
			"faces": {
				"north": {"uv": [8, 8.5, 8.25, 8.625], "texture": "#0"},
				"east": {"uv": [7.25, 2, 7.75, 2.125], "texture": "#0"},
				"south": {"uv": [8.5, 8, 8.75, 8.125], "texture": "#0"},
				"west": {"uv": [2, 8, 2.5, 8.125], "texture": "#0"},
				"up": {"uv": [8, 4.75, 7.75, 4.25], "texture": "#0"},
				"down": {"uv": [7, 7.75, 6.75, 8.25], "texture": "#0"}
			}
		},
		{
			"from": [9.499, 12.749, 13.499],
			"to": [10.501, 15.001, 14.501],
			"rotation": {"angle": -20, "axis": "x", "origin": [10, 7, 20.5]},
			"faces": {
				"north": {"uv": [7.75, 0, 8, 0.625], "texture": "#0"},
				"east": {"uv": [0.25, 7.75, 0.5, 8.375], "texture": "#0"},
				"south": {"uv": [0.5, 7.75, 0.75, 8.375], "texture": "#0"},
				"west": {"uv": [0.75, 7.75, 1, 8.375], "texture": "#0"},
				"up": {"uv": [8, 2.25, 7.75, 2], "texture": "#0"},
				"down": {"uv": [2.75, 8, 2.5, 8.25], "texture": "#0"}
			}
		},
		{
			"from": [9.5, 11.96542, 10.37568],
			"to": [10.5, 12.46542, 12.12568],
			"rotation": {"angle": 0, "axis": "y", "origin": [11.5, 5.96542, 11.62568]},
			"faces": {
				"north": {"uv": [8.25, 8.5, 8.5, 8.625], "texture": "#0"},
				"east": {"uv": [2.75, 8, 3.25, 8.125], "texture": "#0"},
				"south": {"uv": [8.5, 8.25, 8.75, 8.375], "texture": "#0"},
				"west": {"uv": [3.25, 8, 3.75, 8.125], "texture": "#0"},
				"up": {"uv": [7.25, 8.25, 7, 7.75], "texture": "#0"},
				"down": {"uv": [7.5, 7.75, 7.25, 8.25], "texture": "#0"}
			}
		},
		{
			"from": [5.499, 12.749, 13.499],
			"to": [6.501, 15.001, 14.501],
			"rotation": {"angle": -20, "axis": "x", "origin": [6, 7, 20.5]},
			"faces": {
				"north": {"uv": [7.75, 0.75, 8, 1.375], "texture": "#0"},
				"east": {"uv": [1, 7.75, 1.25, 8.375], "texture": "#0"},
				"south": {"uv": [1.25, 7.75, 1.5, 8.375], "texture": "#0"},
				"west": {"uv": [1.5, 7.75, 1.75, 8.375], "texture": "#0"},
				"up": {"uv": [4, 8.25, 3.75, 8], "texture": "#0"},
				"down": {"uv": [8.25, 3.75, 8, 4], "texture": "#0"}
			}
		},
		{
			"from": [5.5, 11.96542, 10.37568],
			"to": [6.5, 12.46542, 12.12568],
			"rotation": {"angle": 0, "axis": "y", "origin": [4.5, 5.96542, 11.62568]},
			"faces": {
				"north": {"uv": [8.5, 8.5, 8.75, 8.625], "texture": "#0"},
				"east": {"uv": [4, 8, 4.5, 8.125], "texture": "#0"},
				"south": {"uv": [0, 8.75, 0.25, 8.875], "texture": "#0"},
				"west": {"uv": [8, 4, 8.5, 4.125], "texture": "#0"},
				"up": {"uv": [8, 7.75, 7.75, 7.25], "texture": "#0"},
				"down": {"uv": [7.75, 7.75, 7.5, 8.25], "texture": "#0"}
			}
		},
		{
			"from": [8, 7.5, 2.25],
			"to": [10, 9.5, 4.25],
			"rotation": {"angle": 45, "axis": "z", "origin": [8, 7.5, 2.25]},
			"faces": {
				"north": {"uv": [7, 3.75, 7.5, 4.25], "texture": "#0"},
				"east": {"uv": [4.25, 7, 4.75, 7.5], "texture": "#0"},
				"south": {"uv": [4.75, 7, 5.25, 7.5], "texture": "#0"},
				"west": {"uv": [5.25, 7, 5.75, 7.5], "texture": "#0"},
				"up": {"uv": [6.25, 7.5, 5.75, 7], "texture": "#0"},
				"down": {"uv": [6.75, 7, 6.25, 7.5], "texture": "#0"}
			}
		},
		{
			"from": [10.25, 7.5, 2.25],
			"to": [11.25, 8.5, 3.25],
			"rotation": {"angle": 45, "axis": "z", "origin": [10.25, 7.5, 2.25]},
			"faces": {
				"north": {"uv": [8, 4.25, 8.25, 4.5], "texture": "#0"},
				"east": {"uv": [4.5, 8, 4.75, 8.25], "texture": "#0"},
				"south": {"uv": [8, 4.5, 8.25, 4.75], "texture": "#0"},
				"west": {"uv": [4.75, 8, 5, 8.25], "texture": "#0"},
				"up": {"uv": [8.25, 7.5, 8, 7.25], "texture": "#0"},
				"down": {"uv": [8.25, 7.5, 8, 7.75], "texture": "#0"}
			}
		},
		{
			"from": [11.5, 8.5, 2.25],
			"to": [12.5, 9.5, 3.25],
			"rotation": {"angle": 45, "axis": "z", "origin": [11.5, 8.5, 2.25]},
			"faces": {
				"north": {"uv": [8, 7.75, 8.25, 8], "texture": "#0"},
				"east": {"uv": [8, 8, 8.25, 8.25], "texture": "#0"},
				"south": {"uv": [8.25, 0, 8.5, 0.25], "texture": "#0"},
				"west": {"uv": [8.25, 0.25, 8.5, 0.5], "texture": "#0"},
				"up": {"uv": [8.5, 0.75, 8.25, 0.5], "texture": "#0"},
				"down": {"uv": [8.5, 0.75, 8.25, 1], "texture": "#0"}
			}
		},
		{
			"from": [4.75, 7.5, 2.25],
			"to": [5.75, 8.5, 3.25],
			"rotation": {"angle": -45, "axis": "z", "origin": [5.75, 7.5, 2.25]},
			"faces": {
				"north": {"uv": [8.25, 1, 8.5, 1.25], "texture": "#0"},
				"east": {"uv": [8.25, 1.25, 8.5, 1.5], "texture": "#0"},
				"south": {"uv": [8.25, 1.5, 8.5, 1.75], "texture": "#0"},
				"west": {"uv": [1.75, 8.25, 2, 8.5], "texture": "#0"},
				"up": {"uv": [8.5, 2, 8.25, 1.75], "texture": "#0"},
				"down": {"uv": [2.25, 8.25, 2, 8.5], "texture": "#0"}
			}
		},
		{
			"from": [3.5, 8.5, 2.25],
			"to": [4.5, 9.5, 3.25],
			"rotation": {"angle": -45, "axis": "z", "origin": [4.5, 8.5, 2.25]},
			"faces": {
				"north": {"uv": [8.25, 2, 8.5, 2.25], "texture": "#0"},
				"east": {"uv": [2.25, 8.25, 2.5, 8.5], "texture": "#0"},
				"south": {"uv": [2.5, 8.25, 2.75, 8.5], "texture": "#0"},
				"west": {"uv": [2.75, 8.25, 3, 8.5], "texture": "#0"},
				"up": {"uv": [3.25, 8.5, 3, 8.25], "texture": "#0"},
				"down": {"uv": [3.5, 8.25, 3.25, 8.5], "texture": "#0"}
			}
		},
		{
			"from": [11.5, 8.5, 12.75],
			"to": [12.5, 9.5, 13.75],
			"rotation": {"angle": 45, "axis": "z", "origin": [11.5, 8.5, 13.75]},
			"faces": {
				"north": {"uv": [3.5, 8.25, 3.75, 8.5], "texture": "#0"},
				"east": {"uv": [3.75, 8.25, 4, 8.5], "texture": "#0"},
				"south": {"uv": [8.25, 3.75, 8.5, 4], "texture": "#0"},
				"west": {"uv": [4, 8.25, 4.25, 8.5], "texture": "#0"},
				"up": {"uv": [4.5, 8.5, 4.25, 8.25], "texture": "#0"},
				"down": {"uv": [8.5, 4.25, 8.25, 4.5], "texture": "#0"}
			}
		},
		{
			"from": [10.25, 7.5, 12.75],
			"to": [11.25, 8.5, 13.75],
			"rotation": {"angle": 45, "axis": "z", "origin": [10.25, 7.5, 13.75]},
			"faces": {
				"north": {"uv": [4.5, 8.25, 4.75, 8.5], "texture": "#0"},
				"east": {"uv": [8.25, 4.5, 8.5, 4.75], "texture": "#0"},
				"south": {"uv": [4.75, 8.25, 5, 8.5], "texture": "#0"},
				"west": {"uv": [5, 8.25, 5.25, 8.5], "texture": "#0"},
				"up": {"uv": [5.5, 8.5, 5.25, 8.25], "texture": "#0"},
				"down": {"uv": [5.75, 8.25, 5.5, 8.5], "texture": "#0"}
			}
		},
		{
			"from": [8, 7.5, 11.75],
			"to": [10, 9.5, 13.75],
			"rotation": {"angle": 45, "axis": "z", "origin": [8, 7.5, 13.75]},
			"faces": {
				"north": {"uv": [0, 7.25, 0.5, 7.75], "texture": "#0"},
				"east": {"uv": [7.25, 0, 7.75, 0.5], "texture": "#0"},
				"south": {"uv": [0.5, 7.25, 1, 7.75], "texture": "#0"},
				"west": {"uv": [7.25, 0.5, 7.75, 1], "texture": "#0"},
				"up": {"uv": [1.5, 7.75, 1, 7.25], "texture": "#0"},
				"down": {"uv": [7.75, 1, 7.25, 1.5], "texture": "#0"}
			}
		},
		{
			"from": [4.75, 7.5, 12.75],
			"to": [5.75, 8.5, 13.75],
			"rotation": {"angle": -45, "axis": "z", "origin": [5.75, 7.5, 13.75]},
			"faces": {
				"north": {"uv": [5.75, 8.25, 6, 8.5], "texture": "#0"},
				"east": {"uv": [6, 8.25, 6.25, 8.5], "texture": "#0"},
				"south": {"uv": [6.25, 8.25, 6.5, 8.5], "texture": "#0"},
				"west": {"uv": [6.5, 8.25, 6.75, 8.5], "texture": "#0"},
				"up": {"uv": [7, 8.5, 6.75, 8.25], "texture": "#0"},
				"down": {"uv": [7.25, 8.25, 7, 8.5], "texture": "#0"}
			}
		},
		{
			"from": [3.5, 8.5, 12.75],
			"to": [4.5, 9.5, 13.75],
			"rotation": {"angle": -45, "axis": "z", "origin": [4.5, 8.5, 13.75]},
			"faces": {
				"north": {"uv": [7.25, 8.25, 7.5, 8.5], "texture": "#0"},
				"east": {"uv": [8.25, 7.25, 8.5, 7.5], "texture": "#0"},
				"south": {"uv": [7.5, 8.25, 7.75, 8.5], "texture": "#0"},
				"west": {"uv": [8.25, 7.5, 8.5, 7.75], "texture": "#0"},
				"up": {"uv": [8.5, 8, 8.25, 7.75], "texture": "#0"},
				"down": {"uv": [8.25, 8.25, 8, 8.5], "texture": "#0"}
			}
		},
		{
			"from": [2.5, 8.5, 11.5],
			"to": [3.5, 9.5, 12.5],
			"rotation": {"angle": -45, "axis": "x", "origin": [2.5, 8.5, 11.5]},
			"faces": {
				"north": {"uv": [8.25, 8, 8.5, 8.25], "texture": "#0"},
				"east": {"uv": [8.25, 8.25, 8.5, 8.5], "texture": "#0"},
				"south": {"uv": [0, 8.5, 0.25, 8.75], "texture": "#0"},
				"west": {"uv": [8.5, 0, 8.75, 0.25], "texture": "#0"},
				"up": {"uv": [0.5, 8.75, 0.25, 8.5], "texture": "#0"},
				"down": {"uv": [8.75, 0.25, 8.5, 0.5], "texture": "#0"}
			}
		},
		{
			"from": [2.5, 7.5, 10.25],
			"to": [3.5, 8.5, 11.25],
			"rotation": {"angle": -45, "axis": "x", "origin": [2.5, 7.5, 10.25]},
			"faces": {
				"north": {"uv": [0.5, 8.5, 0.75, 8.75], "texture": "#0"},
				"east": {"uv": [8.5, 0.5, 8.75, 0.75], "texture": "#0"},
				"south": {"uv": [0.75, 8.5, 1, 8.75], "texture": "#0"},
				"west": {"uv": [8.5, 0.75, 8.75, 1], "texture": "#0"},
				"up": {"uv": [1.25, 8.75, 1, 8.5], "texture": "#0"},
				"down": {"uv": [8.75, 1, 8.5, 1.25], "texture": "#0"}
			}
		},
		{
			"from": [2.5, 7.5, 8],
			"to": [4.5, 9.5, 10],
			"rotation": {"angle": -45, "axis": "x", "origin": [2.5, 7.5, 8]},
			"faces": {
				"north": {"uv": [1.5, 7.25, 2, 7.75], "texture": "#0"},
				"east": {"uv": [7.25, 1.5, 7.75, 2], "texture": "#0"},
				"south": {"uv": [7.25, 4.25, 7.75, 4.75], "texture": "#0"},
				"west": {"uv": [6.75, 7.25, 7.25, 7.75], "texture": "#0"},
				"up": {"uv": [7.75, 7.75, 7.25, 7.25], "texture": "#0"},
				"down": {"uv": [2.5, 7.5, 2, 8], "texture": "#0"}
			}
		},
		{
			"from": [2.5, 7.5, 4.75],
			"to": [3.5, 8.5, 5.75],
			"rotation": {"angle": 45, "axis": "x", "origin": [2.5, 7.5, 5.75]},
			"faces": {
				"north": {"uv": [1.25, 8.5, 1.5, 8.75], "texture": "#0"},
				"east": {"uv": [8.5, 1.25, 8.75, 1.5], "texture": "#0"},
				"south": {"uv": [1.5, 8.5, 1.75, 8.75], "texture": "#0"},
				"west": {"uv": [8.5, 1.5, 8.75, 1.75], "texture": "#0"},
				"up": {"uv": [2, 8.75, 1.75, 8.5], "texture": "#0"},
				"down": {"uv": [8.75, 1.75, 8.5, 2], "texture": "#0"}
			}
		},
		{
			"from": [2.5, 8.5, 3.5],
			"to": [3.5, 9.5, 4.5],
			"rotation": {"angle": 45, "axis": "x", "origin": [2.5, 8.5, 4.5]},
			"faces": {
				"north": {"uv": [2, 8.5, 2.25, 8.75], "texture": "#0"},
				"east": {"uv": [8.5, 2, 8.75, 2.25], "texture": "#0"},
				"south": {"uv": [2.25, 8.5, 2.5, 8.75], "texture": "#0"},
				"west": {"uv": [2.5, 8.5, 2.75, 8.75], "texture": "#0"},
				"up": {"uv": [3, 8.75, 2.75, 8.5], "texture": "#0"},
				"down": {"uv": [3.25, 8.5, 3, 8.75], "texture": "#0"}
			}
		},
		{
			"from": [12.5, 8.5, 11.5],
			"to": [13.5, 9.5, 12.5],
			"rotation": {"angle": -45, "axis": "x", "origin": [13.5, 8.5, 11.5]},
			"faces": {
				"north": {"uv": [3.25, 8.5, 3.5, 8.75], "texture": "#0"},
				"east": {"uv": [3.5, 8.5, 3.75, 8.75], "texture": "#0"},
				"south": {"uv": [3.75, 8.5, 4, 8.75], "texture": "#0"},
				"west": {"uv": [8.5, 3.75, 8.75, 4], "texture": "#0"},
				"up": {"uv": [4.25, 8.75, 4, 8.5], "texture": "#0"},
				"down": {"uv": [8.75, 4, 8.5, 4.25], "texture": "#0"}
			}
		},
		{
			"from": [12.5, 7.5, 10.25],
			"to": [13.5, 8.5, 11.25],
			"rotation": {"angle": -45, "axis": "x", "origin": [13.5, 7.5, 10.25]},
			"faces": {
				"north": {"uv": [4.25, 8.5, 4.5, 8.75], "texture": "#0"},
				"east": {"uv": [8.5, 4.25, 8.75, 4.5], "texture": "#0"},
				"south": {"uv": [4.5, 8.5, 4.75, 8.75], "texture": "#0"},
				"west": {"uv": [8.5, 4.5, 8.75, 4.75], "texture": "#0"},
				"up": {"uv": [5, 8.75, 4.75, 8.5], "texture": "#0"},
				"down": {"uv": [5.25, 8.5, 5, 8.75], "texture": "#0"}
			}
		},
		{
			"from": [11.5, 7.5, 8],
			"to": [13.5, 9.5, 10],
			"rotation": {"angle": -45, "axis": "x", "origin": [13.5, 7.5, 8]},
			"faces": {
				"north": {"uv": [2.5, 7.5, 3, 8], "texture": "#0"},
				"east": {"uv": [3, 7.5, 3.5, 8], "texture": "#0"},
				"south": {"uv": [3.5, 7.5, 4, 8], "texture": "#0"},
				"west": {"uv": [7.5, 3.75, 8, 4.25], "texture": "#0"},
				"up": {"uv": [4.5, 8, 4, 7.5], "texture": "#0"},
				"down": {"uv": [5, 7.5, 4.5, 8], "texture": "#0"}
			}
		},
		{
			"from": [12.5, 7.5, 4.75],
			"to": [13.5, 8.5, 5.75],
			"rotation": {"angle": 45, "axis": "x", "origin": [13.5, 7.5, 5.75]},
			"faces": {
				"north": {"uv": [5.25, 8.5, 5.5, 8.75], "texture": "#0"},
				"east": {"uv": [5.5, 8.5, 5.75, 8.75], "texture": "#0"},
				"south": {"uv": [5.75, 8.5, 6, 8.75], "texture": "#0"},
				"west": {"uv": [6, 8.5, 6.25, 8.75], "texture": "#0"},
				"up": {"uv": [6.5, 8.75, 6.25, 8.5], "texture": "#0"},
				"down": {"uv": [6.75, 8.5, 6.5, 8.75], "texture": "#0"}
			}
		},
		{
			"from": [12.5, 8.5, 3.5],
			"to": [13.5, 9.5, 4.5],
			"rotation": {"angle": 45, "axis": "x", "origin": [13.5, 8.5, 4.5]},
			"faces": {
				"north": {"uv": [6.75, 8.5, 7, 8.75], "texture": "#0"},
				"east": {"uv": [7, 8.5, 7.25, 8.75], "texture": "#0"},
				"south": {"uv": [7.25, 8.5, 7.5, 8.75], "texture": "#0"},
				"west": {"uv": [8.5, 7.25, 8.75, 7.5], "texture": "#0"},
				"up": {"uv": [7.75, 8.75, 7.5, 8.5], "texture": "#0"},
				"down": {"uv": [8.75, 7.5, 8.5, 7.75], "texture": "#0"}
			}
		}
	],
	"display": {
		"gui": {
			"rotation": [9, 13, 0],
			"translation": [0, -1.5, 0],
			"scale": [1.2, 1.2, 1.2]
		},
		"head": {
			"rotation": [9, 0, 0],
			"translation": [0, 3.5, 0],
			"scale": [1.67, 1.67, 1.67]
		},
		"fixed": {
			"rotation": [-90, 0, 0],
			"translation": [0, 0, -3.75],
			"scale": [2.57, 2.57, 2.57]
		}
	},
	"groups": [
		0,
		{
			"name": "Crown",
			"origin": [4.5, 5.96542, 11.62568],
			"color": 0,
			"children": [1, 2, 3, 4, 5, 6, 7, 8, 9, 10, 11, 12, 13]
		},
		{
			"name": "Gems",
			"origin": [13.5, 8.5, 4.5],
			"color": 0,
			"children": [14, 15, 16, 17, 18, 19, 20, 21, 22, 23, 24, 25, 26, 27, 28, 29, 30, 31, 32, 33]
		}
	]
}