{
	"format_version": "1.21.6",
	"credit": "Made with Blockbench",
	"textures": {
		"0": "item/hats/rudolph_nose_texture",
		"particle": "item/hats/rudolph_nose_texture"
	},
	"elements": [
		{
			"from": [7, 2, 2],
			"to": [9, 4, 4],
			"rotation": {"angle": 0, "axis": "y", "origin": [7, 2, 2]},
			"faces": {
				"north": {"uv": [0, 0, 2, 2], "texture": "#0"},
				"east": {"uv": [0, 2, 2, 4], "texture": "#0"},
				"south": {"uv": [2, 0, 4, 2], "texture": "#0"},
				"west": {"uv": [2, 2, 4, 4], "texture": "#0"},
				"up": {"uv": [2, 6, 0, 4], "texture": "#0"},
				"down": {"uv": [6, 0, 4, 2], "texture": "#0"}
			}
		}
	],
	"display": {
		"thirdperson_righthand": {
			"translation": [0, 6, 6]
		},
		"thirdperson_lefthand": {
			"translation": [0, 6, 6]
		},
		"firstperson_righthand": {
			"translation": [19, 14, 0],
			"scale": [4, 4, 4]
		},
		"firstperson_lefthand": {
			"translation": [19, 14, 0],
			"scale": [4, 4, 4]
		},
		"ground": {
			"translation": [0, 5.75, 10.25],
			"scale": [2.09, 2.09, 2.09]
		},
		"gui": {
			"rotation": [15, -34, 0],
			"translation": [-10.75, 15, 0],
			"scale": [4, 4, 4]
		},
		"head": {
			"translation": [0, 3, -1],
			"scale": [1.37, 1.37, 1.37]
		},
		"fixed": {
			"translation": [0, 13, 15.75],
			"scale": [4, 4, 4]
		},
		"on_shelf": {
			"translation": [0, 22, 23.5],
			"scale": [4, 4, 4]
		}
	}
}