{
	"format_version": "1.21.6",
	"credit": "Made by morkvyanka",
	"texture_size": [64, 64],
	"textures": {
		"2": "item/weapons/netherite_sword/customswords/bebra"
	},
	"elements": [
		{
			"from": [6.5, -15.25, 6.75],
			"to": [9.5, -12.75, 9.25],
			"rotation": {"angle": 0, "axis": "y", "origin": [7, -15, 7]},
			"faces": {
				"north": {"uv": [9, 3.5, 9.75, 4], "texture": "#2"},
				"east": {"uv": [4, 9.25, 4.5, 9.75], "texture": "#2"},
				"south": {"uv": [9, 4, 9.75, 4.5], "texture": "#2"},
				"west": {"uv": [4.5, 9.25, 5, 9.75], "texture": "#2"},
				"up": {"uv": [9.75, 5, 9, 4.5], "texture": "#2"},
				"down": {"uv": [9.75, 5, 9, 5.5], "texture": "#2"}
			}
		},
		{
			"from": [7, -15, 7],
			"to": [9, -3, 9],
			"rotation": {"angle": 0, "axis": "y", "origin": [7, -15, 7]},
			"faces": {
				"north": {"uv": [6.25, 8, 6.75, 11], "texture": "#2"},
				"east": {"uv": [6.75, 8, 7.25, 11], "texture": "#2"},
				"south": {"uv": [7.25, 8, 7.75, 11], "texture": "#2"},
				"west": {"uv": [7.75, 8, 8.25, 11], "texture": "#2"},
				"up": {"uv": [5.5, 9.75, 5, 9.25], "texture": "#2"},
				"down": {"uv": [6, 9.25, 5.5, 9.75], "texture": "#2"}
			}
		},
		{
			"from": [6, -3, 6.85],
			"to": [10, 29, 9.15],
			"rotation": {"angle": 0, "axis": "y", "origin": [7, -3, 8]},
			"faces": {
				"north": {"uv": [0, 0, 1, 8], "texture": "#2"},
				"east": {"uv": [2, 0, 2.5, 8], "texture": "#2"},
				"south": {"uv": [1, 0, 2, 8], "texture": "#2"},
				"west": {"uv": [2.5, 0, 3, 8], "texture": "#2"},
				"up": {"uv": [9.25, 8.5, 8.25, 8], "texture": "#2"},
				"down": {"uv": [9.25, 8.5, 8.25, 9], "texture": "#2"}
			}
		},
		{
			"from": [9.62843, -3, 6.85],
			"to": [10.62843, 29, 9.15],
			"rotation": {"angle": 0, "axis": "y", "origin": [7.62843, -3, 8]},
			"faces": {
				"north": {"uv": [5, 0, 5.25, 8], "texture": "#2"},
				"east": {"uv": [3, 0, 3.5, 8], "texture": "#2"},
				"south": {"uv": [5.25, 0, 5.5, 8], "texture": "#2"},
				"west": {"uv": [3.5, 0, 4, 8], "texture": "#2"},
				"up": {"uv": [6.25, 9.75, 6, 9.25], "texture": "#2"},
				"down": {"uv": [9.75, 0, 9.5, 0.5], "texture": "#2"}
			}
		},
		{
			"from": [10.76173, -3, 6.23612],
			"to": [11.81173, 29, 7.23612],
			"rotation": {"angle": -22.5, "axis": "y", "origin": [8.81173, -3, 6.23612]},
			"faces": {
				"north": {"uv": [5.5, 0, 5.75, 8], "texture": "#2"},
				"east": {"uv": [5.75, 0, 6, 8], "texture": "#2"},
				"south": {"uv": [6, 0, 6.25, 8], "texture": "#2"},
				"west": {"uv": [6.25, 0, 6.5, 8], "texture": "#2"},
				"up": {"uv": [9.5, 2, 9.25, 1.75], "texture": "#2"},
				"down": {"uv": [10, 0.25, 9.75, 0.5], "texture": "#2"}
			}
		},
		{
			"from": [10.78067, -3, 8.76537],
			"to": [11.78067, 29, 9.76537],
			"rotation": {"angle": 22.5, "axis": "y", "origin": [8.78067, -3, 9.76537]},
			"faces": {
				"north": {"uv": [6.5, 0, 6.75, 8], "texture": "#2"},
				"east": {"uv": [6.75, 0, 7, 8], "texture": "#2"},
				"south": {"uv": [7, 0, 7.25, 8], "texture": "#2"},
				"west": {"uv": [7.25, 0, 7.5, 8], "texture": "#2"},
				"up": {"uv": [10, 0.75, 9.75, 0.5], "texture": "#2"},
				"down": {"uv": [10, 0.75, 9.75, 1], "texture": "#2"}
			}
		},
		{
			"from": [8.09769, -3, 17.01955],
			"to": [8.99769, 29, 17.86955],
			"rotation": {"angle": 45, "axis": "y", "origin": [-1.34041, -3, 9.08066]},
			"faces": {
				"north": {"uv": [7.5, 0, 7.75, 8], "texture": "#2"},
				"east": {"uv": [7.75, 0, 8, 8], "texture": "#2"},
				"south": {"uv": [0, 8, 0.25, 16], "texture": "#2"},
				"west": {"uv": [8, 0, 8.25, 8], "texture": "#2"},
				"up": {"uv": [10, 2, 9.75, 1.75], "texture": "#2"},
				"down": {"uv": [10, 2, 9.75, 2.25], "texture": "#2"}
			}
		},
		{
			"from": [4.18827, -3, 6.23612],
			"to": [5.23827, 29, 7.23612],
			"rotation": {"angle": 22.5, "axis": "y", "origin": [7.18827, -3, 6.23612]},
			"faces": {
				"north": {"uv": [0.25, 8, 0.5, 16], "texture": "#2"},
				"east": {"uv": [0.5, 8, 0.75, 16], "texture": "#2"},
				"south": {"uv": [0.75, 8, 1, 16], "texture": "#2"},
				"west": {"uv": [1, 8, 1.25, 16], "texture": "#2"},
				"up": {"uv": [10, 3.75, 9.75, 3.5], "texture": "#2"},
				"down": {"uv": [10, 3.75, 9.75, 4], "texture": "#2"}
			}
		},
		{
			"from": [4.21933, -3, 8.76537],
			"to": [5.21933, 29, 9.76537],
			"rotation": {"angle": -22.5, "axis": "y", "origin": [7.21933, -3, 9.76537]},
			"faces": {
				"north": {"uv": [1.25, 8, 1.5, 16], "texture": "#2"},
				"east": {"uv": [1.5, 8, 1.75, 16], "texture": "#2"},
				"south": {"uv": [1.75, 8, 2, 16], "texture": "#2"},
				"west": {"uv": [2, 8, 2.25, 16], "texture": "#2"},
				"up": {"uv": [4.25, 10, 4, 9.75], "texture": "#2"},
				"down": {"uv": [10, 4, 9.75, 4.25], "texture": "#2"}
			}
		},
		{
			"from": [7.00231, -3, 17.01955],
			"to": [7.90231, 29, 17.86955],
			"rotation": {"angle": -45, "axis": "y", "origin": [17.34041, -3, 9.08066]},
			"faces": {
				"north": {"uv": [2.25, 8, 2.5, 16], "texture": "#2"},
				"east": {"uv": [2.5, 8, 2.75, 16], "texture": "#2"},
				"south": {"uv": [2.75, 8, 3, 16], "texture": "#2"},
				"west": {"uv": [3, 8, 3.25, 16], "texture": "#2"},
				"up": {"uv": [4.5, 10, 4.25, 9.75], "texture": "#2"},
				"down": {"uv": [10, 4.25, 9.75, 4.5], "texture": "#2"}
			}
		},
		{
			"from": [5.37157, -3, 6.85],
			"to": [6.37157, 29, 9.15],
			"rotation": {"angle": 0, "axis": "y", "origin": [8.37157, -3, 8]},
			"faces": {
				"north": {"uv": [3.25, 8, 3.5, 16], "texture": "#2"},
				"east": {"uv": [4, 0, 4.5, 8], "texture": "#2"},
				"south": {"uv": [3.5, 8, 3.75, 16], "texture": "#2"},
				"west": {"uv": [4.5, 0, 5, 8], "texture": "#2"},
				"up": {"uv": [9.75, 1, 9.5, 0.5], "texture": "#2"},
				"down": {"uv": [9.75, 1.75, 9.5, 2.25], "texture": "#2"}
			}
		},
		{
			"from": [6.125, 27.125, 6.875],
			"to": [9.875, 30.875, 9.125],
			"rotation": {"angle": -45, "axis": "z", "origin": [8, 29, 9]},
			"faces": {
				"north": {"uv": [8.25, 0, 9.25, 1], "texture": "#2"},
				"east": {"uv": [8.25, 3.5, 9, 4.5], "texture": "#2"},
				"south": {"uv": [8.25, 1, 9.25, 2], "texture": "#2"},
				"west": {"uv": [8.25, 4.5, 9, 5.5], "texture": "#2"},
				"up": {"uv": [9.25, 6.25, 8.25, 5.5], "texture": "#2"},
				"down": {"uv": [9.25, 6.25, 8.25, 7], "texture": "#2"}
			}
		},
		{
			"from": [5.3818, 26.30754, 7.5],
			"to": [10.5818, 31.60754, 8.5],
			"rotation": {"angle": -45, "axis": "z", "origin": [7.9818, 28.95754, 8]},
			"faces": {
				"north": {"uv": [3.75, 8, 5, 9.25], "texture": "#2"},
				"east": {"uv": [9.25, 0, 9.5, 1.25], "texture": "#2"},
				"south": {"uv": [5, 8, 6.25, 9.25], "texture": "#2"},
				"west": {"uv": [3.75, 9.25, 4, 10.5], "texture": "#2"},
				"up": {"uv": [10.5, 1.5, 9.25, 1.25], "texture": "#2"},
				"down": {"uv": [10.5, 1.5, 9.25, 1.75], "texture": "#2"}
			}
		},
		{
			"from": [5.25, -3.25, 6.75],
			"to": [10.75, 0, 9.25],
			"rotation": {"angle": 0, "axis": "y", "origin": [7, -3, 7]},
			"faces": {
				"north": {"uv": [8.25, 2, 9.5, 2.75], "texture": "#2"},
				"east": {"uv": [8.25, 9, 8.75, 9.75], "texture": "#2"},
				"south": {"uv": [8.25, 2.75, 9.5, 3.5], "texture": "#2"},
				"west": {"uv": [8.75, 9, 9.25, 9.75], "texture": "#2"},
				"up": {"uv": [9.5, 7.5, 8.25, 7], "texture": "#2"},
				"down": {"uv": [9.5, 7.5, 8.25, 8], "texture": "#2"}
			}
		},
		{
			"from": [7, -0.8, 6.75],
			"to": [9, 0.7, 9.25],
			"rotation": {"angle": 0, "axis": "y", "origin": [7, -2.55, 7]},
			"faces": {
				"north": {"uv": [9.5, 1, 10, 1.25], "texture": "#2"},
				"east": {"uv": [9.5, 2.25, 10, 2.5], "texture": "#2"},
				"south": {"uv": [9.5, 2.5, 10, 2.75], "texture": "#2"},
				"west": {"uv": [9.5, 2.75, 10, 3], "texture": "#2"},
				"up": {"uv": [9.75, 6, 9.25, 5.5], "texture": "#2"},
				"down": {"uv": [9.75, 6, 9.25, 6.5], "texture": "#2"}
			}
		},
		{
			"from": [7.67755, -0.64157, 6.75],
			"to": [9.67755, 0.85843, 9.25],
			"rotation": {"angle": -22.5, "axis": "z", "origin": [7.92755, -2.39157, 7]},
			"faces": {
				"north": {"uv": [9.5, 3, 10, 3.25], "texture": "#2"},
				"east": {"uv": [9.5, 3.25, 10, 3.5], "texture": "#2"},
				"south": {"uv": [9.5, 7, 10, 7.25], "texture": "#2"},
				"west": {"uv": [9.5, 7.25, 10, 7.5], "texture": "#2"},
				"up": {"uv": [9.75, 7, 9.25, 6.5], "texture": "#2"},
				"down": {"uv": [9.75, 8, 9.25, 8.5], "texture": "#2"}
			}
		},
		{
			"from": [6.32245, -0.64157, 6.75],
			"to": [8.32245, 0.85843, 9.25],
			"rotation": {"angle": 22.5, "axis": "z", "origin": [8.07245, -2.39157, 7]},
			"faces": {
				"north": {"uv": [9.5, 7.5, 10, 7.75], "texture": "#2"},
				"east": {"uv": [9.5, 7.75, 10, 8], "texture": "#2"},
				"south": {"uv": [9.25, 9.5, 9.75, 9.75], "texture": "#2"},
				"west": {"uv": [9.75, 0, 10.25, 0.25], "texture": "#2"},
				"up": {"uv": [9.75, 9, 9.25, 8.5], "texture": "#2"},
				"down": {"uv": [9.75, 9, 9.25, 9.5], "texture": "#2"}
			}
		}
	],
	"display": {
		"thirdperson_righthand": {
			"rotation": [0, -90, 0],
			"translation": [0, 11.5, 1.25]
		},
		"thirdperson_lefthand": {
			"rotation": [0, -90, 0],
			"translation": [0, 11.5, 1.25]
		},
		"firstperson_righthand": {
			"rotation": [-5, -94, -4],
			"translation": [4, 3, -0.75],
			"scale": [0.57, 0.57, 0.57]
		},
		"firstperson_lefthand": {
			"rotation": [-5, -94, -4],
			"translation": [4, 3, -0.75],
			"scale": [0.57, 0.57, 0.57]
		},
		"ground": {
			"rotation": [-180, 0, 0],
			"translation": [0, 4, 0]
		},
		"gui": {
			"rotation": [-8.49, -8.44, -45.02],
			"scale": [0.39, 0.39, 0.39]
		},
		"head": {
			"rotation": [0, -173, 134],
			"translation": [-24.75, 24, 3],
			"scale": [1.69, 1.67, 1.65]
		},
		"fixed": {
			"rotation": [0, 0, 44],
			"translation": [0.25, -0.25, 0],
			"scale": [0.57, 0.57, 0.57]
		},
		"on_shelf": {
			"rotation": [180, 90, 0],
			"translation": [0, 0, 7.25],
			"scale": [1.63, 1.63, 1.63]
		}
	},
	"groups": [
		{
			"name": "group",
			"origin": [7, -15, 7],
			"color": 0,
			"children": [
				0,
				1,
				{
					"name": "group",
					"origin": [7, -3, 7.5],
					"color": 0,
					"children": [2]
				},
				{
					"name": "group",
					"origin": [7, -3, 7.5],
					"color": 0,
					"children": [
						3,
						{
							"name": "group",
							"origin": [17.14041, -3, 9.08066],
							"color": 0,
							"children": [4, 5, 6]
						},
						{
							"name": "group",
							"origin": [-1.14041, -3, 9.08066],
							"color": 0,
							"children": [7, 8, 9]
						},
						10
					]
				},
				{
					"name": "group",
					"origin": [7, 1, 7],
					"color": 0,
					"children": [11, 12]
				},
				13,
				{
					"name": "group",
					"origin": [7, -2, 7],
					"color": 0,
					"children": [14]
				},
				{
					"name": "group",
					"origin": [9, -2, 7],
					"color": 0,
					"children": [15]
				},
				{
					"name": "group",
					"origin": [7, -2, 7],
					"color": 0,
					"children": [16]
				}
			]
		}
	]
}