{
	"format_version": "1.21.6",
	"credit": "Made with Blockbench",
	"texture_size": [32, 32],
	"textures": {
		"0": "item/food/sky_soup/sky_soup",
		"1": "item/players/skylandra/skylandra",
		"particle": "item/food/sky_soup/sky_soup"
	},
	"elements": [
		{
			"from": [5, 0.5, 5],
			"to": [11, 2.5, 11],
			"faces": {
				"north": {"uv": [4.5, 0.5, 7.5, 1.5], "texture": "#0"},
				"east": {"uv": [4.5, 1, 7.5, 2], "texture": "#0"},
				"south": {"uv": [4.5, 2.5, 7.5, 3.5], "texture": "#0"},
				"west": {"uv": [4.5, 2, 7.5, 3], "texture": "#0"},
				"up": {"uv": [7.5, 3.5, 4.5, 0.5], "texture": "#0"},
				"down": {"uv": [7.5, 0.5, 4.5, 3.5], "texture": "#0"}
			}
		},
		{
			"from": [5, 0, 5],
			"to": [11, 1, 11],
			"faces": {
				"north": {"uv": [12.5, 0.5, 15.5, 1], "texture": "#0"},
				"east": {"uv": [12.5, 0.5, 15.5, 1], "texture": "#0"},
				"south": {"uv": [12.5, 0.5, 15.5, 1], "texture": "#0"},
				"west": {"uv": [12.5, 1, 15.5, 0.5], "texture": "#0"},
				"up": {"uv": [15.5, 3.5, 12.5, 0.5], "texture": "#0"},
				"down": {"uv": [15.5, 0.5, 12.5, 3.5], "texture": "#0"}
			}
		},
		{
			"from": [4, 0, 11],
			"to": [11, 3, 12],
			"faces": {
				"north": {"uv": [8.5, 2, 12, 3.5], "texture": "#0"},
				"east": {"uv": [12, 2, 11.5, 3.5], "texture": "#0"},
				"south": {"uv": [12, 2, 8.5, 3.5], "texture": "#0"},
				"west": {"uv": [12, 2, 11.5, 3.5], "texture": "#0"},
				"up": {"uv": [12, 2.5, 8.5, 2], "texture": "#0"},
				"down": {"uv": [8, 3, 11.5, 3.5], "texture": "#0"}
			}
		},
		{
			"from": [5, 0, 4],
			"to": [12, 3, 5],
			"faces": {
				"north": {"uv": [8, 2, 11.5, 3.5], "texture": "#0"},
				"east": {"uv": [11.5, 2, 11, 3.5], "texture": "#0"},
				"south": {"uv": [11.5, 2, 8.5, 3.5], "texture": "#0"},
				"west": {"uv": [12, 2, 11.5, 3.5], "texture": "#0"},
				"up": {"uv": [11.5, 2.5, 8, 2], "texture": "#0"},
				"down": {"uv": [11.5, 3, 8, 3.5], "texture": "#0"}
			}
		},
		{
			"from": [4, 0, 4],
			"to": [5, 3, 11],
			"faces": {
				"north": {"uv": [12, 2, 11.5, 3.5], "texture": "#0"},
				"east": {"uv": [8.5, 2, 12, 3.5], "texture": "#0"},
				"south": {"uv": [12, 2, 11.5, 3.5], "texture": "#0"},
				"west": {"uv": [8, 2, 11.5, 3.5], "texture": "#0"},
				"up": {"uv": [12, 2.5, 8.5, 2], "rotation": 90, "texture": "#0"},
				"down": {"uv": [12, 3, 8.5, 3.5], "rotation": 270, "texture": "#0"}
			}
		},
		{
			"from": [11, 0, 5],
			"to": [12, 3, 12],
			"faces": {
				"north": {"uv": [12, 2, 11.5, 3.5], "texture": "#0"},
				"east": {"uv": [12, 2, 8.5, 3.5], "texture": "#0"},
				"south": {"uv": [11.5, 2, 11, 3.5], "texture": "#0"},
				"west": {"uv": [11.5, 2, 8, 3.5], "texture": "#0"},
				"up": {"uv": [11.5, 2.5, 8, 2], "rotation": 90, "texture": "#0"},
				"down": {"uv": [8.5, 3, 12, 3.5], "rotation": 270, "texture": "#0"}
			}
		},
		{
			"from": [6.38, 2.38, 6.38],
			"to": [9.63, 5.63, 9.63],
			"faces": {
				"north": {"uv": [14, 2, 16, 4], "texture": "#1"},
				"east": {"uv": [12, 2, 14, 4], "texture": "#1"},
				"south": {"uv": [10, 2, 12, 4], "texture": "#1"},
				"west": {"uv": [8, 2, 10, 4], "texture": "#1"},
				"up": {"uv": [12, 2, 10, 0], "rotation": 180, "texture": "#1"},
				"down": {"uv": [14, 0, 12, 2], "texture": "#1"}
			}
		},
		{
			"from": [6.5, 2.5, 6.5],
			"to": [9.5, 5.5, 9.5],
			"faces": {
				"north": {"uv": [6, 2, 8, 4], "texture": "#1"},
				"east": {"uv": [4, 2, 6, 4], "texture": "#1"},
				"south": {"uv": [2, 2, 4, 4], "texture": "#1"},
				"west": {"uv": [0, 2, 2, 4], "texture": "#1"},
				"up": {"uv": [4, 2, 2, 0], "texture": "#1"},
				"down": {"uv": [6, 0, 4, 2], "rotation": 180, "texture": "#1"}
			}
		}
	],
	"display": {
		"thirdperson_righthand": {
			"rotation": [90, -180, 0],
			"translation": [0, 2.75, 5.5],
			"scale": [0.8, 0.8, 0.8]
		},
		"thirdperson_lefthand": {
			"rotation": [90, -180, 0],
			"translation": [0, 2.75, 5.5],
			"scale": [0.8, 0.8, 0.8]
		},
		"firstperson_righthand": {
			"rotation": [0, -45, 0],
			"translation": [1.5, 6.5, 0.25],
			"scale": [0.75, 0.75, 0.75]
		},
		"firstperson_lefthand": {
			"rotation": [0, -45, 0],
			"translation": [1.5, 6.5, 0.25],
			"scale": [0.75, 0.75, 0.75]
		},
		"ground": {
			"translation": [0, 4, 0]
		},
		"gui": {
			"rotation": [45, -45, 0],
			"translation": [0, 5.25, 0],
			"scale": [1.25, 1.25, 1.25]
		},
		"head": {
			"rotation": [0, -180, 0],
			"translation": [0, 14.4, 0]
		},
		"fixed": {
			"rotation": [-90, 0, 0],
			"translation": [0, 0, -17],
			"scale": [2.25, 2.25, 2.25]
		},
		"on_shelf": {
			"scale": [1.75, 1.75, 1.75]
		}
	},
	"groups": [
		{
			"name": "Soup",
			"origin": [0, 0, 0],
			"color": 0,
			"children": [0, 1, 2, 3, 4, 5]
		},
		{
			"name": "Head",
			"origin": [0, 0, 0],
			"color": 0,
			"children": [6, 7]
		}
	]
}