{
	"format_version": "1.21.6",
	"credit": "Made with Blockbench",
	"texture_size": [128, 128],
	"textures": {
		"0": "item/misc/bear_guitar_texture",
		"particle": "item/misc/bear_guitar_texture"
	},
	"elements": [
		{
			"name": "Strings",
			"from": [8.73958, -9.41396, 4],
			"to": [8.73958, 28.5, 4.25],
			"rotation": {"angle": 0, "axis": "y", "origin": [10.23958, 28.25812, 2.5]},
			"faces": {
				"north": {"uv": [0, 0, 0, 4.75], "texture": "#0"},
				"east": {"uv": [1.875, 3.875, 1.9375, 8.625], "texture": "#0"},
				"south": {"uv": [0, 0, 0, 4.75], "texture": "#0"},
				"west": {"uv": [4.25, 4.375, 4.3125, 9.125], "texture": "#0"},
				"up": {"uv": [0, 0.0625, 0, 0], "texture": "#0"},
				"down": {"uv": [0, 0, 0, 0.0625], "texture": "#0"}
			}
		},
		{
			"name": "Strings",
			"from": [8.48958, -9.41396, 4],
			"to": [8.48958, 28.5, 4.25],
			"rotation": {"angle": 0, "axis": "y", "origin": [9.98958, 28.25812, 2.5]},
			"faces": {
				"north": {"uv": [0, 0, 0, 4.75], "texture": "#0"},
				"east": {"uv": [3, 4.625, 3.0625, 9.375], "texture": "#0"},
				"south": {"uv": [0, 0, 0, 4.75], "texture": "#0"},
				"west": {"uv": [3.125, 4.625, 3.1875, 9.375], "texture": "#0"},
				"up": {"uv": [0, 0.0625, 0, 0], "texture": "#0"},
				"down": {"uv": [0, 0, 0, 0.0625], "texture": "#0"}
			}
		},
		{
			"name": "Strings",
			"from": [8.23958, -9.41396, 4],
			"to": [8.23958, 28.5, 4.25],
			"rotation": {"angle": 0, "axis": "y", "origin": [9.73958, 28.25812, 2.5]},
			"faces": {
				"north": {"uv": [0, 0, 0, 4.75], "texture": "#0"},
				"east": {"uv": [3.25, 4.625, 3.3125, 9.375], "texture": "#0"},
				"south": {"uv": [0, 0, 0, 4.75], "texture": "#0"},
				"west": {"uv": [4.375, 4.625, 4.4375, 9.375], "texture": "#0"},
				"up": {"uv": [0, 0.0625, 0, 0], "texture": "#0"},
				"down": {"uv": [0, 0, 0, 0.0625], "texture": "#0"}
			}
		},
		{
			"name": "Strings",
			"from": [7.23958, -9.41396, 4],
			"to": [7.23958, 28.5, 4.25],
			"rotation": {"angle": 0, "axis": "y", "origin": [8.73958, 28.25812, 2.5]},
			"faces": {
				"north": {"uv": [0, 0, 0, 4.75], "texture": "#0"},
				"east": {"uv": [1.75, 4.75, 1.8125, 9.5], "texture": "#0"},
				"south": {"uv": [0, 0, 0, 4.75], "texture": "#0"},
				"west": {"uv": [4.75, 4.625, 4.8125, 9.375], "texture": "#0"},
				"up": {"uv": [0, 0.0625, 0, 0], "texture": "#0"},
				"down": {"uv": [0, 0, 0, 0.0625], "texture": "#0"}
			}
		},
		{
			"name": "Strings",
			"from": [7.48958, -9.41396, 4],
			"to": [7.48958, 28.5, 4.25],
			"rotation": {"angle": 0, "axis": "y", "origin": [8.98958, 28.25812, 2.5]},
			"faces": {
				"north": {"uv": [0, 0, 0, 4.75], "texture": "#0"},
				"east": {"uv": [1.5, 4.75, 1.5625, 9.5], "texture": "#0"},
				"south": {"uv": [0, 0, 0, 4.75], "texture": "#0"},
				"west": {"uv": [1.625, 4.75, 1.6875, 9.5], "texture": "#0"},
				"up": {"uv": [0, 0.0625, 0, 0], "texture": "#0"},
				"down": {"uv": [0, 0, 0, 0.0625], "texture": "#0"}
			}
		},
		{
			"name": "Strings",
			"from": [7.73958, -9.41396, 4],
			"to": [7.73958, 28.5, 4.25],
			"rotation": {"angle": 0, "axis": "y", "origin": [9.23958, 28.25812, 2.5]},
			"faces": {
				"north": {"uv": [0, 0, 0, 4.75], "texture": "#0"},
				"east": {"uv": [4.5, 4.625, 4.5625, 9.375], "texture": "#0"},
				"south": {"uv": [0, 0, 0, 4.75], "texture": "#0"},
				"west": {"uv": [4.625, 4.625, 4.6875, 9.375], "texture": "#0"},
				"up": {"uv": [0, 0.0625, 0, 0], "texture": "#0"},
				"down": {"uv": [0, 0, 0, 0.0625], "texture": "#0"}
			}
		},
		{
			"from": [6, -10, 4],
			"to": [10, -8.25, 5.5],
			"rotation": {"angle": 0, "axis": "y", "origin": [18, -16, 5.25]},
			"faces": {
				"north": {"uv": [6.5, 2.625, 7, 2.875], "texture": "#0"},
				"east": {"uv": [7.375, 5.75, 7.5625, 6], "texture": "#0"},
				"south": {"uv": [6.5, 2.875, 7, 3.125], "texture": "#0"},
				"west": {"uv": [7.375, 7.375, 7.5625, 7.625], "texture": "#0"},
				"up": {"uv": [7.375, 5.1875, 6.875, 5], "texture": "#0"},
				"down": {"uv": [7.375, 5.25, 6.875, 5.4375], "texture": "#0"}
			}
		},
		{
			"from": [5.999, -8.59719, 9.11296],
			"to": [10.001, -6.84519, 10.61496],
			"rotation": {"angle": -45, "axis": "x", "origin": [18, -14.59619, 10.36396]},
			"faces": {
				"north": {"uv": [6.5, 3.125, 7, 3.375], "texture": "#0"},
				"east": {"uv": [7.5, 0, 7.6875, 0.25], "texture": "#0"},
				"south": {"uv": [6.5, 3.375, 7, 3.625], "texture": "#0"},
				"west": {"uv": [7.5, 0.25, 7.6875, 0.5], "texture": "#0"},
				"up": {"uv": [7.375, 5.6875, 6.875, 5.5], "texture": "#0"},
				"down": {"uv": [7.375, 5.75, 6.875, 5.9375], "texture": "#0"}
			}
		},
		{
			"from": [10, -4, 5.25],
			"to": [11, -3, 6.25],
			"rotation": {"angle": 0, "axis": "y", "origin": [18, -13, 7]},
			"faces": {
				"north": {"uv": [4.25, 1.625, 4.375, 1.75], "texture": "#0"},
				"east": {"uv": [5.125, 0.5, 5.25, 0.625], "texture": "#0"},
				"south": {"uv": [6.5, 5.625, 6.625, 5.75], "texture": "#0"},
				"west": {"uv": [7.875, 6.5, 8, 6.625], "texture": "#0"},
				"up": {"uv": [8, 6.75, 7.875, 6.625], "texture": "#0"},
				"down": {"uv": [8, 6.75, 7.875, 6.875], "texture": "#0"}
			}
		},
		{
			"from": [11, -15, 5.25],
			"to": [15, -4, 6.25],
			"rotation": {"angle": 0, "axis": "y", "origin": [18, -16, 7]},
			"faces": {
				"north": {"uv": [2, 1, 2.5, 2.375], "texture": "#0"},
				"east": {"uv": [5.75, 4.625, 5.875, 6], "texture": "#0"},
				"south": {"uv": [2, 2.375, 2.5, 3.75], "texture": "#0"},
				"west": {"uv": [5.875, 0, 6, 1.375], "texture": "#0"},
				"up": {"uv": [7.5, 2.25, 7, 2.125], "texture": "#0"},
				"down": {"uv": [7.5, 2.25, 7, 2.375], "texture": "#0"}
			}
		},
		{
			"from": [1, -15, 5.25],
			"to": [5, -4, 6.25],
			"rotation": {"angle": 0, "axis": "y", "origin": [8, -16, 7]},
			"faces": {
				"north": {"uv": [2.5, 1, 3, 2.375], "texture": "#0"},
				"east": {"uv": [0.5, 5.875, 0.625, 7.25], "texture": "#0"},
				"south": {"uv": [1.5, 2.5, 2, 3.875], "texture": "#0"},
				"west": {"uv": [0.625, 5.875, 0.75, 7.25], "texture": "#0"},
				"up": {"uv": [7.5, 2.5, 7, 2.375], "texture": "#0"},
				"down": {"uv": [7.625, 1.5, 7.125, 1.625], "texture": "#0"}
			}
		},
		{
			"from": [11, -4, 5.25],
			"to": [14, 3, 6.25],
			"rotation": {"angle": 0, "axis": "y", "origin": [18, -5, 7]},
			"faces": {
				"north": {"uv": [3, 3.75, 3.375, 4.625], "texture": "#0"},
				"east": {"uv": [6.25, 4.625, 6.375, 5.5], "texture": "#0"},
				"south": {"uv": [3.875, 0, 4.25, 0.875], "texture": "#0"},
				"west": {"uv": [0.125, 6.75, 0.25, 7.625], "texture": "#0"},
				"up": {"uv": [3.5, 1, 3.125, 0.875], "texture": "#0"},
				"down": {"uv": [7.75, 3.375, 7.375, 3.5], "texture": "#0"}
			}
		},
		{
			"from": [2, -4, 5.25],
			"to": [5, 3, 6.25],
			"rotation": {"angle": 0, "axis": "y", "origin": [9, -5, 7]},
			"faces": {
				"north": {"uv": [1.5, 3.875, 1.875, 4.75], "texture": "#0"},
				"east": {"uv": [0.25, 6.75, 0.375, 7.625], "texture": "#0"},
				"south": {"uv": [4, 1.75, 4.375, 2.625], "texture": "#0"},
				"west": {"uv": [0.375, 6.75, 0.5, 7.625], "texture": "#0"},
				"up": {"uv": [7.75, 3.625, 7.375, 3.5], "texture": "#0"},
				"down": {"uv": [7.75, 3.625, 7.375, 3.75], "texture": "#0"}
			}
		},
		{
			"from": [15, -14, 5.25],
			"to": [16, -5, 6.25],
			"rotation": {"angle": 0, "axis": "y", "origin": [19, -16, 7]},
			"faces": {
				"north": {"uv": [2.5, 6, 2.625, 7.125], "texture": "#0"},
				"east": {"uv": [2.625, 6, 2.75, 7.125], "texture": "#0"},
				"south": {"uv": [2.75, 6, 2.875, 7.125], "texture": "#0"},
				"west": {"uv": [6, 2.75, 6.125, 3.875], "texture": "#0"},
				"up": {"uv": [8, 7, 7.875, 6.875], "texture": "#0"},
				"down": {"uv": [8, 7, 7.875, 7.125], "texture": "#0"}
			}
		},
		{
			"from": [-0.0004, 0.9996, 5.2496],
			"to": [2.0004, 4.0004, 6.2504],
			"rotation": {"angle": 0, "axis": "y", "origin": [5, -6, 7]},
			"faces": {
				"north": {"uv": [3.75, 4, 4, 4.375], "texture": "#0"},
				"east": {"uv": [4.75, 1.25, 4.875, 1.625], "texture": "#0"},
				"south": {"uv": [1, 6.875, 1.25, 7.25], "texture": "#0"},
				"west": {"uv": [7.375, 3.75, 7.5, 4.125], "texture": "#0"},
				"up": {"uv": [5.75, 2, 5.5, 1.875], "texture": "#0"},
				"down": {"uv": [7.75, 3.875, 7.5, 4], "texture": "#0"}
			}
		},
		{
			"from": [14, 1, 5.25],
			"to": [16, 4, 6.25],
			"rotation": {"angle": 0, "axis": "y", "origin": [19, -6, 7]},
			"faces": {
				"north": {"uv": [6.875, 1.5, 7.125, 1.875], "texture": "#0"},
				"east": {"uv": [7.375, 5, 7.5, 5.375], "texture": "#0"},
				"south": {"uv": [3.375, 6.875, 3.625, 7.25], "texture": "#0"},
				"west": {"uv": [7.375, 5.375, 7.5, 5.75], "texture": "#0"},
				"up": {"uv": [7.75, 4.125, 7.5, 4], "texture": "#0"},
				"down": {"uv": [0.375, 7.625, 0.125, 7.75], "texture": "#0"}
			}
		},
		{
			"from": [14, -4, 5.25],
			"to": [14.75, 1, 6.25],
			"rotation": {"angle": 0, "axis": "y", "origin": [19, -6, 7]},
			"faces": {
				"north": {"uv": [6.25, 7, 6.375, 7.625], "texture": "#0"},
				"east": {"uv": [6.375, 7, 6.5, 7.625], "texture": "#0"},
				"south": {"uv": [6.5, 7, 6.625, 7.625], "texture": "#0"},
				"west": {"uv": [7, 6.75, 7.125, 7.375], "texture": "#0"},
				"up": {"uv": [8, 7.25, 7.875, 7.125], "texture": "#0"},
				"down": {"uv": [7.5, 7.875, 7.375, 8], "texture": "#0"}
			}
		},
		{
			"from": [10.89048, -3.14328, 5.247],
			"to": [12.64648, -0.13728, 6.253],
			"rotation": {"angle": -25, "axis": "z", "origin": [16.89348, -7.14028, 7]},
			"faces": {
				"north": {"uv": [6.875, 4.125, 7.125, 4.5], "texture": "#0"},
				"east": {"uv": [7, 7.375, 7.125, 7.75], "texture": "#0"},
				"south": {"uv": [6.875, 4.5, 7.125, 4.875], "texture": "#0"},
				"west": {"uv": [7.375, 7, 7.5, 7.375], "texture": "#0"},
				"up": {"uv": [7.875, 1.625, 7.625, 1.5], "texture": "#0"},
				"down": {"uv": [7.875, 1.625, 7.625, 1.75], "texture": "#0"}
			}
		},
		{
			"from": [2.39357, 0.68841, 5.2473],
			"to": [4.14957, 4.19441, 6.2533],
			"rotation": {"angle": 25, "axis": "z", "origin": [8.39657, -2.80859, 7.0003]},
			"faces": {
				"north": {"uv": [6.75, 2, 7, 2.4375], "texture": "#0"},
				"east": {"uv": [7.25, 7, 7.375, 7.4375], "texture": "#0"},
				"south": {"uv": [6.75, 3.625, 7, 4.0625], "texture": "#0"},
				"west": {"uv": [7.375, 0, 7.5, 0.4375], "texture": "#0"},
				"up": {"uv": [7.875, 1.875, 7.625, 1.75], "texture": "#0"},
				"down": {"uv": [7.875, 1.875, 7.625, 2], "texture": "#0"}
			}
		},
		{
			"from": [15.35865, -3.30813, 5.2471],
			"to": [17.11465, 0.44787, 6.2531],
			"rotation": {"angle": 20, "axis": "z", "origin": [21.36165, -7.30513, 7.0001]},
			"faces": {
				"north": {"uv": [6.5, 0.625, 6.75, 1.125], "texture": "#0"},
				"east": {"uv": [5.625, 0, 5.75, 0.5], "texture": "#0"},
				"south": {"uv": [6.5, 1.125, 6.75, 1.625], "texture": "#0"},
				"west": {"uv": [5.75, 1.5, 5.875, 2], "texture": "#0"},
				"up": {"uv": [7.875, 4.625, 7.625, 4.5], "texture": "#0"},
				"down": {"uv": [7.875, 4.625, 7.625, 4.75], "texture": "#0"}
			}
		},
		{
			"from": [-1.73267, -6.81377, 5.2472],
			"to": [0.02333, -3.05777, 6.2532],
			"rotation": {"angle": -20, "axis": "z", "origin": [4.27033, -10.81077, 7.0002]},
			"faces": {
				"north": {"uv": [6.5, 1.625, 6.75, 2.125], "texture": "#0"},
				"east": {"uv": [6.125, 3.375, 6.25, 3.875], "texture": "#0"},
				"south": {"uv": [6.5, 2.125, 6.75, 2.625], "texture": "#0"},
				"west": {"uv": [7.125, 0, 7.25, 0.5], "texture": "#0"},
				"up": {"uv": [7.875, 4.875, 7.625, 4.75], "texture": "#0"},
				"down": {"uv": [7.875, 4.875, 7.625, 5], "texture": "#0"}
			}
		},
		{
			"from": [15.35865, 5.69187, 5.2471],
			"to": [17.11465, 10.19787, 6.2531],
			"rotation": {"angle": 20, "axis": "z", "origin": [21.36165, 1.69487, 7.0001]},
			"faces": {
				"north": {"uv": [5.5, 1.25, 5.75, 1.8125], "texture": "#0"},
				"east": {"uv": [2.875, 7.125, 3, 7.6875], "texture": "#0"},
				"south": {"uv": [6, 3.875, 6.25, 4.4375], "texture": "#0"},
				"west": {"uv": [7.125, 3.25, 7.25, 3.8125], "texture": "#0"},
				"up": {"uv": [7.875, 5.125, 7.625, 5], "texture": "#0"},
				"down": {"uv": [7.875, 5.125, 7.625, 5.25], "texture": "#0"}
			}
		},
		{
			"from": [-1.73267, 2.18623, 5.2472],
			"to": [0.02333, 6.69223, 6.2532],
			"rotation": {"angle": -20, "axis": "z", "origin": [4.27033, -1.81077, 7.0002]},
			"faces": {
				"north": {"uv": [6, 4.5, 6.25, 5.0625], "texture": "#0"},
				"east": {"uv": [3.625, 7.125, 3.75, 7.6875], "texture": "#0"},
				"south": {"uv": [6, 5.125, 6.25, 5.6875], "texture": "#0"},
				"west": {"uv": [3.75, 7.125, 3.875, 7.6875], "texture": "#0"},
				"up": {"uv": [7.875, 5.375, 7.625, 5.25], "texture": "#0"},
				"down": {"uv": [7.875, 5.375, 7.625, 5.5], "texture": "#0"}
			}
		},
		{
			"from": [0, -14, 5.25],
			"to": [1, -5, 6.25],
			"rotation": {"angle": 0, "axis": "y", "origin": [4, -16, 7]},
			"faces": {
				"north": {"uv": [2.875, 6, 3, 7.125], "texture": "#0"},
				"east": {"uv": [5.75, 6, 5.875, 7.125], "texture": "#0"},
				"south": {"uv": [6, 5.75, 6.125, 6.875], "texture": "#0"},
				"west": {"uv": [6.125, 0, 6.25, 1.125], "texture": "#0"},
				"up": {"uv": [7.625, 8, 7.5, 7.875], "texture": "#0"},
				"down": {"uv": [7.75, 7.875, 7.625, 8], "texture": "#0"}
			}
		},
		{
			"from": [6, -16, 5.25],
			"to": [10, -4, 6.25],
			"rotation": {"angle": 0, "axis": "y", "origin": [18, -16, 7]},
			"faces": {
				"north": {"uv": [1.5, 1, 2, 2.5], "texture": "#0"},
				"east": {"uv": [0.125, 5.25, 0.25, 6.75], "texture": "#0"},
				"south": {"uv": [0, 1.625, 0.5, 3.125], "texture": "#0"},
				"west": {"uv": [0.25, 5.25, 0.375, 6.75], "texture": "#0"},
				"up": {"uv": [7.625, 1.75, 7.125, 1.625], "texture": "#0"},
				"down": {"uv": [7.625, 1.75, 7.125, 1.875], "texture": "#0"}
			}
		},
		{
			"from": [10, -15.5, 5.25],
			"to": [11, -4, 6.25],
			"rotation": {"angle": 0, "axis": "y", "origin": [18.75, -16, 7]},
			"faces": {
				"north": {"uv": [1.25, 5.5, 1.375, 6.9375], "texture": "#0"},
				"east": {"uv": [1.375, 5.5, 1.5, 6.9375], "texture": "#0"},
				"south": {"uv": [4.875, 5.5, 5, 6.9375], "texture": "#0"},
				"west": {"uv": [5, 5.5, 5.125, 6.9375], "texture": "#0"},
				"up": {"uv": [8, 7.75, 7.875, 7.625], "texture": "#0"},
				"down": {"uv": [7.875, 7.875, 7.75, 8], "texture": "#0"}
			}
		},
		{
			"from": [5, -15.5, 5.25],
			"to": [6, -4, 6.25],
			"rotation": {"angle": 0, "axis": "y", "origin": [13.75, -16, 7]},
			"faces": {
				"north": {"uv": [5.125, 5.5, 5.25, 6.9375], "texture": "#0"},
				"east": {"uv": [5.25, 5.5, 5.375, 6.9375], "texture": "#0"},
				"south": {"uv": [3.625, 5.625, 3.75, 7.0625], "texture": "#0"},
				"west": {"uv": [3.75, 5.625, 3.875, 7.0625], "texture": "#0"},
				"up": {"uv": [8, 7.875, 7.875, 7.75], "texture": "#0"},
				"down": {"uv": [8, 7.875, 7.875, 8], "texture": "#0"}
			}
		},
		{
			"from": [5, 2, 5.25],
			"to": [11, 8.25, 6.25],
			"rotation": {"angle": 0, "axis": "y", "origin": [18, -8, 7]},
			"faces": {
				"north": {"uv": [3.125, 0, 3.875, 0.8125], "texture": "#0"},
				"east": {"uv": [0, 6.875, 0.125, 7.6875], "texture": "#0"},
				"south": {"uv": [3.5, 0.875, 4.25, 1.6875], "texture": "#0"},
				"west": {"uv": [6.875, 0.5, 7, 1.3125], "texture": "#0"},
				"up": {"uv": [7.625, 2, 6.875, 1.875], "texture": "#0"},
				"down": {"uv": [7.625, 4.875, 6.875, 5], "texture": "#0"}
			}
		},
		{
			"from": [10.96096, 2.97906, 5.2498],
			"to": [14.46096, 8.22906, 6.2498],
			"rotation": {"angle": 0, "axis": "y", "origin": [19.21096, -8.02094, 6.9998]},
			"faces": {
				"north": {"uv": [4.25, 0.875, 4.6875, 1.5625], "texture": "#0"},
				"east": {"uv": [5.25, 0.5, 5.375, 1.1875], "texture": "#0"},
				"south": {"uv": [1, 4.25, 1.4375, 4.9375], "texture": "#0"},
				"west": {"uv": [7, 2.625, 7.125, 3.3125], "texture": "#0"},
				"up": {"uv": [7.6875, 4.5, 7.25, 4.375], "texture": "#0"},
				"down": {"uv": [7.8125, 0.5, 7.375, 0.625], "texture": "#0"}
			}
		},
		{
			"from": [1.53717, 2.97712, 5.2479],
			"to": [5.04117, 8.23112, 6.2519],
			"rotation": {"angle": 0, "axis": "y", "origin": [9.78917, -8.02088, 6.9999]},
			"faces": {
				"north": {"uv": [4.375, 1.625, 4.8125, 2.3125], "texture": "#0"},
				"east": {"uv": [7, 3.375, 7.125, 4.0625], "texture": "#0"},
				"south": {"uv": [4.375, 2.375, 4.8125, 3.0625], "texture": "#0"},
				"west": {"uv": [4.875, 7, 5, 7.6875], "texture": "#0"},
				"up": {"uv": [7.8125, 0.75, 7.375, 0.625], "texture": "#0"},
				"down": {"uv": [7.8125, 0.75, 7.375, 0.875], "texture": "#0"}
			}
		},
		{
			"from": [10, 1, 5.25],
			"to": [11, 2, 6.25],
			"rotation": {"angle": 0, "axis": "y", "origin": [18, -8, 7]},
			"faces": {
				"north": {"uv": [8, 0.625, 8.125, 0.75], "texture": "#0"},
				"east": {"uv": [8, 0.75, 8.125, 0.875], "texture": "#0"},
				"south": {"uv": [8, 0.875, 8.125, 1], "texture": "#0"},
				"west": {"uv": [8, 1, 8.125, 1.125], "texture": "#0"},
				"up": {"uv": [8.125, 1.625, 8, 1.5], "texture": "#0"},
				"down": {"uv": [8.125, 1.625, 8, 1.75], "texture": "#0"}
			}
		},
		{
			"from": [5, 1, 5.25],
			"to": [6, 2, 6.25],
			"rotation": {"angle": 0, "axis": "y", "origin": [13, -8, 7]},
			"faces": {
				"north": {"uv": [8, 1.75, 8.125, 1.875], "texture": "#0"},
				"east": {"uv": [8, 1.875, 8.125, 2], "texture": "#0"},
				"south": {"uv": [8, 3.125, 8.125, 3.25], "texture": "#0"},
				"west": {"uv": [8, 3.25, 8.125, 3.375], "texture": "#0"},
				"up": {"uv": [8.125, 3.875, 8, 3.75], "texture": "#0"},
				"down": {"uv": [8.125, 3.875, 8, 4], "texture": "#0"}
			}
		},
		{
			"from": [5, -4, 5.25],
			"to": [6, -3, 6.25],
			"rotation": {"angle": 0, "axis": "y", "origin": [13, -13, 7]},
			"faces": {
				"north": {"uv": [8, 4, 8.125, 4.125], "texture": "#0"},
				"east": {"uv": [8, 4.125, 8.125, 4.25], "texture": "#0"},
				"south": {"uv": [8, 4.5, 8.125, 4.625], "texture": "#0"},
				"west": {"uv": [8, 4.625, 8.125, 4.75], "texture": "#0"},
				"up": {"uv": [8.125, 4.875, 8, 4.75], "texture": "#0"},
				"down": {"uv": [8.125, 4.875, 8, 5], "texture": "#0"}
			}
		},
		{
			"from": [11, -15, 10.25],
			"to": [15, -4, 11.25],
			"rotation": {"angle": 0, "axis": "y", "origin": [18, -16, 12]},
			"faces": {
				"north": {"uv": [2.5, 2.375, 3, 3.75], "texture": "#0"},
				"east": {"uv": [0.75, 5.875, 0.875, 7.25], "texture": "#0"},
				"south": {"uv": [3, 1, 3.5, 2.375], "texture": "#0"},
				"west": {"uv": [0.875, 5.875, 1, 7.25], "texture": "#0"},
				"up": {"uv": [7.625, 4.625, 7.125, 4.5], "texture": "#0"},
				"down": {"uv": [7.625, 4.625, 7.125, 4.75], "texture": "#0"}
			}
		},
		{
			"from": [1, -15, 10.25],
			"to": [5, -4, 11.25],
			"rotation": {"angle": 0, "axis": "y", "origin": [8, -16, 12]},
			"faces": {
				"north": {"uv": [3, 2.375, 3.5, 3.75], "texture": "#0"},
				"east": {"uv": [5.875, 1.375, 6, 2.75], "texture": "#0"},
				"south": {"uv": [0, 3.125, 0.5, 4.5], "texture": "#0"},
				"west": {"uv": [5.875, 2.75, 6, 4.125], "texture": "#0"},
				"up": {"uv": [7.625, 4.875, 7.125, 4.75], "texture": "#0"},
				"down": {"uv": [7.75, 1.125, 7.25, 1.25], "texture": "#0"}
			}
		},
		{
			"from": [11, -4, 10.25],
			"to": [14, 3, 11.25],
			"rotation": {"angle": 0, "axis": "y", "origin": [18, -5, 12]},
			"faces": {
				"north": {"uv": [4, 2.625, 4.375, 3.5], "texture": "#0"},
				"east": {"uv": [4.125, 6.75, 4.25, 7.625], "texture": "#0"},
				"south": {"uv": [3.375, 4, 3.75, 4.875], "texture": "#0"},
				"west": {"uv": [6.75, 4.125, 6.875, 5], "texture": "#0"},
				"up": {"uv": [7.875, 2.25, 7.5, 2.125], "texture": "#0"},
				"down": {"uv": [7.875, 2.25, 7.5, 2.375], "texture": "#0"}
			}
		},
		{
			"from": [2, -4, 10.25],
			"to": [5, 3, 11.25],
			"rotation": {"angle": 0, "axis": "y", "origin": [9, -5, 12]},
			"faces": {
				"north": {"uv": [4, 3.5, 4.375, 4.375], "texture": "#0"},
				"east": {"uv": [6.75, 5, 6.875, 5.875], "texture": "#0"},
				"south": {"uv": [4.25, 0, 4.625, 0.875], "texture": "#0"},
				"west": {"uv": [6.75, 5.875, 6.875, 6.75], "texture": "#0"},
				"up": {"uv": [7.875, 2.5, 7.5, 2.375], "texture": "#0"},
				"down": {"uv": [7.875, 3.75, 7.5, 3.875], "texture": "#0"}
			}
		},
		{
			"from": [15, -14, 10.25],
			"to": [16, -5, 11.25],
			"rotation": {"angle": 0, "axis": "y", "origin": [19, -16, 12]},
			"faces": {
				"north": {"uv": [6.125, 1.125, 6.25, 2.25], "texture": "#0"},
				"east": {"uv": [6.125, 2.25, 6.25, 3.375], "texture": "#0"},
				"south": {"uv": [5.375, 6.125, 5.5, 7.25], "texture": "#0"},
				"west": {"uv": [5.5, 6.125, 5.625, 7.25], "texture": "#0"},
				"up": {"uv": [8.125, 5.125, 8, 5], "texture": "#0"},
				"down": {"uv": [8.125, 5.125, 8, 5.25], "texture": "#0"}
			}
		},
		{
			"from": [-0.0004, 0.9996, 10.2496],
			"to": [2.0004, 4.0004, 11.2504],
			"rotation": {"angle": 0, "axis": "y", "origin": [5, -6, 12]},
			"faces": {
				"north": {"uv": [5.875, 6.875, 6.125, 7.25], "texture": "#0"},
				"east": {"uv": [7.5, 5, 7.625, 5.375], "texture": "#0"},
				"south": {"uv": [6.875, 6, 7.125, 6.375], "texture": "#0"},
				"west": {"uv": [7.5, 5.375, 7.625, 5.75], "texture": "#0"},
				"up": {"uv": [7.875, 5.625, 7.625, 5.5], "texture": "#0"},
				"down": {"uv": [7.875, 5.625, 7.625, 5.75], "texture": "#0"}
			}
		},
		{
			"from": [14, 1, 10.25],
			"to": [16, 4, 11.25],
			"rotation": {"angle": 0, "axis": "y", "origin": [19, -6, 12]},
			"faces": {
				"north": {"uv": [6.875, 6.375, 7.125, 6.75], "texture": "#0"},
				"east": {"uv": [5.875, 7.5, 6, 7.875], "texture": "#0"},
				"south": {"uv": [7, 0.5, 7.25, 0.875], "texture": "#0"},
				"west": {"uv": [6, 7.5, 6.125, 7.875], "texture": "#0"},
				"up": {"uv": [7.875, 5.875, 7.625, 5.75], "texture": "#0"},
				"down": {"uv": [7.875, 5.875, 7.625, 6], "texture": "#0"}
			}
		},
		{
			"from": [14, -4, 10.25],
			"to": [14.75, 1, 11.25],
			"rotation": {"angle": 0, "axis": "y", "origin": [19, -6, 12]},
			"faces": {
				"north": {"uv": [2.5, 7.125, 2.625, 7.75], "texture": "#0"},
				"east": {"uv": [2.625, 7.125, 2.75, 7.75], "texture": "#0"},
				"south": {"uv": [7.125, 2.625, 7.25, 3.25], "texture": "#0"},
				"west": {"uv": [2.75, 7.125, 2.875, 7.75], "texture": "#0"},
				"up": {"uv": [8.125, 5.375, 8, 5.25], "texture": "#0"},
				"down": {"uv": [8.125, 5.375, 8, 5.5], "texture": "#0"}
			}
		},
		{
			"from": [10.89318, -3.14058, 10.2497],
			"to": [12.64378, -0.13998, 11.2503],
			"rotation": {"angle": -25, "axis": "z", "origin": [16.89348, -7.14028, 12]},
			"faces": {
				"north": {"uv": [7, 0.875, 7.25, 1.25], "texture": "#0"},
				"east": {"uv": [7.5, 6, 7.625, 6.375], "texture": "#0"},
				"south": {"uv": [1.25, 7, 1.5, 7.375], "texture": "#0"},
				"west": {"uv": [7.5, 6.375, 7.625, 6.75], "texture": "#0"},
				"up": {"uv": [7.875, 6.125, 7.625, 6], "texture": "#0"},
				"down": {"uv": [7.875, 6.125, 7.625, 6.25], "texture": "#0"}
			}
		},
		{
			"from": [2.39617, 0.69101, 10.2499],
			"to": [4.14697, 4.19181, 11.2507],
			"rotation": {"angle": 25, "axis": "z", "origin": [8.39657, -2.80859, 12.0003]},
			"faces": {
				"north": {"uv": [6.75, 6.75, 7, 7.1875], "texture": "#0"},
				"east": {"uv": [1.25, 7.375, 1.375, 7.8125], "texture": "#0"},
				"south": {"uv": [6.875, 0, 7.125, 0.4375], "texture": "#0"},
				"west": {"uv": [1.375, 7.375, 1.5, 7.8125], "texture": "#0"},
				"up": {"uv": [6.5, 7.75, 6.25, 7.625], "texture": "#0"},
				"down": {"uv": [7.875, 6.25, 7.625, 6.375], "texture": "#0"}
			}
		},
		{
			"from": [15.36145, -3.30533, 10.2499],
			"to": [17.11185, 0.44507, 11.2503],
			"rotation": {"angle": 20, "axis": "z", "origin": [21.36165, -7.30513, 12.0001]},
			"faces": {
				"north": {"uv": [6.5, 3.625, 6.75, 4.125], "texture": "#0"},
				"east": {"uv": [1.125, 7.25, 1.25, 7.75], "texture": "#0"},
				"south": {"uv": [6.5, 4.125, 6.75, 4.625], "texture": "#0"},
				"west": {"uv": [2, 7.25, 2.125, 7.75], "texture": "#0"},
				"up": {"uv": [7.875, 6.5, 7.625, 6.375], "texture": "#0"},
				"down": {"uv": [6.75, 7.625, 6.5, 7.75], "texture": "#0"}
			}
		},
		{
			"from": [-1.72987, -6.81097, 10.25],
			"to": [0.02053, -3.06057, 11.2504],
			"rotation": {"angle": -20, "axis": "z", "origin": [4.27033, -10.81077, 12.0002]},
			"faces": {
				"north": {"uv": [6.5, 4.625, 6.75, 5.125], "texture": "#0"},
				"east": {"uv": [2.125, 7.25, 2.25, 7.75], "texture": "#0"},
				"south": {"uv": [6.5, 5.125, 6.75, 5.625], "texture": "#0"},
				"west": {"uv": [2.25, 7.25, 2.375, 7.75], "texture": "#0"},
				"up": {"uv": [7.875, 6.625, 7.625, 6.5], "texture": "#0"},
				"down": {"uv": [7.875, 6.625, 7.625, 6.75], "texture": "#0"}
			}
		},
		{
			"from": [15.36135, 5.69457, 10.2498],
			"to": [17.11195, 10.19517, 11.2504],
			"rotation": {"angle": 20, "axis": "z", "origin": [21.36165, 1.69487, 12.0001]},
			"faces": {
				"north": {"uv": [6.125, 5.75, 6.375, 6.3125], "texture": "#0"},
				"east": {"uv": [3.875, 7.125, 4, 7.6875], "texture": "#0"},
				"south": {"uv": [6.25, 0, 6.5, 0.5625], "texture": "#0"},
				"west": {"uv": [7.125, 3.875, 7.25, 4.4375], "texture": "#0"},
				"up": {"uv": [7.875, 6.875, 7.625, 6.75], "texture": "#0"},
				"down": {"uv": [7.875, 6.875, 7.625, 7], "texture": "#0"}
			}
		},
		{
			"from": [-1.72997, 2.18893, 10.2499],
			"to": [0.02063, 6.68953, 11.2505],
			"rotation": {"angle": -20, "axis": "z", "origin": [4.27033, -1.81077, 12.0002]},
			"faces": {
				"north": {"uv": [6.25, 0.625, 6.5, 1.1875], "texture": "#0"},
				"east": {"uv": [4, 7.125, 4.125, 7.6875], "texture": "#0"},
				"south": {"uv": [1, 6.25, 1.25, 6.8125], "texture": "#0"},
				"west": {"uv": [5.75, 7.125, 5.875, 7.6875], "texture": "#0"},
				"up": {"uv": [7.875, 7.125, 7.625, 7], "texture": "#0"},
				"down": {"uv": [7.875, 7.125, 7.625, 7.25], "texture": "#0"}
			}
		},
		{
			"from": [0, -14, 10.25],
			"to": [1, -5, 11.25],
			"rotation": {"angle": 0, "axis": "y", "origin": [4, -16, 12]},
			"faces": {
				"north": {"uv": [5.625, 6.125, 5.75, 7.25], "texture": "#0"},
				"east": {"uv": [6.25, 1.25, 6.375, 2.375], "texture": "#0"},
				"south": {"uv": [6.25, 2.375, 6.375, 3.5], "texture": "#0"},
				"west": {"uv": [6.25, 3.5, 6.375, 4.625], "texture": "#0"},
				"up": {"uv": [8.125, 5.625, 8, 5.5], "texture": "#0"},
				"down": {"uv": [8.125, 5.625, 8, 5.75], "texture": "#0"}
			}
		},
		{
			"from": [6, -16, 10.25],
			"to": [10, -4, 11.25],
			"rotation": {"angle": 0, "axis": "y", "origin": [18, -16, 12]},
			"faces": {
				"north": {"uv": [0.5, 1.625, 1, 3.125], "texture": "#0"},
				"east": {"uv": [0.375, 5.25, 0.5, 6.75], "texture": "#0"},
				"south": {"uv": [1, 1.625, 1.5, 3.125], "texture": "#0"},
				"west": {"uv": [5.375, 0.5, 5.5, 2], "texture": "#0"},
				"up": {"uv": [7.75, 2.75, 7.25, 2.625], "texture": "#0"},
				"down": {"uv": [7.75, 2.75, 7.25, 2.875], "texture": "#0"}
			}
		},
		{
			"from": [10, -15.5, 10.25],
			"to": [11, -4, 11.25],
			"rotation": {"angle": 0, "axis": "y", "origin": [18.75, -16, 12]},
			"faces": {
				"north": {"uv": [3.875, 5.625, 4, 7.0625], "texture": "#0"},
				"east": {"uv": [4, 5.625, 4.125, 7.0625], "texture": "#0"},
				"south": {"uv": [5.625, 4.625, 5.75, 6.0625], "texture": "#0"},
				"west": {"uv": [5.75, 0, 5.875, 1.4375], "texture": "#0"},
				"up": {"uv": [8.125, 5.875, 8, 5.75], "texture": "#0"},
				"down": {"uv": [8.125, 5.875, 8, 6], "texture": "#0"}
			}
		},
		{
			"from": [5, -15.5, 10.25],
			"to": [6, -4, 11.25],
			"rotation": {"angle": 0, "axis": "y", "origin": [13.75, -16, 12]},
			"faces": {
				"north": {"uv": [2, 5.75, 2.125, 7.1875], "texture": "#0"},
				"east": {"uv": [2.125, 5.75, 2.25, 7.1875], "texture": "#0"},
				"south": {"uv": [2.25, 5.75, 2.375, 7.1875], "texture": "#0"},
				"west": {"uv": [2.375, 5.75, 2.5, 7.1875], "texture": "#0"},
				"up": {"uv": [8.125, 6.125, 8, 6], "texture": "#0"},
				"down": {"uv": [8.125, 6.125, 8, 6.25], "texture": "#0"}
			}
		},
		{
			"from": [5, -4, 10.25],
			"to": [11, 8.25, 11.25],
			"rotation": {"angle": 0, "axis": "y", "origin": [18, -8, 12]},
			"faces": {
				"north": {"uv": [0, 0, 0.75, 1.5625], "texture": "#0"},
				"east": {"uv": [4.125, 5.125, 4.25, 6.6875], "texture": "#0"},
				"south": {"uv": [0.75, 0, 1.5, 1.5625], "texture": "#0"},
				"west": {"uv": [0, 5.25, 0.125, 6.8125], "texture": "#0"},
				"up": {"uv": [7.75, 1.375, 7, 1.25], "texture": "#0"},
				"down": {"uv": [7.75, 2, 7, 2.125], "texture": "#0"}
			}
		},
		{
			"from": [10.96096, 2.97906, 10.2498],
			"to": [14.46096, 8.22906, 11.2498],
			"rotation": {"angle": 0, "axis": "y", "origin": [19.21096, -8.02094, 11.9998]},
			"faces": {
				"north": {"uv": [4.375, 3.125, 4.8125, 3.8125], "texture": "#0"},
				"east": {"uv": [5, 7, 5.125, 7.6875], "texture": "#0"},
				"south": {"uv": [3.75, 4.375, 4.1875, 5.0625], "texture": "#0"},
				"west": {"uv": [5.125, 7, 5.25, 7.6875], "texture": "#0"},
				"up": {"uv": [7.8125, 1, 7.375, 0.875], "texture": "#0"},
				"down": {"uv": [7.8125, 1, 7.375, 1.125], "texture": "#0"}
			}
		},
		{
			"from": [1.53717, 2.97712, 10.2479],
			"to": [5.04117, 8.23112, 11.2519],
			"rotation": {"angle": 0, "axis": "y", "origin": [9.78917, -8.02088, 11.9999]},
			"faces": {
				"north": {"uv": [4.375, 3.875, 4.8125, 4.5625], "texture": "#0"},
				"east": {"uv": [5.25, 7, 5.375, 7.6875], "texture": "#0"},
				"south": {"uv": [0, 4.5, 0.4375, 5.1875], "texture": "#0"},
				"west": {"uv": [6.125, 7, 6.25, 7.6875], "texture": "#0"},
				"up": {"uv": [7.8125, 3.25, 7.375, 3.125], "texture": "#0"},
				"down": {"uv": [7.8125, 3.25, 7.375, 3.375], "texture": "#0"}
			}
		},
		{
			"from": [1, -15, 6.25],
			"to": [1.25, -14, 10.25],
			"rotation": {"angle": 0, "axis": "y", "origin": [-2, -16, 12]},
			"faces": {
				"north": {"uv": [8, 6.75, 8.0625, 6.875], "texture": "#0"},
				"east": {"uv": [7.25, 2.875, 7.75, 3], "texture": "#0"},
				"south": {"uv": [8, 6.875, 8.0625, 7], "texture": "#0"},
				"west": {"uv": [7.25, 3, 7.75, 3.125], "texture": "#0"},
				"up": {"uv": [0.4375, 8.125, 0.375, 7.625], "texture": "#0"},
				"down": {"uv": [4.1875, 7.625, 4.125, 8.125], "texture": "#0"}
			}
		},
		{
			"from": [1.25, -15, 6.25],
			"to": [5, -14.75, 10.25],
			"rotation": {"angle": 0, "axis": "y", "origin": [-1.75, -16, 12]},
			"faces": {
				"north": {"uv": [7.625, 7.25, 8.125, 7.3125], "texture": "#0"},
				"east": {"uv": [7.375, 7.625, 7.875, 7.6875], "texture": "#0"},
				"south": {"uv": [7.625, 7.375, 8.125, 7.4375], "texture": "#0"},
				"west": {"uv": [7.625, 7.5, 8.125, 7.5625], "texture": "#0"},
				"up": {"uv": [2.5, 5.375, 2, 4.875], "texture": "#0"},
				"down": {"uv": [5.375, 2.5, 4.875, 3], "texture": "#0"}
			}
		},
		{
			"from": [5, -15.5, 6.25],
			"to": [5.25, -15, 10.25],
			"rotation": {"angle": 0, "axis": "y", "origin": [-1.5, -16, 12]},
			"faces": {
				"north": {"uv": [5.375, 8.125, 5.4375, 8.1875], "texture": "#0"},
				"east": {"uv": [7.75, 0, 8.25, 0.0625], "texture": "#0"},
				"south": {"uv": [8.125, 5.375, 8.1875, 5.4375], "texture": "#0"},
				"west": {"uv": [7.75, 0.125, 8.25, 0.1875], "texture": "#0"},
				"up": {"uv": [0.0625, 8.25, 0, 7.75], "texture": "#0"},
				"down": {"uv": [0.1875, 7.75, 0.125, 8.25], "texture": "#0"}
			}
		},
		{
			"from": [5.25, -15.5, 6.25],
			"to": [6, -15.25, 10.25],
			"rotation": {"angle": 0, "axis": "y", "origin": [-1.25, -16, 12]},
			"faces": {
				"north": {"uv": [8, 7, 8.125, 7.0625], "texture": "#0"},
				"east": {"uv": [7.75, 0.25, 8.25, 0.3125], "texture": "#0"},
				"south": {"uv": [8, 7.125, 8.125, 7.1875], "texture": "#0"},
				"west": {"uv": [7.75, 0.375, 8.25, 0.4375], "texture": "#0"},
				"up": {"uv": [2.5, 7.75, 2.375, 7.25], "texture": "#0"},
				"down": {"uv": [7.375, 3.125, 7.25, 3.625], "texture": "#0"}
			}
		},
		{
			"from": [6, -16, 6.25],
			"to": [6.25, -15.5, 10.25],
			"rotation": {"angle": 0, "axis": "y", "origin": [-1, -16, 12]},
			"faces": {
				"north": {"uv": [5.5, 8.125, 5.5625, 8.1875], "texture": "#0"},
				"east": {"uv": [7.75, 1.125, 8.25, 1.1875], "texture": "#0"},
				"south": {"uv": [8.125, 5.5, 8.1875, 5.5625], "texture": "#0"},
				"west": {"uv": [7.75, 1.25, 8.25, 1.3125], "texture": "#0"},
				"up": {"uv": [0.3125, 8.25, 0.25, 7.75], "texture": "#0"},
				"down": {"uv": [1.1875, 7.75, 1.125, 8.25], "texture": "#0"}
			}
		},
		{
			"from": [6.25, -16, 6.25],
			"to": [9.75, -15.75, 10.25],
			"rotation": {"angle": 0, "axis": "y", "origin": [16.75, -16, 12]},
			"faces": {
				"north": {"uv": [7.875, 2.375, 8.3125, 2.4375], "texture": "#0"},
				"east": {"uv": [2, 7.75, 2.5, 7.8125], "texture": "#0"},
				"south": {"uv": [7.875, 4.25, 8.3125, 4.3125], "texture": "#0"},
				"west": {"uv": [7.75, 2, 8.25, 2.0625], "texture": "#0"},
				"up": {"uv": [5.5625, 0.5, 5.125, 0], "texture": "#0"},
				"down": {"uv": [4.0625, 5.125, 3.625, 5.625], "texture": "#0"}
			}
		},
		{
			"from": [0.25, -14, 6.25],
			"to": [1, -13.75, 10.25],
			"rotation": {"angle": 0, "axis": "y", "origin": [-3, -16, 12]},
			"faces": {
				"north": {"uv": [7.375, 8, 7.5, 8.0625], "texture": "#0"},
				"east": {"uv": [2.5, 7.75, 3, 7.8125], "texture": "#0"},
				"south": {"uv": [7.5, 8, 7.625, 8.0625], "texture": "#0"},
				"west": {"uv": [7.75, 2.625, 8.25, 2.6875], "texture": "#0"},
				"up": {"uv": [3.5, 7.75, 3.375, 7.25], "texture": "#0"},
				"down": {"uv": [3.625, 7.25, 3.5, 7.75], "texture": "#0"}
			}
		},
		{
			"from": [0, -14, 6.25],
			"to": [0.25, -5, 10.25],
			"rotation": {"angle": 0, "axis": "y", "origin": [-3, -16, 12]},
			"faces": {
				"north": {"uv": [7.125, 6, 7.1875, 7.125], "texture": "#0"},
				"east": {"uv": [1, 3.125, 1.5, 4.25], "texture": "#0"},
				"south": {"uv": [7.125, 7.125, 7.1875, 8.25], "texture": "#0"},
				"west": {"uv": [3.5, 1.75, 4, 2.875], "texture": "#0"},
				"up": {"uv": [3.4375, 8.25, 3.375, 7.75], "texture": "#0"},
				"down": {"uv": [3.5625, 7.75, 3.5, 8.25], "texture": "#0"}
			}
		},
		{
			"from": [9.75, -16, 6.25],
			"to": [10, -15.5, 10.25],
			"rotation": {"angle": 0, "axis": "y", "origin": [17, -16, 12]},
			"faces": {
				"north": {"uv": [5.625, 8.125, 5.6875, 8.1875], "texture": "#0"},
				"east": {"uv": [7.75, 2.75, 8.25, 2.8125], "texture": "#0"},
				"south": {"uv": [8.125, 5.625, 8.1875, 5.6875], "texture": "#0"},
				"west": {"uv": [7.75, 2.875, 8.25, 2.9375], "texture": "#0"},
				"up": {"uv": [3.6875, 8.25, 3.625, 7.75], "texture": "#0"},
				"down": {"uv": [3.8125, 7.75, 3.75, 8.25], "texture": "#0"}
			}
		},
		{
			"from": [10, -15.5, 6.25],
			"to": [10.75, -15.25, 10.25],
			"rotation": {"angle": 0, "axis": "y", "origin": [17.25, -16, 12]},
			"faces": {
				"north": {"uv": [7.625, 8, 7.75, 8.0625], "texture": "#0"},
				"east": {"uv": [7.75, 3, 8.25, 3.0625], "texture": "#0"},
				"south": {"uv": [8, 7.625, 8.125, 7.6875], "texture": "#0"},
				"west": {"uv": [7.75, 3.375, 8.25, 3.4375], "texture": "#0"},
				"up": {"uv": [7.375, 4.125, 7.25, 3.625], "texture": "#0"},
				"down": {"uv": [5.5, 7.25, 5.375, 7.75], "texture": "#0"}
			}
		},
		{
			"from": [10.75, -15.5, 6.25],
			"to": [11, -15, 10.25],
			"rotation": {"angle": 0, "axis": "y", "origin": [17.5, -16, 12]},
			"faces": {
				"north": {"uv": [5.75, 8.125, 5.8125, 8.1875], "texture": "#0"},
				"east": {"uv": [7.75, 3.5, 8.25, 3.5625], "texture": "#0"},
				"south": {"uv": [8.125, 5.75, 8.1875, 5.8125], "texture": "#0"},
				"west": {"uv": [7.75, 3.625, 8.25, 3.6875], "texture": "#0"},
				"up": {"uv": [3.9375, 8.25, 3.875, 7.75], "texture": "#0"},
				"down": {"uv": [7.8125, 3.875, 7.75, 4.375], "texture": "#0"}
			}
		},
		{
			"from": [11, -15, 6.25],
			"to": [14.75, -14.75, 10.25],
			"rotation": {"angle": 0, "axis": "y", "origin": [17.75, -16, 12]},
			"faces": {
				"north": {"uv": [7.75, 4.375, 8.25, 4.4375], "texture": "#0"},
				"east": {"uv": [4.875, 7.75, 5.375, 7.8125], "texture": "#0"},
				"south": {"uv": [5.375, 7.75, 5.875, 7.8125], "texture": "#0"},
				"west": {"uv": [6.125, 7.75, 6.625, 7.8125], "texture": "#0"},
				"up": {"uv": [5.375, 3.5, 4.875, 3], "texture": "#0"},
				"down": {"uv": [5.375, 3.5, 4.875, 4], "texture": "#0"}
			}
		},
		{
			"from": [14.75, -15, 6.25],
			"to": [15, -14, 10.25],
			"rotation": {"angle": 0, "axis": "y", "origin": [18, -16, 12]},
			"faces": {
				"north": {"uv": [7.75, 8, 7.8125, 8.125], "texture": "#0"},
				"east": {"uv": [7.25, 4.125, 7.75, 4.25], "texture": "#0"},
				"south": {"uv": [8, 7.75, 8.0625, 7.875], "texture": "#0"},
				"west": {"uv": [7.25, 4.25, 7.75, 4.375], "texture": "#0"},
				"up": {"uv": [4.0625, 8.25, 4, 7.75], "texture": "#0"},
				"down": {"uv": [6.6875, 7.75, 6.625, 8.25], "texture": "#0"}
			}
		},
		{
			"from": [15, -14, 6.25],
			"to": [15.75, -13.75, 10.25],
			"rotation": {"angle": 0, "axis": "y", "origin": [19, -16, 12]},
			"faces": {
				"north": {"uv": [7.875, 8, 8, 8.0625], "texture": "#0"},
				"east": {"uv": [7.375, 7.75, 7.875, 7.8125], "texture": "#0"},
				"south": {"uv": [8, 7.875, 8.125, 7.9375], "texture": "#0"},
				"west": {"uv": [7.875, 0.5, 8.375, 0.5625], "texture": "#0"},
				"up": {"uv": [5.625, 7.75, 5.5, 7.25], "texture": "#0"},
				"down": {"uv": [5.75, 7.25, 5.625, 7.75], "texture": "#0"}
			}
		},
		{
			"from": [15.75, -14, 6.25],
			"to": [16, -5, 10.25],
			"rotation": {"angle": 0, "axis": "y", "origin": [19, -16, 12]},
			"faces": {
				"north": {"uv": [7.25, 0, 7.3125, 1.125], "texture": "#0"},
				"east": {"uv": [3.5, 2.875, 4, 4], "texture": "#0"},
				"south": {"uv": [0.5, 7.25, 0.5625, 8.375], "texture": "#0"},
				"west": {"uv": [2, 3.75, 2.5, 4.875], "texture": "#0"},
				"up": {"uv": [7.0625, 8.25, 7, 7.75], "texture": "#0"},
				"down": {"uv": [0.6875, 7.875, 0.625, 8.375], "texture": "#0"}
			}
		},
		{
			"from": [-1.11195, 5.69457, 6.2492],
			"to": [-0.86135, 10.19517, 10.2498],
			"rotation": {"angle": -20, "axis": "z", "origin": [-5.36165, 1.69487, 10.9995]},
			"faces": {
				"north": {"uv": [6.75, 7.5, 6.8125, 8.0625], "texture": "#0"},
				"east": {"uv": [4.625, 0, 5.125, 0.5625], "texture": "#0"},
				"south": {"uv": [7.5, 6.75, 7.5625, 7.3125], "texture": "#0"},
				"west": {"uv": [4.75, 0.625, 5.25, 1.1875], "texture": "#0"},
				"up": {"uv": [7.9375, 1.125, 7.875, 0.625], "texture": "#0"},
				"down": {"uv": [0.8125, 7.875, 0.75, 8.375], "texture": "#0"}
			}
		},
		{
			"from": [16.86135, 5.69457, 6.2492],
			"to": [17.11195, 10.19517, 10.2498],
			"rotation": {"angle": 20, "axis": "z", "origin": [21.36165, 1.69487, 10.9995]},
			"faces": {
				"north": {"uv": [6.875, 7.5, 6.9375, 8.0625], "texture": "#0"},
				"east": {"uv": [4.875, 1.25, 5.375, 1.8125], "texture": "#0"},
				"south": {"uv": [7.25, 7.5, 7.3125, 8.0625], "texture": "#0"},
				"west": {"uv": [4.875, 1.875, 5.375, 2.4375], "texture": "#0"},
				"up": {"uv": [0.9375, 8.375, 0.875, 7.875], "texture": "#0"},
				"down": {"uv": [1.0625, 7.875, 1, 8.375], "texture": "#0"}
			}
		},
		{
			"from": [-1.11185, -3.30533, 6.2499],
			"to": [-0.86145, 0.44507, 10.2503],
			"rotation": {"angle": -20, "axis": "z", "origin": [-5.36165, -7.30513, 10.0001]},
			"faces": {
				"north": {"uv": [1.25, 7.875, 1.3125, 8.375], "texture": "#0"},
				"east": {"uv": [4.875, 4, 5.375, 4.5], "texture": "#0"},
				"south": {"uv": [1.375, 7.875, 1.4375, 8.375], "texture": "#0"},
				"west": {"uv": [4.875, 4.5, 5.375, 5], "texture": "#0"},
				"up": {"uv": [7.9375, 2, 7.875, 1.5], "texture": "#0"},
				"down": {"uv": [2.0625, 7.875, 2, 8.375], "texture": "#0"}
			}
		},
		{
			"from": [16.86145, -3.30533, 6.2499],
			"to": [17.11185, 0.44507, 10.2503],
			"rotation": {"angle": 20, "axis": "z", "origin": [21.36165, -7.30513, 10.0001]},
			"faces": {
				"north": {"uv": [2.125, 7.875, 2.1875, 8.375], "texture": "#0"},
				"east": {"uv": [1, 5, 1.5, 5.5], "texture": "#0"},
				"south": {"uv": [2.25, 7.875, 2.3125, 8.375], "texture": "#0"},
				"west": {"uv": [4.875, 5, 5.375, 5.5], "texture": "#0"},
				"up": {"uv": [2.4375, 8.375, 2.375, 7.875], "texture": "#0"},
				"down": {"uv": [2.5625, 7.875, 2.5, 8.375], "texture": "#0"}
			}
		},
		{
			"from": [3.35622, -3.14058, 6.2497],
			"to": [3.60682, -0.13998, 10.2503],
			"rotation": {"angle": 25, "axis": "z", "origin": [-0.89348, -7.14028, 12]},
			"faces": {
				"north": {"uv": [7.875, 5.75, 7.9375, 6.125], "texture": "#0"},
				"east": {"uv": [2, 5.375, 2.5, 5.75], "texture": "#0"},
				"south": {"uv": [5.875, 7.875, 5.9375, 8.25], "texture": "#0"},
				"west": {"uv": [5.375, 2, 5.875, 2.375], "texture": "#0"},
				"up": {"uv": [2.6875, 8.375, 2.625, 7.875], "texture": "#0"},
				"down": {"uv": [2.8125, 7.875, 2.75, 8.375], "texture": "#0"}
			}
		},
		{
			"from": [12.39318, -3.14058, 6.2497],
			"to": [12.64378, -0.13998, 10.2503],
			"rotation": {"angle": -25, "axis": "z", "origin": [16.89348, -7.14028, 12]},
			"faces": {
				"north": {"uv": [6, 7.875, 6.0625, 8.25], "texture": "#0"},
				"east": {"uv": [5.375, 2.375, 5.875, 2.75], "texture": "#0"},
				"south": {"uv": [6.125, 7.875, 6.1875, 8.25], "texture": "#0"},
				"west": {"uv": [5.375, 2.75, 5.875, 3.125], "texture": "#0"},
				"up": {"uv": [2.9375, 8.375, 2.875, 7.875], "texture": "#0"},
				"down": {"uv": [7.9375, 3.75, 7.875, 4.25], "texture": "#0"}
			}
		},
		{
			"from": [0, 1, 6.25],
			"to": [0.25, 4, 10.25],
			"rotation": {"angle": 0, "axis": "y", "origin": [-3, -6, 12]},
			"faces": {
				"north": {"uv": [7.875, 6.125, 7.9375, 6.5], "texture": "#0"},
				"east": {"uv": [5.375, 3.125, 5.875, 3.5], "texture": "#0"},
				"south": {"uv": [6.25, 7.875, 6.3125, 8.25], "texture": "#0"},
				"west": {"uv": [5.375, 3.5, 5.875, 3.875], "texture": "#0"},
				"up": {"uv": [7.9375, 5, 7.875, 4.5], "texture": "#0"},
				"down": {"uv": [4.9375, 7.875, 4.875, 8.375], "texture": "#0"}
			}
		},
		{
			"from": [15.75, 1, 6.25],
			"to": [16, 4, 10.25],
			"rotation": {"angle": 0, "axis": "y", "origin": [19, -6, 12]},
			"faces": {
				"north": {"uv": [6.375, 7.875, 6.4375, 8.25], "texture": "#0"},
				"east": {"uv": [5.375, 3.875, 5.875, 4.25], "texture": "#0"},
				"south": {"uv": [6.5, 7.875, 6.5625, 8.25], "texture": "#0"},
				"west": {"uv": [5.375, 4.25, 5.875, 4.625], "texture": "#0"},
				"up": {"uv": [5.0625, 8.375, 5, 7.875], "texture": "#0"},
				"down": {"uv": [7.9375, 5, 7.875, 5.5], "texture": "#0"}
			}
		},
		{
			"from": [1.71096, 7.97906, 6.2498],
			"to": [14.46096, 8.22906, 10.2498],
			"rotation": {"angle": 0, "axis": "y", "origin": [12.46096, 6.22906, 6.2498]},
			"faces": {
				"north": {"uv": [6.75, 2.5, 8.375, 2.5625], "texture": "#0"},
				"east": {"uv": [7.875, 2.125, 8.375, 2.1875], "texture": "#0"},
				"south": {"uv": [6.875, 1.375, 8.5, 1.4375], "texture": "#0"},
				"west": {"uv": [7.875, 2.25, 8.375, 2.3125], "texture": "#0"},
				"up": {"uv": [3.125, 0.5, 1.5, 0], "texture": "#0"},
				"down": {"uv": [3.125, 0.5, 1.5, 1], "texture": "#0"}
			}
		},
		{
			"from": [7, 4.75, 4.75],
			"to": [9, 26, 5.25],
			"rotation": {"angle": 0, "axis": "y", "origin": [7, 0, 4.75]},
			"faces": {
				"north": {"uv": [0.5, 3.125, 0.75, 5.8125], "texture": "#0"},
				"east": {"uv": [5.875, 4.125, 5.9375, 6.8125], "texture": "#0"},
				"south": {"uv": [0.75, 3.125, 1, 5.8125], "texture": "#0"},
				"west": {"uv": [6, 0, 6.0625, 2.6875], "texture": "#0"},
				"up": {"uv": [8.25, 6.3125, 8, 6.25], "texture": "#0"},
				"down": {"uv": [8.25, 6.375, 8, 6.4375], "texture": "#0"}
			}
		},
		{
			"from": [7, 8.25, 5.25],
			"to": [9, 26, 5.75],
			"rotation": {"angle": 0, "axis": "y", "origin": [7, 0, 5.25]},
			"faces": {
				"north": {"uv": [2.5, 3.75, 2.75, 6], "texture": "#0"},
				"east": {"uv": [6.375, 1.25, 6.4375, 3.5], "texture": "#0"},
				"south": {"uv": [2.75, 3.75, 3, 6], "texture": "#0"},
				"west": {"uv": [6.375, 3.5, 6.4375, 5.75], "texture": "#0"},
				"up": {"uv": [8.25, 6.5625, 8, 6.5], "texture": "#0"},
				"down": {"uv": [8.25, 6.625, 8, 6.6875], "texture": "#0"}
			}
		},
		{
			"from": [7.5, 8.25, 5.75],
			"to": [8.5, 23.5, 6.25],
			"rotation": {"angle": 0, "axis": "y", "origin": [7, 0, 5.75]},
			"faces": {
				"north": {"uv": [3.375, 4.875, 3.5, 6.8125], "texture": "#0"},
				"east": {"uv": [6.625, 5.625, 6.6875, 7.5625], "texture": "#0"},
				"south": {"uv": [3.5, 4.875, 3.625, 6.8125], "texture": "#0"},
				"west": {"uv": [6.75, 0, 6.8125, 1.9375], "texture": "#0"},
				"up": {"uv": [8.125, 8.0625, 8, 8], "texture": "#0"},
				"down": {"uv": [0.5, 8.125, 0.375, 8.1875], "texture": "#0"}
			}
		},
		{
			"from": [5.51042, 28.33604, 5],
			"to": [6.26042, 29, 5.5],
			"rotation": {"angle": 0, "axis": "y", "origin": [4.26042, 29.00812, 4.25]},
			"faces": {
				"north": {"uv": [8.125, 3.125, 8.25, 3.1875], "texture": "#0"},
				"east": {"uv": [8.125, 6.75, 8.1875, 6.8125], "texture": "#0"},
				"south": {"uv": [8.125, 3.25, 8.25, 3.3125], "texture": "#0"},
				"west": {"uv": [6.875, 8.125, 6.9375, 8.1875], "texture": "#0"},
				"up": {"uv": [8.25, 3.8125, 8.125, 3.75], "texture": "#0"},
				"down": {"uv": [8.25, 3.875, 8.125, 3.9375], "texture": "#0"}
			}
		},
		{
			"from": [5.51042, 29.58604, 5],
			"to": [6.26042, 30.25, 5.5],
			"rotation": {"angle": 0, "axis": "y", "origin": [4.26042, 30.25812, 4.25]},
			"faces": {
				"north": {"uv": [8.125, 1.5, 8.25, 1.5625], "texture": "#0"},
				"east": {"uv": [8.125, 6.125, 8.1875, 6.1875], "texture": "#0"},
				"south": {"uv": [8.125, 1.625, 8.25, 1.6875], "texture": "#0"},
				"west": {"uv": [6.75, 8.125, 6.8125, 8.1875], "texture": "#0"},
				"up": {"uv": [8.25, 1.8125, 8.125, 1.75], "texture": "#0"},
				"down": {"uv": [8.25, 1.875, 8.125, 1.9375], "texture": "#0"}
			}
		},
		{
			"from": [5.51042, 30.83604, 5],
			"to": [6.26042, 31.5, 5.5],
			"rotation": {"angle": 0, "axis": "y", "origin": [4.26042, 31.50812, 4.25]},
			"faces": {
				"north": {"uv": [8.125, 0.625, 8.25, 0.6875], "texture": "#0"},
				"east": {"uv": [8.125, 5.875, 8.1875, 5.9375], "texture": "#0"},
				"south": {"uv": [8.125, 0.75, 8.25, 0.8125], "texture": "#0"},
				"west": {"uv": [8.125, 6, 8.1875, 6.0625], "texture": "#0"},
				"up": {"uv": [8.25, 0.9375, 8.125, 0.875], "texture": "#0"},
				"down": {"uv": [8.25, 1, 8.125, 1.0625], "texture": "#0"}
			}
		},
		{
			"from": [7.26042, 30.83604, 3.75],
			"to": [7.76042, 31.5, 4.25],
			"rotation": {"angle": 0, "axis": "y", "origin": [5.76042, 31.50812, 2.5]},
			"faces": {
				"north": {"uv": [0.375, 8.25, 0.4375, 8.3125], "texture": "#0"},
				"east": {"uv": [8.25, 0.375, 8.3125, 0.4375], "texture": "#0"},
				"south": {"uv": [8.25, 0.625, 8.3125, 0.6875], "texture": "#0"},
				"west": {"uv": [8.25, 0.75, 8.3125, 0.8125], "texture": "#0"},
				"up": {"uv": [8.3125, 0.9375, 8.25, 0.875], "texture": "#0"},
				"down": {"uv": [8.3125, 1, 8.25, 1.0625], "texture": "#0"}
			}
		},
		{
			"from": [8.23958, 30.83604, 3.75],
			"to": [8.73958, 31.5, 4.25],
			"rotation": {"angle": 0, "axis": "y", "origin": [10.23958, 31.50812, 2.5]},
			"faces": {
				"north": {"uv": [8.125, 7.375, 8.1875, 7.4375], "texture": "#0"},
				"east": {"uv": [7.5, 8.125, 7.5625, 8.1875], "texture": "#0"},
				"south": {"uv": [8.125, 7.5, 8.1875, 7.5625], "texture": "#0"},
				"west": {"uv": [7.625, 8.125, 7.6875, 8.1875], "texture": "#0"},
				"up": {"uv": [8.1875, 7.6875, 8.125, 7.625], "texture": "#0"},
				"down": {"uv": [7.8125, 8.125, 7.75, 8.1875], "texture": "#0"}
			}
		},
		{
			"from": [8.23958, 29.58604, 3.75],
			"to": [8.73958, 30.25, 4.25],
			"rotation": {"angle": 0, "axis": "y", "origin": [10.23958, 30.25812, 2.5]},
			"faces": {
				"north": {"uv": [8.125, 7.75, 8.1875, 7.8125], "texture": "#0"},
				"east": {"uv": [7.875, 8.125, 7.9375, 8.1875], "texture": "#0"},
				"south": {"uv": [8.125, 7.875, 8.1875, 7.9375], "texture": "#0"},
				"west": {"uv": [8, 8.125, 8.0625, 8.1875], "texture": "#0"},
				"up": {"uv": [8.1875, 8.0625, 8.125, 8], "texture": "#0"},
				"down": {"uv": [8.1875, 8.125, 8.125, 8.1875], "texture": "#0"}
			}
		},
		{
			"from": [7.26042, 29.58604, 3.75],
			"to": [7.76042, 30.25, 4.25],
			"rotation": {"angle": 0, "axis": "y", "origin": [5.76042, 30.25812, 2.5]},
			"faces": {
				"north": {"uv": [1.125, 8.25, 1.1875, 8.3125], "texture": "#0"},
				"east": {"uv": [8.25, 1.125, 8.3125, 1.1875], "texture": "#0"},
				"south": {"uv": [8.25, 1.25, 8.3125, 1.3125], "texture": "#0"},
				"west": {"uv": [8.25, 1.5, 8.3125, 1.5625], "texture": "#0"},
				"up": {"uv": [8.3125, 1.6875, 8.25, 1.625], "texture": "#0"},
				"down": {"uv": [8.3125, 1.75, 8.25, 1.8125], "texture": "#0"}
			}
		},
		{
			"from": [7.26042, 28.33604, 3.75],
			"to": [7.76042, 29, 4.25],
			"rotation": {"angle": 0, "axis": "y", "origin": [5.76042, 29.00812, 2.5]},
			"faces": {
				"north": {"uv": [8.25, 1.875, 8.3125, 1.9375], "texture": "#0"},
				"east": {"uv": [8.25, 2, 8.3125, 2.0625], "texture": "#0"},
				"south": {"uv": [8.25, 2.625, 8.3125, 2.6875], "texture": "#0"},
				"west": {"uv": [8.25, 2.75, 8.3125, 2.8125], "texture": "#0"},
				"up": {"uv": [8.3125, 2.9375, 8.25, 2.875], "texture": "#0"},
				"down": {"uv": [8.3125, 3, 8.25, 3.0625], "texture": "#0"}
			}
		},
		{
			"from": [8.23958, 28.33604, 3.75],
			"to": [8.73958, 29, 4.25],
			"rotation": {"angle": 0, "axis": "y", "origin": [10.23958, 29.00812, 2.5]},
			"faces": {
				"north": {"uv": [0, 8.25, 0.0625, 8.3125], "texture": "#0"},
				"east": {"uv": [8.25, 0, 8.3125, 0.0625], "texture": "#0"},
				"south": {"uv": [0.125, 8.25, 0.1875, 8.3125], "texture": "#0"},
				"west": {"uv": [8.25, 0.125, 8.3125, 0.1875], "texture": "#0"},
				"up": {"uv": [0.3125, 8.3125, 0.25, 8.25], "texture": "#0"},
				"down": {"uv": [8.3125, 0.25, 8.25, 0.3125], "texture": "#0"}
			}
		},
		{
			"from": [9.73958, 28.33604, 5],
			"to": [10.48958, 29, 5.5],
			"rotation": {"angle": 0, "axis": "y", "origin": [11.73958, 29.00812, 4.25]},
			"faces": {
				"north": {"uv": [5.125, 8.125, 5.25, 8.1875], "texture": "#0"},
				"east": {"uv": [8.125, 7.25, 8.1875, 7.3125], "texture": "#0"},
				"south": {"uv": [8.125, 5.125, 8.25, 5.1875], "texture": "#0"},
				"west": {"uv": [7.375, 8.125, 7.4375, 8.1875], "texture": "#0"},
				"up": {"uv": [5.375, 8.1875, 5.25, 8.125], "texture": "#0"},
				"down": {"uv": [8.25, 5.25, 8.125, 5.3125], "texture": "#0"}
			}
		},
		{
			"from": [9.73958, 29.58604, 5],
			"to": [10.48958, 30.25, 5.5],
			"rotation": {"angle": 0, "axis": "y", "origin": [11.73958, 30.25812, 4.25]},
			"faces": {
				"north": {"uv": [8.125, 4.625, 8.25, 4.6875], "texture": "#0"},
				"east": {"uv": [8.125, 7.125, 8.1875, 7.1875], "texture": "#0"},
				"south": {"uv": [8.125, 4.75, 8.25, 4.8125], "texture": "#0"},
				"west": {"uv": [7.25, 8.125, 7.3125, 8.1875], "texture": "#0"},
				"up": {"uv": [8.25, 4.9375, 8.125, 4.875], "texture": "#0"},
				"down": {"uv": [8.25, 5, 8.125, 5.0625], "texture": "#0"}
			}
		},
		{
			"from": [9.73958, 30.83604, 5],
			"to": [10.48958, 31.5, 5.5],
			"rotation": {"angle": 0, "axis": "y", "origin": [11.73958, 31.50812, 4.25]},
			"faces": {
				"north": {"uv": [8.125, 4, 8.25, 4.0625], "texture": "#0"},
				"east": {"uv": [8.125, 6.875, 8.1875, 6.9375], "texture": "#0"},
				"south": {"uv": [4.125, 8.125, 4.25, 8.1875], "texture": "#0"},
				"west": {"uv": [8.125, 7, 8.1875, 7.0625], "texture": "#0"},
				"up": {"uv": [8.25, 4.1875, 8.125, 4.125], "texture": "#0"},
				"down": {"uv": [8.25, 4.5, 8.125, 4.5625], "texture": "#0"}
			}
		},
		{
			"from": [7, 26, 4.25],
			"to": [9, 32, 6.25],
			"rotation": {"angle": 0, "axis": "y", "origin": [7, 30, 4.25]},
			"faces": {
				"north": {"uv": [5.375, 4.625, 5.625, 5.375], "texture": "#0"},
				"east": {"uv": [5.375, 5.375, 5.625, 6.125], "texture": "#0"},
				"south": {"uv": [5.5, 0.5, 5.75, 1.25], "texture": "#0"},
				"west": {"uv": [1, 5.5, 1.25, 6.25], "texture": "#0"},
				"up": {"uv": [6.125, 7.5, 5.875, 7.25], "texture": "#0"},
				"down": {"uv": [7.5, 6, 7.25, 6.25], "texture": "#0"}
			}
		},
		{
			"from": [6.26042, 27.58604, 4.25],
			"to": [7.01042, 32, 6.25],
			"rotation": {"angle": 0, "axis": "y", "origin": [5.01042, 30.25812, 4.25]},
			"faces": {
				"north": {"uv": [0.625, 7.25, 0.75, 7.8125], "texture": "#0"},
				"east": {"uv": [6.375, 5.75, 6.625, 6.3125], "texture": "#0"},
				"south": {"uv": [0.75, 7.25, 0.875, 7.8125], "texture": "#0"},
				"west": {"uv": [6.125, 6.375, 6.375, 6.9375], "texture": "#0"},
				"up": {"uv": [3.5, 4, 3.375, 3.75], "texture": "#0"},
				"down": {"uv": [4.75, 0.625, 4.625, 0.875], "texture": "#0"}
			}
		},
		{
			"from": [6.05957, 25.2365, 4.249],
			"to": [6.81157, 26.9885, 6.251],
			"rotation": {"angle": 25, "axis": "z", "origin": [4.81057, 27.7375, 4.25]},
			"faces": {
				"north": {"uv": [3.625, 4.875, 3.75, 5.125], "texture": "#0"},
				"east": {"uv": [7.25, 6.25, 7.5, 6.5], "texture": "#0"},
				"south": {"uv": [6.25, 5.5, 6.375, 5.75], "texture": "#0"},
				"west": {"uv": [7.25, 6.5, 7.5, 6.75], "texture": "#0"},
				"up": {"uv": [8, 3.375, 7.875, 3.125], "texture": "#0"},
				"down": {"uv": [5.25, 7.875, 5.125, 8.125], "texture": "#0"}
			}
		},
		{
			"from": [9.18843, 25.2365, 4.249],
			"to": [9.94043, 26.9885, 6.251],
			"rotation": {"angle": -25, "axis": "z", "origin": [11.18943, 27.7375, 4.25]},
			"faces": {
				"north": {"uv": [5.5, 7.875, 5.625, 8.125], "texture": "#0"},
				"east": {"uv": [6.75, 7.25, 7, 7.5], "texture": "#0"},
				"south": {"uv": [7.875, 5.5, 8, 5.75], "texture": "#0"},
				"west": {"uv": [7.25, 6.75, 7.5, 7], "texture": "#0"},
				"up": {"uv": [5.75, 8.125, 5.625, 7.875], "texture": "#0"},
				"down": {"uv": [5.875, 7.875, 5.75, 8.125], "texture": "#0"}
			}
		},
		{
			"from": [8.98958, 27.58604, 4.25],
			"to": [9.73958, 32, 6.25],
			"rotation": {"angle": 0, "axis": "y", "origin": [10.98958, 30.25812, 4.25]},
			"faces": {
				"north": {"uv": [0.875, 7.25, 1, 7.8125], "texture": "#0"},
				"east": {"uv": [6.375, 6.375, 6.625, 6.9375], "texture": "#0"},
				"south": {"uv": [1, 7.25, 1.125, 7.8125], "texture": "#0"},
				"west": {"uv": [6.5, 0, 6.75, 0.5625], "texture": "#0"},
				"up": {"uv": [5.375, 8.125, 5.25, 7.875], "texture": "#0"},
				"down": {"uv": [5.5, 7.875, 5.375, 8.125], "texture": "#0"}
			}
		}
	],
	"display": {
		"thirdperson_righthand": {
			"rotation": [75, 0, 67],
			"translation": [-6.25, 0.75, 2.75],
			"scale": [0.66, 0.66, 0.66]
		},
		"thirdperson_lefthand": {
			"rotation": [90, 0, 70],
			"translation": [-7.25, 1.75, 4],
			"scale": [0.66, 0.66, 0.66]
		},
		"firstperson_righthand": {
			"rotation": [0, 17, 60],
			"translation": [-6.75, -0.5, 1.5]
		},
		"firstperson_lefthand": {
			"rotation": [0, 17, 60],
			"translation": [-6.75, -0.5, 1.5]
		},
		"ground": {
			"translation": [0, 21.75, 0]
		},
		"gui": {
			"rotation": [0, -180, 46],
			"translation": [0.25, 0.25, 0],
			"scale": [0.37, 0.37, 0.37]
		},
		"head": {
			"rotation": [0, -7, 24],
			"translation": [0, 25.25, 0]
		},
		"fixed": {
			"rotation": [-71, 0, 0],
			"translation": [0, 4.25, -36.25],
			"scale": [1.69, 1.69, 1.69]
		},
		"on_shelf": {
			"rotation": [-180, 0, -157],
			"translation": [0, 2.75, 0],
			"scale": [0.46, 0.46, 0.46]
		}
	},
	"groups": [
		{
			"name": "Strings",
			"origin": [9.23958, 28.25812, 2.5],
			"color": 0,
			"children": [0, 1, 2, 3, 4, 5, 6, 7]
		},
		{
			"name": "Front",
			"origin": [13, 5, 7],
			"color": 0,
			"children": [8, 9, 10, 11, 12, 13, 14, 15, 16, 17, 18, 19, 20, 21, 22, 23, 24, 25, 26, 27, 28, 29, 30, 31, 32]
		},
		{
			"name": "Back",
			"origin": [13, 5, 7],
			"color": 0,
			"children": [33, 34, 35, 36, 37, 38, 39, 40, 41, 42, 43, 44, 45, 46, 47, 48, 49, 50, 51, 52, 53]
		},
		{
			"name": "Side",
			"origin": [12.46096, 24.22906, 6.2498],
			"color": 0,
			"children": [54, 55, 56, 57, 58, 59, 60, 61, 62, 63, 64, 65, 66, 67, 68, 69, 70, 71, 72, 73, 74, 75, 76, 77]
		},
		{
			"name": "sOME SHIT",
			"origin": [7, 0, 5.75],
			"color": 0,
			"children": [78, 79, 80]
		},
		{
			"name": "Buttons",
			"origin": [11.73958, 31.50812, 4.25],
			"color": 0,
			"children": [81, 82, 83, 84, 85, 86, 87, 88, 89, 90, 91, 92]
		},
		{
			"name": "Head",
			"origin": [10.98958, 30.25812, 4.25],
			"color": 0,
			"children": [93, 94, 95, 96, 97]
		}
	]
}