{
	"format_version": "1.21.6",
	"credit": "Made by BearBruno",
	"texture_size": [32, 32],
	"textures": {
		"0": "item/misc/bjornheim_ticket",
		"particle": "item/misc/bjornheim_ticket"
	},
	"elements": [
		{
			"from": [14.5, 6, 7.5],
			"to": [15.25, 6.5, 8.5],
			"rotation": {"angle": 0, "axis": "y", "origin": [1.5, -0.5, 7]},
			"faces": {
				"north": {"uv": [1.5, 0.5, 1.5, 0.5], "texture": "#0"},
				"east": {"uv": [1, 0.5, 1.5, 0.5], "texture": "#0"},
				"south": {"uv": [2, 0.5, 2, 0.5], "texture": "#0"},
				"west": {"uv": [1.5, 0.5, 2, 0.5], "texture": "#0"},
				"up": {"uv": [1.5, 0.5, 1.5, 0], "texture": "#0"},
				"down": {"uv": [1.5, 0, 1.5, 0.5], "texture": "#0"}
			}
		},
		{
			"from": [14.5, 4, 7.5],
			"to": [15.25, 4.5, 8.5],
			"rotation": {"angle": 0, "axis": "y", "origin": [1.5, -2.5, 7]},
			"faces": {
				"north": {"uv": [1.5, 0.5, 1.5, 0.5], "texture": "#0"},
				"east": {"uv": [1, 0.5, 1.5, 0.5], "texture": "#0"},
				"south": {"uv": [2, 0.5, 2, 0.5], "texture": "#0"},
				"west": {"uv": [1.5, 0.5, 2, 0.5], "texture": "#0"},
				"up": {"uv": [1.5, 0.5, 1.5, 0], "texture": "#0"},
				"down": {"uv": [1.5, 0, 1.5, 0.5], "texture": "#0"}
			}
		},
		{
			"from": [14.5, 5, 7.5],
			"to": [15.25, 5.5, 8.5],
			"rotation": {"angle": 0, "axis": "y", "origin": [1.5, -1.5, 7]},
			"faces": {
				"north": {"uv": [1.5, 0.5, 1.5, 0.5], "texture": "#0"},
				"east": {"uv": [1, 0.5, 1.5, 0.5], "texture": "#0"},
				"south": {"uv": [2, 0.5, 2, 0.5], "texture": "#0"},
				"west": {"uv": [1.5, 0.5, 2, 0.5], "texture": "#0"},
				"up": {"uv": [1.5, 0.5, 1.5, 0], "texture": "#0"},
				"down": {"uv": [1.5, 0, 1.5, 0.5], "texture": "#0"}
			}
		},
		{
			"from": [14.5, 3, 7.5],
			"to": [15.25, 3.5, 8.5],
			"rotation": {"angle": 0, "axis": "y", "origin": [1.5, -3.5, 7]},
			"faces": {
				"north": {"uv": [1.5, 0.5, 1.5, 0.5], "texture": "#0"},
				"east": {"uv": [1, 0.5, 1.5, 0.5], "texture": "#0"},
				"south": {"uv": [2, 0.5, 2, 0.5], "texture": "#0"},
				"west": {"uv": [1.5, 0.5, 2, 0.5], "texture": "#0"},
				"up": {"uv": [1.5, 0.5, 1.5, 0], "texture": "#0"},
				"down": {"uv": [1.5, 0, 1.5, 0.5], "texture": "#0"}
			}
		},
		{
			"from": [14.5, 2, 7.5],
			"to": [15.25, 2.5, 8.5],
			"rotation": {"angle": 0, "axis": "y", "origin": [1.5, -4.5, 7]},
			"faces": {
				"north": {"uv": [1.5, 0.5, 1.5, 0.5], "texture": "#0"},
				"east": {"uv": [1, 0.5, 1.5, 0.5], "texture": "#0"},
				"south": {"uv": [2, 0.5, 2, 0.5], "texture": "#0"},
				"west": {"uv": [1.5, 0.5, 2, 0.5], "texture": "#0"},
				"up": {"uv": [1.5, 0.5, 1.5, 0], "texture": "#0"},
				"down": {"uv": [1.5, 0, 1.5, 0.5], "texture": "#0"}
			}
		},
		{
			"from": [14.5, 0, 7.5],
			"to": [15.25, 0.5, 8.5],
			"rotation": {"angle": 0, "axis": "y", "origin": [1.5, -6.5, 7]},
			"faces": {
				"north": {"uv": [1.5, 0.5, 1.5, 0.5], "texture": "#0"},
				"east": {"uv": [1, 0.5, 1.5, 0.5], "texture": "#0"},
				"south": {"uv": [2, 0.5, 2, 0.5], "texture": "#0"},
				"west": {"uv": [1.5, 0.5, 2, 0.5], "texture": "#0"},
				"up": {"uv": [1.5, 0.5, 1.5, 0], "texture": "#0"},
				"down": {"uv": [1.5, 0, 1.5, 0.5], "texture": "#0"}
			}
		},
		{
			"from": [14.5, 1, 7.5],
			"to": [15.25, 1.5, 8.5],
			"rotation": {"angle": 0, "axis": "y", "origin": [1.5, -5.5, 7]},
			"faces": {
				"north": {"uv": [1.5, 0.5, 1.5, 0.5], "texture": "#0"},
				"east": {"uv": [1, 0.5, 1.5, 0.5], "texture": "#0"},
				"south": {"uv": [2, 0.5, 2, 0.5], "texture": "#0"},
				"west": {"uv": [1.5, 0.5, 2, 0.5], "texture": "#0"},
				"up": {"uv": [1.5, 0.5, 1.5, 0], "texture": "#0"},
				"down": {"uv": [1.5, 0, 1.5, 0.5], "texture": "#0"}
			}
		},
		{
			"from": [0.75, 6, 7.5],
			"to": [1.5, 6.5, 8.5],
			"rotation": {"angle": 0, "axis": "y", "origin": [-12.25, -0.5, 7]},
			"faces": {
				"north": {"uv": [1.5, 0.5, 1.5, 0.5], "texture": "#0"},
				"east": {"uv": [1, 0.5, 1.5, 0.5], "texture": "#0"},
				"south": {"uv": [2, 0.5, 2, 0.5], "texture": "#0"},
				"west": {"uv": [1.5, 0.5, 2, 0.5], "texture": "#0"},
				"up": {"uv": [1.5, 0.5, 1.5, 0], "texture": "#0"},
				"down": {"uv": [1.5, 0, 1.5, 0.5], "texture": "#0"}
			}
		},
		{
			"from": [0.75, 4, 7.5],
			"to": [1.5, 4.5, 8.5],
			"rotation": {"angle": 0, "axis": "y", "origin": [-12.25, -2.5, 7]},
			"faces": {
				"north": {"uv": [1.5, 0.5, 1.5, 0.5], "texture": "#0"},
				"east": {"uv": [1, 0.5, 1.5, 0.5], "texture": "#0"},
				"south": {"uv": [2, 0.5, 2, 0.5], "texture": "#0"},
				"west": {"uv": [1.5, 0.5, 2, 0.5], "texture": "#0"},
				"up": {"uv": [1.5, 0.5, 1.5, 0], "texture": "#0"},
				"down": {"uv": [1.5, 0, 1.5, 0.5], "texture": "#0"}
			}
		},
		{
			"from": [0.75, 5, 7.5],
			"to": [1.5, 5.5, 8.5],
			"rotation": {"angle": 0, "axis": "y", "origin": [-12.25, -1.5, 7]},
			"faces": {
				"north": {"uv": [1.5, 0.5, 1.5, 0.5], "texture": "#0"},
				"east": {"uv": [1, 0.5, 1.5, 0.5], "texture": "#0"},
				"south": {"uv": [2, 0.5, 2, 0.5], "texture": "#0"},
				"west": {"uv": [1.5, 0.5, 2, 0.5], "texture": "#0"},
				"up": {"uv": [1.5, 0.5, 1.5, 0], "texture": "#0"},
				"down": {"uv": [1.5, 0, 1.5, 0.5], "texture": "#0"}
			}
		},
		{
			"from": [0.75, 3, 7.5],
			"to": [1.5, 3.5, 8.5],
			"rotation": {"angle": 0, "axis": "y", "origin": [-12.25, -3.5, 7]},
			"faces": {
				"north": {"uv": [1.5, 0.5, 1.5, 0.5], "texture": "#0"},
				"east": {"uv": [1, 0.5, 1.5, 0.5], "texture": "#0"},
				"south": {"uv": [2, 0.5, 2, 0.5], "texture": "#0"},
				"west": {"uv": [1.5, 0.5, 2, 0.5], "texture": "#0"},
				"up": {"uv": [1.5, 0.5, 1.5, 0], "texture": "#0"},
				"down": {"uv": [1.5, 0, 1.5, 0.5], "texture": "#0"}
			}
		},
		{
			"from": [0.75, 2, 7.5],
			"to": [1.5, 2.5, 8.5],
			"rotation": {"angle": 0, "axis": "y", "origin": [-12.25, -4.5, 7]},
			"faces": {
				"north": {"uv": [1.5, 0.5, 1.5, 0.5], "texture": "#0"},
				"east": {"uv": [1, 0.5, 1.5, 0.5], "texture": "#0"},
				"south": {"uv": [2, 0.5, 2, 0.5], "texture": "#0"},
				"west": {"uv": [1.5, 0.5, 2, 0.5], "texture": "#0"},
				"up": {"uv": [1.5, 0.5, 1.5, 0], "texture": "#0"},
				"down": {"uv": [1.5, 0, 1.5, 0.5], "texture": "#0"}
			}
		},
		{
			"from": [0.75, 0, 7.5],
			"to": [1.5, 0.5, 8.5],
			"rotation": {"angle": 0, "axis": "y", "origin": [-12.25, -6.5, 7]},
			"faces": {
				"north": {"uv": [1.5, 0.5, 1.5, 0.5], "texture": "#0"},
				"east": {"uv": [1, 0.5, 1.5, 0.5], "texture": "#0"},
				"south": {"uv": [2, 0.5, 2, 0.5], "texture": "#0"},
				"west": {"uv": [1.5, 0.5, 2, 0.5], "texture": "#0"},
				"up": {"uv": [1.5, 0.5, 1.5, 0], "texture": "#0"},
				"down": {"uv": [1.5, 0, 1.5, 0.5], "texture": "#0"}
			}
		},
		{
			"from": [0.75, 1, 7.5],
			"to": [1.5, 1.5, 8.5],
			"rotation": {"angle": 0, "axis": "y", "origin": [-12.25, -5.5, 7]},
			"faces": {
				"north": {"uv": [1.5, 0.5, 1.5, 0.5], "texture": "#0"},
				"east": {"uv": [1, 0.5, 1.5, 0.5], "texture": "#0"},
				"south": {"uv": [2, 0.5, 2, 0.5], "texture": "#0"},
				"west": {"uv": [1.5, 0.5, 2, 0.5], "texture": "#0"},
				"up": {"uv": [1.5, 0.5, 1.5, 0], "texture": "#0"},
				"down": {"uv": [1.5, 0, 1.5, 0.5], "texture": "#0"}
			}
		},
		{
			"from": [1.5, 0, 7.5],
			"to": [14.5, 6.5, 8.5],
			"rotation": {"angle": 0, "axis": "y", "origin": [0, 0, 7]},
			"faces": {
				"north": {"uv": [0.5, 0.5, 7, 3.5], "texture": "#0"},
				"east": {"uv": [0, 0.5, 0.5, 3.5], "texture": "#0"},
				"south": {"uv": [7.5, 0.5, 14, 3.5], "texture": "#0"},
				"west": {"uv": [7, 0.5, 7.5, 3.5], "texture": "#0"},
				"up": {"uv": [7, 0.5, 0.5, 0], "texture": "#0"},
				"down": {"uv": [13.5, 0, 7, 0.5], "texture": "#0"}
			}
		}
	],
	"display": {
		"thirdperson_righthand": {
			"rotation": [79, 0, 0],
			"translation": [0.5, 0.5, 3.25],
			"scale": [0.4, 0.4, 0.4]
		},
		"thirdperson_lefthand": {
			"rotation": [79, 0, 0],
			"translation": [0.5, 0.5, 3.25],
			"scale": [0.4, 0.4, 0.4]
		},
		"firstperson_righthand": {
			"rotation": [0, 110, 0],
			"translation": [0.25, 5.5, 1.25],
			"scale": [0.6, 0.6, 0.6]
		},
		"firstperson_lefthand": {
			"rotation": [0, 110, 0],
			"translation": [0.25, 5.5, 1.25],
			"scale": [0.6, 0.6, 0.6]
		},
		"ground": {
			"translation": [0, 3, 0],
			"scale": [0.6, 0.6, 0.6]
		},
		"gui": {
			"rotation": [-180, 0, 140],
			"translation": [-3.25, 3.75, 0]
		},
		"head": {
			"rotation": [16, 0, 0],
			"translation": [0, 12, 0],
			"scale": [0.72, 0.72, 0.72]
		},
		"fixed": {
			"translation": [0, 6.25, 0],
			"scale": [1.3, 1.3, 1.3]
		},
		"on_shelf": {
			"rotation": [-180, 0, 0],
			"translation": [0, 10.25, -3]
		}
	}
}