{
	"format_version": "1.21.6",
	"credit": "Made with Blockbench",
	"parent": "item/paintings/1x2/template",
	"texture_size": [64, 32],
	"textures": {
		"0": "item/paintings/1x2/dino_bath",
		"particle": "item/paintings/1x2/dino_bath"
	},
	"elements": [
		{
			"from": [16, 0, 8],
			"to": [-16, 16, 7],
			"rotation": {"angle": 0, "axis": "y", "origin": [16, 0, 8]},
			"faces": {
				"north": {"uv": [0, 0, 16, 16], "texture": "#back"},
				"east": {"uv": [15.75, 0, 16, 16], "texture": "#0"},
				"south": {"uv": [0, 0, 16, 16], "texture": "#0"},
				"west": {"uv": [0, 0, 0.25, 16], "texture": "#0"},
				"up": {"uv": [0, 0, 16, 0.5], "texture": "#0"},
				"down": {"uv": [0, 15.5, 16, 16], "texture": "#0"}
			}
		}
	],
	"display": {
		"thirdperson_righthand": {
			"rotation": [0, 90, 0],
			"translation": [0, 2, -2.75],
			"scale": [0.28, 0.28, 0.28]
		},
		"thirdperson_lefthand": {
			"rotation": [0, 90, 0],
			"translation": [0, 2, -2.75],
			"scale": [0.28, 0.28, 0.28]
		},
		"firstperson_righthand": {
			"rotation": [0, 180, 0],
			"translation": [-1.5, 2.5, 0],
			"scale": [0.3, 0.3, 0.3]
		},
		"firstperson_lefthand": {
			"rotation": [0, -180, 0],
			"translation": [3.25, 2.5, 0],
			"scale": [0.3, 0.3, 0.3]
		},
		"ground": {
			"translation": [3, 4, 0],
			"scale": [0.43, 0.43, 0.43]
		},
		"gui": {
			"rotation": [0, 180, 0],
			"translation": [-3.5, 0, 0],
			"scale": [0.45, 0.45, 0.45]
		},
		"head": {
			"rotation": [90, 0, 0],
			"translation": [8, 6.5, 0]
		},
		"fixed": {
			"translation": [32, 0, 0],
			"scale": [2, 2, 2]
		},
		"on_shelf": {
			"rotation": [0, 180, 0],
			"scale": [0.45, 0.45, 0.45]
		}
	}
}