{
	"credit": "Made by Nog's Menagerie",
	"texture_size": [32, 32],
	"render_type": "minecraft:cutout",
	"textures": {
		"0": "item/plushies/plushie_pufferfish",
		"particle": "item/plushies/plushie_pufferfish"
	},
	"elements": [
		{
			"name": "head",
			"from": [5, 0, 4.8],
			"to": [11, 6, 10.8],
			"rotation": {"angle": 0, "axis": "y", "origin": [8, 2.0045, 6.90355]},
			"faces": {
				"north": {"uv": [0, 0, 3, 3], "texture": "#0"},
				"east": {"uv": [0, 3, 3, 6], "texture": "#0"},
				"south": {"uv": [3, 0, 6, 3], "texture": "#0"},
				"west": {"uv": [3, 3, 6, 6], "texture": "#0"},
				"up": {"uv": [3, 9, 0, 6], "texture": "#0"},
				"down": {"uv": [9, 0, 6, 3], "texture": "#0"}
			}
		},
		{
			"name": "head",
			"from": [10.75, 4.58, 5.8],
			"to": [12.75, 4.58, 7.8],
			"rotation": {"angle": -22.5, "axis": "z", "origin": [12, 4.6, 6.8]},
			"faces": {
				"north": {"uv": [0, 0, 1, 0], "texture": "#0"},
				"east": {"uv": [0, 0, 1, 0], "texture": "#0"},
				"south": {"uv": [0, 0, 1, 0], "texture": "#0"},
				"west": {"uv": [0, 0, 1, 0], "texture": "#0"},
				"up": {"uv": [8, 8.5, 7, 7.5], "texture": "#0"},
				"down": {"uv": [9, 7.5, 8, 8.5], "texture": "#0"}
			}
		},
		{
			"name": "head",
			"from": [3.25, 4.58, 5.8],
			"to": [5.25, 4.58, 7.8],
			"rotation": {"angle": 22.5, "axis": "z", "origin": [4, 4.6, 6.8]},
			"faces": {
				"north": {"uv": [0, 0, 1, 0], "texture": "#0"},
				"east": {"uv": [0, 0, 1, 0], "texture": "#0"},
				"south": {"uv": [0, 0, 1, 0], "texture": "#0"},
				"west": {"uv": [0, 0, 1, 0], "texture": "#0"},
				"up": {"uv": [8, 9.5, 7, 8.5], "texture": "#0"},
				"down": {"uv": [9, 8.5, 8, 9.5], "texture": "#0"}
			}
		},
		{
			"name": "head",
			"from": [5, 6.7064, 4.09219],
			"to": [11, 6.7064, 5.09219],
			"rotation": {"angle": 45, "axis": "x", "origin": [6, 6.7064, 4.09219]},
			"faces": {
				"north": {"uv": [0, 0, 3, 0], "texture": "#0"},
				"east": {"uv": [0, 0, 0.5, 0], "texture": "#0"},
				"south": {"uv": [0, 0, 3, 0], "texture": "#0"},
				"west": {"uv": [0, 0, 0.5, 0], "texture": "#0"},
				"up": {"uv": [6, 6.5, 3, 6], "texture": "#0"},
				"down": {"uv": [9, 3, 6, 3.5], "texture": "#0"}
			}
		},
		{
			"name": "head",
			"from": [5, 6, 7.8],
			"to": [11, 7, 7.8],
			"rotation": {"angle": 0, "axis": "y", "origin": [8, 6.5, 4.8]},
			"faces": {
				"north": {"uv": [6, 3.5, 9, 4], "texture": "#0"},
				"east": {"uv": [0, 0, 0, 0.5], "texture": "#0"},
				"south": {"uv": [6, 4, 9, 4.5], "texture": "#0"},
				"west": {"uv": [0, 0, 0, 0.5], "texture": "#0"},
				"up": {"uv": [3, 0, 0, 0], "texture": "#0"},
				"down": {"uv": [3, 0, 0, 0], "texture": "#0"}
			}
		},
		{
			"name": "head",
			"from": [5, 0.05, 3.8],
			"to": [11, 0.05, 4.8],
			"rotation": {"angle": 0, "axis": "y", "origin": [8, -0.001, 4.3]},
			"faces": {
				"north": {"uv": [0, 0, 3, 0], "texture": "#0"},
				"east": {"uv": [0, 0, 0.5, 0], "texture": "#0"},
				"south": {"uv": [0, 0, 3, 0], "texture": "#0"},
				"west": {"uv": [0, 0, 0.5, 0], "texture": "#0"},
				"up": {"uv": [9, 5, 6, 4.5], "texture": "#0"},
				"down": {"uv": [9, 5, 6, 5.5], "texture": "#0"}
			}
		},
		{
			"name": "head",
			"from": [4.64574, 0, 3.94715],
			"to": [4.64574, 6, 4.94715],
			"rotation": {"angle": 45, "axis": "y", "origin": [4.64574, 3, 4.44715]},
			"faces": {
				"north": {"uv": [0, 0, 0, 3], "texture": "#0"},
				"east": {"uv": [6, 5.5, 6.5, 8.5], "texture": "#0"},
				"south": {"uv": [0, 0, 0, 3], "texture": "#0"},
				"west": {"uv": [3, 6.5, 3.5, 9.5], "texture": "#0"},
				"up": {"uv": [0, 0.5, 0, 0], "texture": "#0"},
				"down": {"uv": [0, 0, 0, 0.5], "texture": "#0"}
			}
		},
		{
			"name": "head",
			"from": [11.35426, 0, 3.94715],
			"to": [11.35426, 6, 4.94715],
			"rotation": {"angle": -45, "axis": "y", "origin": [11.35426, 3, 4.44715]},
			"faces": {
				"north": {"uv": [0, 0, 0, 3], "texture": "#0"},
				"east": {"uv": [3.5, 6.5, 4, 9.5], "texture": "#0"},
				"south": {"uv": [0, 0, 0, 3], "texture": "#0"},
				"west": {"uv": [4, 6.5, 4.5, 9.5], "texture": "#0"},
				"up": {"uv": [0, 0.5, 0, 0], "texture": "#0"},
				"down": {"uv": [0, 0, 0, 0.5], "texture": "#0"}
			}
		},
		{
			"name": "head",
			"from": [11.35497, 0, 10.65355],
			"to": [11.35497, 6, 11.65355],
			"rotation": {"angle": 45, "axis": "y", "origin": [11.35497, 3, 11.15355]},
			"faces": {
				"north": {"uv": [0, 0, 0, 3], "texture": "#0"},
				"east": {"uv": [4.5, 6.5, 5, 9.5], "texture": "#0"},
				"south": {"uv": [0, 0, 0, 3], "texture": "#0"},
				"west": {"uv": [5, 6.5, 5.5, 9.5], "texture": "#0"},
				"up": {"uv": [0, 0.5, 0, 0], "texture": "#0"},
				"down": {"uv": [0, 0, 0, 0.5], "texture": "#0"}
			}
		},
		{
			"name": "head",
			"from": [5.00071, 6.7064, 10.50852],
			"to": [11.00071, 6.7064, 11.50852],
			"rotation": {"angle": -45, "axis": "x", "origin": [6.00071, 6.7064, 11.50852]},
			"faces": {
				"north": {"uv": [0, 0, 3, 0], "texture": "#0"},
				"east": {"uv": [0, 0, 0.5, 0], "texture": "#0"},
				"south": {"uv": [0, 0, 3, 0], "texture": "#0"},
				"west": {"uv": [0, 0, 0.5, 0], "texture": "#0"},
				"up": {"uv": [9.5, 6, 6.5, 5.5], "texture": "#0"},
				"down": {"uv": [9.5, 6, 6.5, 6.5], "texture": "#0"}
			}
		},
		{
			"name": "head",
			"from": [5.00071, 0.05, 10.80071],
			"to": [11.00071, 0.05, 11.80071],
			"rotation": {"angle": 0, "axis": "y", "origin": [8.00071, -0.001, 11.30071]},
			"faces": {
				"north": {"uv": [0, 0, 3, 0], "texture": "#0"},
				"east": {"uv": [0, 0, 0.5, 0], "texture": "#0"},
				"south": {"uv": [0, 0, 3, 0], "texture": "#0"},
				"west": {"uv": [0, 0, 0.5, 0], "texture": "#0"},
				"up": {"uv": [9.5, 7, 6.5, 6.5], "texture": "#0"},
				"down": {"uv": [9.5, 7, 6.5, 7.5], "texture": "#0"}
			}
		},
		{
			"name": "head",
			"from": [4.64645, 0, 10.65355],
			"to": [4.64645, 6, 11.65355],
			"rotation": {"angle": -45, "axis": "y", "origin": [4.64645, 3, 11.15355]},
			"faces": {
				"north": {"uv": [0, 0, 0, 3], "texture": "#0"},
				"east": {"uv": [5.5, 6.5, 6, 9.5], "texture": "#0"},
				"south": {"uv": [0, 0, 0, 3], "texture": "#0"},
				"west": {"uv": [6.5, 7.5, 7, 10.5], "texture": "#0"},
				"up": {"uv": [0, 0.5, 0, 0], "texture": "#0"},
				"down": {"uv": [0, 0, 0, 0.5], "texture": "#0"}
			}
		}
	],
	"display": {
		"thirdperson_righthand": {
			"rotation": [2, 138, 0],
			"translation": [0, 5.75, 1.25],
			"scale": [0.86, 0.86, 0.86]
		},
		"thirdperson_lefthand": {
			"rotation": [2, 132, 0],
			"translation": [0, 5.75, 1.25],
			"scale": [0.86, 0.86, 0.86]
		},
		"firstperson_righthand": {
			"rotation": [0, 109, 5],
			"translation": [1.75, 7, 0],
			"scale": [0.92, 0.92, 0.92]
		},
		"firstperson_lefthand": {
			"rotation": [0, 109, 5],
			"translation": [1.75, 7, 0],
			"scale": [0.92, 0.92, 0.92]
		},
		"ground": {
			"translation": [0, 3.5, 0],
			"scale": [0.65, 0.65, 0.65]
		},
		"gui": {
			"rotation": [25, 151, 0],
			"translation": [0.25, 4, 0],
			"scale": [0.93, 0.93, 0.93]
		},
		"head": {
			"translation": [0, 14.4, 0]
		},
		"fixed": {
			"rotation": [-90, 0, 0],
			"translation": [0, 0, -13.75],
			"scale": [1.7, 1.7, 1.7]
		}
	},
	"groups": [
		{
			"name": "nm_plushie_pufferfish",
			"origin": [8, 8, 8],
			"color": 0,
			"children": [0, 1, 2, 3, 4, 5, 6, 7, 8, 9, 10, 11]
		}
	]
}