{
	"format_version": "1.21.6",
	"credit": "Made by Nog's Menagerie",
	"render_type": "minecraft:cutout",
	"texture_size": [32, 32],
	"textures": {
		"0": "item/plushies/plushie_bluu_pupu",
		"particle": "item/plushies/plushie_bluu_pupu"
	},
	"elements": [
		{
			"name": "torso",
			"from": [5.5, 0, 5.75],
			"to": [10.5, 6, 9.75],
			"rotation": {"angle": 0, "axis": "y", "origin": [8, 2.0045, 7.35355]},
			"faces": {
				"north": {"uv": [0, 0, 2.5, 3], "texture": "#0"},
				"east": {"uv": [0, 3, 2, 6], "texture": "#0"},
				"south": {"uv": [2.5, 0, 5, 3], "texture": "#0"},
				"west": {"uv": [2, 3, 4, 6], "texture": "#0"},
				"up": {"uv": [6.5, 5, 4, 3], "texture": "#0"},
				"down": {"uv": [7.5, 0, 5, 2], "texture": "#0"}
			}
		},
		{
			"name": "head",
			"from": [6, 5.25, 4],
			"to": [10, 9.25, 8],
			"rotation": {"angle": -22.5, "axis": "x", "origin": [8, 8, 6.75]},
			"faces": {
				"north": {"uv": [4, 5, 6, 7], "texture": "#0"},
				"east": {"uv": [0, 6, 2, 8], "texture": "#0"},
				"south": {"uv": [2, 6, 4, 8], "texture": "#0"},
				"west": {"uv": [6, 5, 8, 7], "texture": "#0"},
				"up": {"uv": [8.5, 4, 6.5, 2], "texture": "#0"},
				"down": {"uv": [6, 7, 4, 9], "texture": "#0"}
			}
		},
		{
			"name": "beak",
			"from": [6, 5.75, 2],
			"to": [10, 6.75, 4],
			"rotation": {"angle": -22.5, "axis": "x", "origin": [8, 8, 6.75]},
			"faces": {
				"north": {"uv": [9, 0, 11, 0.5], "texture": "#0"},
				"east": {"uv": [5.5, 9, 6.5, 9.5], "texture": "#0"},
				"south": {"uv": [9, 0.5, 11, 1], "texture": "#0"},
				"west": {"uv": [6.5, 9, 7.5, 9.5], "texture": "#0"},
				"up": {"uv": [8.5, 5, 6.5, 4], "texture": "#0"},
				"down": {"uv": [3.5, 8, 1.5, 9], "texture": "#0"}
			}
		},
		{
			"name": "redwobblybit",
			"from": [7, 4.75, 3],
			"to": [9, 5.75, 4],
			"rotation": {"angle": -22.5, "axis": "x", "origin": [8, 8, 6.75]},
			"faces": {
				"north": {"uv": [9, 7, 10, 7.5], "texture": "#0"},
				"east": {"uv": [6.5, 9.5, 7, 10], "texture": "#0"},
				"south": {"uv": [7.5, 9, 8.5, 9.5], "texture": "#0"},
				"west": {"uv": [7, 9.5, 7.5, 10], "texture": "#0"},
				"up": {"uv": [10, 8, 9, 7.5], "texture": "#0"},
				"down": {"uv": [10, 8, 9, 8.5], "texture": "#0"}
			}
		},
		{
			"name": "right_leg",
			"from": [9.25, 0.01, 3.5],
			"to": [10.25, 0.01, 5.5],
			"rotation": {"angle": -22.5, "axis": "y", "origin": [8, 0.01, 4.75]},
			"faces": {
				"north": {"uv": [0, 0, 0.5, 0], "texture": "#0"},
				"east": {"uv": [0, 0, 1, 0], "texture": "#0"},
				"south": {"uv": [0, 0, 0.5, 0], "texture": "#0"},
				"west": {"uv": [0, 0, 1, 0], "texture": "#0"},
				"up": {"uv": [9, 10, 8.5, 9], "texture": "#0"},
				"down": {"uv": [9.5, 8.5, 9, 9.5], "texture": "#0"}
			}
		},
		{
			"name": "right_foot",
			"from": [8.25, 0.01, 3.5],
			"to": [11.25, 2.01, 3.5],
			"rotation": {"angle": -22.5, "axis": "y", "origin": [8, 0.01, 4.75]},
			"faces": {
				"north": {"uv": [5, 2, 6.5, 3], "texture": "#0"},
				"east": {"uv": [0, 0, 0, 1], "texture": "#0"},
				"south": {"uv": [8, 5, 9.5, 6], "texture": "#0"},
				"west": {"uv": [0, 0, 0, 1], "texture": "#0"},
				"up": {"uv": [1.5, 0, 0, 0], "texture": "#0"},
				"down": {"uv": [1.5, 0, 0, 0], "texture": "#0"}
			}
		},
		{
			"name": "left_foot",
			"from": [4.75, 0.01, 3.5],
			"to": [7.75, 2.01, 3.5],
			"rotation": {"angle": 22.5, "axis": "y", "origin": [8, 0.01, 4.75]},
			"faces": {
				"north": {"uv": [8, 6, 9.5, 7], "texture": "#0"},
				"east": {"uv": [0, 0, 0, 1], "texture": "#0"},
				"south": {"uv": [8.5, 2, 10, 3], "texture": "#0"},
				"west": {"uv": [0, 0, 0, 1], "texture": "#0"},
				"up": {"uv": [1.5, 0, 0, 0], "texture": "#0"},
				"down": {"uv": [1.5, 0, 0, 0], "texture": "#0"}
			}
		},
		{
			"name": "leg_leg",
			"from": [5.75, 0.01, 3.5],
			"to": [6.75, 0.01, 5.5],
			"rotation": {"angle": 22.5, "axis": "y", "origin": [8, 0.01, 4.75]},
			"faces": {
				"north": {"uv": [0, 0, 0.5, 0], "texture": "#0"},
				"east": {"uv": [0, 0, 1, 0], "texture": "#0"},
				"south": {"uv": [0, 0, 0.5, 0], "texture": "#0"},
				"west": {"uv": [0, 0, 1, 0], "texture": "#0"},
				"up": {"uv": [10, 6, 9.5, 5], "texture": "#0"},
				"down": {"uv": [6, 9.5, 5.5, 10.5], "texture": "#0"}
			}
		},
		{
			"name": "right_wing",
			"from": [10.75, 1.025, 6.25],
			"to": [11.75, 5.025, 9.25],
			"rotation": {"angle": 22.5, "axis": "z", "origin": [11, 3.025, 7.75]},
			"faces": {
				"north": {"uv": [3.5, 8, 4, 10], "texture": "#0"},
				"east": {"uv": [6, 7, 7.5, 9], "texture": "#0"},
				"south": {"uv": [1.5, 9, 2, 11], "texture": "#0"},
				"west": {"uv": [7.5, 0, 9, 2], "texture": "#0"},
				"up": {"uv": [3.5, 10.5, 3, 9], "texture": "#0"},
				"down": {"uv": [4.5, 9, 4, 10.5], "texture": "#0"}
			}
		},
		{
			"name": "left_wing",
			"from": [4.25, 1.025, 6.25],
			"to": [5.25, 5.025, 9.25],
			"rotation": {"angle": -22.5, "axis": "z", "origin": [5, 3.025, 7.75]},
			"faces": {
				"north": {"uv": [2, 9, 2.5, 11], "texture": "#0"},
				"east": {"uv": [7.5, 7, 9, 9], "texture": "#0"},
				"south": {"uv": [2.5, 9, 3, 11], "texture": "#0"},
				"west": {"uv": [0, 8, 1.5, 10], "texture": "#0"},
				"up": {"uv": [5, 10.5, 4.5, 9], "texture": "#0"},
				"down": {"uv": [5.5, 9, 5, 10.5], "texture": "#0"}
			}
		},
		{
			"name": "tail",
			"from": [6.5, 0, 9.75],
			"to": [9.5, 2, 10.75],
			"rotation": {"angle": 0, "axis": "y", "origin": [8, 2.0045, 7.35355]},
			"faces": {
				"north": {"uv": [8.5, 3, 10, 4], "texture": "#0"},
				"east": {"uv": [6, 9.5, 6.5, 10.5], "texture": "#0"},
				"south": {"uv": [8.5, 4, 10, 5], "texture": "#0"},
				"west": {"uv": [9.5, 6, 10, 7], "texture": "#0"},
				"up": {"uv": [10.5, 1.5, 9, 1], "texture": "#0"},
				"down": {"uv": [10.5, 1.5, 9, 2], "texture": "#0"}
			}
		},
		{
			"name": "hair",
			"from": [9, 8.1, 3.75],
			"to": [10, 9.1, 8.75],
			"rotation": {"angle": -22.5, "axis": "x", "origin": [9, 8, 3.75]},
			"faces": {
				"north": {"uv": [0, 0, 0.5, 0.125], "texture": "#0"},
				"east": {"uv": [0, 0, 1.5, 0.125], "texture": "#0"},
				"south": {"uv": [0, 0, 0.5, 0.125], "texture": "#0"},
				"west": {"uv": [0, 0, 1.5, 0.125], "texture": "#0"},
				"up": {"uv": [6, 4.5, 6.5, 7.5], "texture": "#0"},
				"down": {"uv": [0, 0, 0.5, 1.5], "texture": "#0"}
			}
		},
		{
			"name": "hair",
			"from": [8, 8.1, 3.75],
			"to": [9, 9.1, 8.25],
			"rotation": {"angle": -22.5, "axis": "x", "origin": [8, 8, 3.75]},
			"faces": {
				"north": {"uv": [0, 0, 0.5, 0.125], "texture": "#0"},
				"east": {"uv": [0, 0, 1, 0.125], "texture": "#0"},
				"south": {"uv": [0, 0, 0.5, 0.125], "texture": "#0"},
				"west": {"uv": [0, 0, 1, 0.125], "texture": "#0"},
				"up": {"uv": [1.5, 6, 1, 8.5], "texture": "#0"},
				"down": {"uv": [0, 0, 0.5, 1], "texture": "#0"}
			}
		},
		{
			"name": "hair",
			"from": [7, 8.1, 3.75],
			"to": [8, 9.1, 8.25],
			"rotation": {"angle": -22.5, "axis": "x", "origin": [7, 8, 3.75]},
			"faces": {
				"north": {"uv": [0, 0, 0.5, 0.125], "texture": "#0"},
				"east": {"uv": [0, 0, 1, 0.125], "texture": "#0"},
				"south": {"uv": [0, 0, 0.5, 0.125], "texture": "#0"},
				"west": {"uv": [0, 0, 1, 0.125], "texture": "#0"},
				"up": {"uv": [4, 6, 3.5, 8.5], "texture": "#0"},
				"down": {"uv": [0, 0, 0.5, 1], "texture": "#0"}
			}
		},
		{
			"name": "hair",
			"from": [6, 8.1, 3.75],
			"to": [7, 9.1, 8.75],
			"rotation": {"angle": -22.5, "axis": "x", "origin": [6, 8, 3.75]},
			"faces": {
				"north": {"uv": [0, 0, 0.5, 0.125], "texture": "#0"},
				"east": {"uv": [0, 0, 1.5, 0.125], "texture": "#0"},
				"south": {"uv": [0, 0, 0.5, 0.125], "texture": "#0"},
				"west": {"uv": [0, 0, 1.5, 0.125], "texture": "#0"},
				"up": {"uv": [6, 4.5, 6.5, 7.5], "texture": "#0"},
				"down": {"uv": [0, 0, 0.5, 1.5], "texture": "#0"}
			}
		},
		{
			"name": "hair",
			"from": [5.5, 8.52, 6.75],
			"to": [6, 9.52, 7.75],
			"rotation": {"angle": -22.5, "axis": "x", "origin": [5, 8.5, 4.75]},
			"faces": {
				"north": {"uv": [0, 0, 0.5, 0.125], "texture": "#0"},
				"east": {"uv": [0, 0, 1.5, 0.125], "texture": "#0"},
				"south": {"uv": [0, 0, 0.5, 0.125], "texture": "#0"},
				"west": {"uv": [3.5, 0.5, 4, 0.625], "texture": "#0"},
				"up": {"uv": [5, 3.5, 5.5, 4], "texture": "#0"},
				"down": {"uv": [0, 0, 0.5, 1.5], "texture": "#0"}
			}
		},
		{
			"name": "hair",
			"from": [10, 8.52, 6.75],
			"to": [10.5, 9.52, 7.75],
			"rotation": {"angle": -22.5, "axis": "x", "origin": [10, 8.5, 4.75]},
			"faces": {
				"north": {"uv": [0, 0, 0.5, 0.125], "texture": "#0"},
				"east": {"uv": [0, 0, 1.5, 0.125], "texture": "#0"},
				"south": {"uv": [0, 0, 0.5, 0.125], "texture": "#0"},
				"west": {"uv": [3.5, 0.5, 4, 0.625], "texture": "#0"},
				"up": {"uv": [5, 3.5, 5.5, 4], "texture": "#0"},
				"down": {"uv": [0, 0, 0.5, 1.5], "texture": "#0"}
			}
		}
	],
	"display": {
		"thirdperson_righthand": {
			"rotation": [2, 138, 0],
			"translation": [0, 5.75, 1.25],
			"scale": [0.86, 0.86, 0.86]
		},
		"thirdperson_lefthand": {
			"rotation": [2, 132, 0],
			"translation": [0, 5.75, 1.25],
			"scale": [0.86, 0.86, 0.86]
		},
		"firstperson_righthand": {
			"rotation": [0, 109, 5],
			"translation": [1.75, 7, 0],
			"scale": [0.92, 0.92, 0.92]
		},
		"firstperson_lefthand": {
			"rotation": [0, 109, 5],
			"translation": [1.75, 7, 0],
			"scale": [0.92, 0.92, 0.92]
		},
		"ground": {
			"translation": [0, 3.5, 0],
			"scale": [0.65, 0.65, 0.65]
		},
		"gui": {
			"rotation": [25, 151, 0],
			"translation": [0.25, 3, 0],
			"scale": [0.93, 0.93, 0.93]
		},
		"head": {
			"translation": [0, 14.4, 0]
		},
		"fixed": {
			"rotation": [-90, 0, 0],
			"translation": [0, 2, -13.75],
			"scale": [1.7, 1.7, 1.7]
		},
		"on_shelf": {
			"rotation": [0, -180, 0],
			"translation": [0, 1.75, 0]
		}
	},
	"groups": [
		{
			"name": "nm_plushie_chicken",
			"origin": [8, 8, 8],
			"color": 0,
			"children": [0, 1, 2, 3, 4, 5, 6, 7, 8, 9, 10, 11, 12, 13, 14, 15, 16]
		}
	]
}