{
	"format_version": "1.21.6",
	"credit": "Made with Blockbench",
	"textures": {
		"0": "item/food/candy_cane_bruno/white_cane",
		"1": "item/food/candy_cane_bruno/red_cane",
		"particle": "item/food/candy_cane_bruno/white_cane"
	},
	"elements": [
		{
			"from": [5, 0, 7],
			"to": [7, 2, 9],
			"rotation": {"angle": 0, "axis": "y", "origin": [5, 0, 7]},
			"faces": {
				"north": {"uv": [0, 0, 2, 2], "texture": "#0"},
				"east": {"uv": [0, 2, 2, 4], "texture": "#0"},
				"south": {"uv": [2, 0, 4, 2], "texture": "#0"},
				"west": {"uv": [2, 2, 4, 4], "texture": "#0"},
				"up": {"uv": [2, 6, 0, 4], "texture": "#0"},
				"down": {"uv": [6, 0, 4, 2], "texture": "#0"}
			}
		},
		{
			"from": [5, 4, 7],
			"to": [7, 6, 9],
			"rotation": {"angle": 0, "axis": "y", "origin": [5, 4, 7]},
			"faces": {
				"north": {"uv": [6, 2, 8, 4], "texture": "#0"},
				"east": {"uv": [4, 6, 6, 8], "texture": "#0"},
				"south": {"uv": [6, 4, 8, 6], "texture": "#0"},
				"west": {"uv": [6, 6, 8, 8], "texture": "#0"},
				"up": {"uv": [2, 10, 0, 8], "texture": "#0"},
				"down": {"uv": [10, 0, 8, 2], "texture": "#0"}
			}
		},
		{
			"from": [5, 8, 7],
			"to": [7, 10, 9],
			"rotation": {"angle": 0, "axis": "y", "origin": [5, 8, 7]},
			"faces": {
				"north": {"uv": [8, 8, 10, 10], "texture": "#0"},
				"east": {"uv": [0, 10, 2, 12], "texture": "#0"},
				"south": {"uv": [10, 0, 12, 2], "texture": "#0"},
				"west": {"uv": [2, 10, 4, 12], "texture": "#0"},
				"up": {"uv": [12, 4, 10, 2], "texture": "#0"},
				"down": {"uv": [6, 10, 4, 12], "texture": "#0"}
			}
		},
		{
			"from": [8, 11, 7],
			"to": [10, 13, 9],
			"rotation": {"angle": 0, "axis": "y", "origin": [8, 11, 7]},
			"faces": {
				"north": {"uv": [0, 12, 2, 14], "texture": "#0"},
				"east": {"uv": [12, 0, 14, 2], "texture": "#0"},
				"south": {"uv": [2, 12, 4, 14], "texture": "#0"},
				"west": {"uv": [12, 2, 14, 4], "texture": "#0"},
				"up": {"uv": [6, 14, 4, 12], "texture": "#0"},
				"down": {"uv": [14, 4, 12, 6], "texture": "#0"}
			}
		},
		{
			"from": [11, 8, 7],
			"to": [13, 10, 9],
			"rotation": {"angle": 0, "axis": "y", "origin": [11, 8, 7]},
			"faces": {
				"north": {"uv": [12, 12, 14, 14], "texture": "#0"},
				"east": {"uv": [0, 14, 2, 16], "texture": "#0"},
				"south": {"uv": [14, 0, 16, 2], "texture": "#0"},
				"west": {"uv": [2, 14, 4, 16], "texture": "#0"},
				"up": {"uv": [16, 4, 14, 2], "texture": "#0"},
				"down": {"uv": [6, 14, 4, 16], "texture": "#0"}
			}
		},
		{
			"from": [5, 2, 7],
			"to": [7, 4, 9],
			"rotation": {"angle": 0, "axis": "y", "origin": [5, 2, 7]},
			"faces": {
				"north": {"uv": [2, 4, 4, 6], "texture": "#1"},
				"east": {"uv": [4, 2, 6, 4], "texture": "#1"},
				"south": {"uv": [4, 4, 6, 6], "texture": "#1"},
				"west": {"uv": [0, 6, 2, 8], "texture": "#1"},
				"up": {"uv": [8, 2, 6, 0], "texture": "#1"},
				"down": {"uv": [4, 6, 2, 8], "texture": "#1"}
			}
		},
		{
			"from": [5, 6, 7],
			"to": [7, 8, 9],
			"rotation": {"angle": 0, "axis": "y", "origin": [5, 6, 7]},
			"faces": {
				"north": {"uv": [2, 8, 4, 10], "texture": "#1"},
				"east": {"uv": [8, 2, 10, 4], "texture": "#1"},
				"south": {"uv": [4, 8, 6, 10], "texture": "#1"},
				"west": {"uv": [8, 4, 10, 6], "texture": "#1"},
				"up": {"uv": [8, 10, 6, 8], "texture": "#1"},
				"down": {"uv": [10, 6, 8, 8], "texture": "#1"}
			}
		},
		{
			"from": [6, 10, 7],
			"to": [8, 12, 9],
			"rotation": {"angle": 0, "axis": "y", "origin": [6, 10, 7]},
			"faces": {
				"north": {"uv": [10, 4, 12, 6], "texture": "#1"},
				"east": {"uv": [6, 10, 8, 12], "texture": "#1"},
				"south": {"uv": [10, 6, 12, 8], "texture": "#1"},
				"west": {"uv": [8, 10, 10, 12], "texture": "#1"},
				"up": {"uv": [12, 10, 10, 8], "texture": "#1"},
				"down": {"uv": [12, 10, 10, 12], "texture": "#1"}
			}
		},
		{
			"from": [10, 10, 7],
			"to": [12, 12, 9],
			"rotation": {"angle": 0, "axis": "y", "origin": [10, 10, 7]},
			"faces": {
				"north": {"uv": [6, 12, 8, 14], "texture": "#1"},
				"east": {"uv": [12, 6, 14, 8], "texture": "#1"},
				"south": {"uv": [8, 12, 10, 14], "texture": "#1"},
				"west": {"uv": [12, 8, 14, 10], "texture": "#1"},
				"up": {"uv": [12, 14, 10, 12], "texture": "#1"},
				"down": {"uv": [14, 10, 12, 12], "texture": "#1"}
			}
		}
	],
	"display": {
		"thirdperson_righthand": {
			"translation": [1, 3.5, 1],
			"scale": [0.51, 0.51, 0.51]
		},
		"thirdperson_lefthand": {
			"rotation": [0, -180, 0],
			"translation": [1, 3.5, 1],
			"scale": [0.51, 0.51, 0.51]
		},
		"firstperson_righthand": {
			"rotation": [0, -180, 0],
			"translation": [0, 4.25, 0]
		},
		"firstperson_lefthand": {
			"translation": [0, 4.25, 0]
		},
		"ground": {
			"rotation": [90, 0, 0],
			"translation": [0, -2, 0],
			"scale": [0.59, 0.59, 0.59]
		},
		"gui": {
			"rotation": [23, -146, 0],
			"translation": [0, 1.25, 0]
		},
		"head": {
			"rotation": [0, 0, -12],
			"translation": [1.75, 12.75, 0]
		},
		"fixed": {
			"rotation": [-90, 32, 0],
			"translation": [1.75, -3.75, -18.25],
			"scale": [2.54, 2.54, 2.54]
		}
	},
	"groups": [
		{
			"name": "group",
			"origin": [5, 0, 7],
			"color": 0,
			"children": [0, 1, 2, 3, 4]
		},
		5,
		6,
		7,
		8
	]
}