{
	"format_version": "1.21.6",
	"credit": "Made by NCatGamer",
	"texture_size": [128, 128],
	"textures": {
		"0": "item/costumes/emptyman",
		"particle": "item/costumes/emptyman"
	},
	"elements": [
		{
			"name": "Neck",
			"from": [-2, 19.7109, -9.02888],
			"to": [1, 25.7109, -6.02888],
			"rotation": {"angle": -37.5, "axis": "x", "origin": [-0.5, 34.92538, 4.43785]},
			"faces": {
				"north": {"uv": [9.625, 0.5, 10, 1.25], "texture": "#0"},
				"east": {"uv": [9.25, 0.5, 9.625, 1.25], "texture": "#0"},
				"south": {"uv": [10.375, 0.5, 10.75, 1.25], "texture": "#0"},
				"west": {"uv": [10, 0.5, 10.375, 1.25], "texture": "#0"},
				"up": {"uv": [10, 0.5, 9.625, 0.125], "texture": "#0"},
				"down": {"uv": [10.375, 0.125, 10, 0.5], "texture": "#0"}
			}
		},
		{
			"name": "Head2",
			"from": [-5, 22.63021, -15.93754],
			"to": [4, 31.63021, -6.93754],
			"rotation": {"angle": -20, "axis": "x", "origin": [-0.5, 44.71053, -1.28754]},
			"faces": {
				"north": {"uv": [1.375, 2.625, 2.5, 3.75], "texture": "#0"},
				"east": {"uv": [0.25, 2.625, 1.375, 3.75], "texture": "#0"},
				"south": {"uv": [3.625, 2.625, 4.75, 3.75], "texture": "#0"},
				"west": {"uv": [2.5, 2.625, 3.625, 3.75], "texture": "#0"},
				"up": {"uv": [2.5, 2.625, 1.375, 1.5], "texture": "#0"},
				"down": {"uv": [3.625, 1.5, 2.5, 2.625], "texture": "#0"}
			}
		},
		{
			"name": "Head2",
			"from": [-4, 22.54823, -14.71562],
			"to": [3, 26.54823, -6.71562],
			"rotation": {"angle": -30, "axis": "x", "origin": [-0.5, 37.59893, 1.83297]},
			"faces": {
				"north": {"uv": [4.75, 8.75, 5.625, 9.25], "texture": "#0"},
				"east": {"uv": [3.75, 8.75, 4.75, 9.25], "texture": "#0"},
				"south": {"uv": [6.625, 8.75, 7.5, 9.25], "texture": "#0"},
				"west": {"uv": [5.625, 8.75, 6.625, 9.25], "texture": "#0"},
				"up": {"uv": [5.625, 8.75, 4.75, 7.75], "texture": "#0"},
				"down": {"uv": [6.5, 7.75, 5.625, 8.75], "texture": "#0"}
			}
		},
		{
			"name": "Torso",
			"from": [-6.01, 7.94263, 3.25859],
			"to": [5.01, 14.96263, 8.27859],
			"rotation": {"angle": 5, "axis": "x", "origin": [-0.5, 30.67538, 5.53785]},
			"faces": {
				"north": {"uv": [0.875, 7.125, 2.25, 8], "texture": "#0"},
				"east": {"uv": [0.25, 7.125, 0.875, 8], "texture": "#0"},
				"south": {"uv": [2.875, 7.125, 4.25, 8], "texture": "#0"},
				"west": {"uv": [2.25, 7.125, 2.875, 8], "texture": "#0"},
				"up": {"uv": [2.25, 7.125, 0.875, 6.5], "texture": "#0"},
				"down": {"uv": [3.625, 6.5, 2.25, 7.125], "texture": "#0"}
			}
		},
		{
			"name": "Torso",
			"from": [-5.98, 3.11962, -0.73516],
			"to": [4.98, 14.82962, 4.22484],
			"rotation": {"angle": -10, "axis": "x", "origin": [-0.5, 29.42538, 6.68785]},
			"faces": {
				"north": {"uv": [0.875, 4.75, 2.25, 6.125], "texture": "#0"},
				"east": {"uv": [0.25, 4.75, 0.875, 6.125], "texture": "#0"},
				"south": {"uv": [2.875, 4.75, 4.25, 6.125], "texture": "#0"},
				"west": {"uv": [2.25, 4.75, 2.875, 6.125], "texture": "#0"},
				"up": {"uv": [2.25, 4.75, 0.875, 4.125], "texture": "#0"},
				"down": {"uv": [3.625, 4.125, 2.25, 4.75], "texture": "#0"}
			}
		},
		{
			"name": "Torso",
			"from": [-6, 3.80453, -3.96933],
			"to": [5, 10.80453, 1.03067],
			"rotation": {"angle": -22.5, "axis": "x", "origin": [-0.5, 23.42538, 7.43785]},
			"faces": {
				"north": {"uv": [6, 2.125, 7.375, 3], "texture": "#0"},
				"east": {"uv": [5.375, 2.125, 6, 3], "texture": "#0"},
				"south": {"uv": [8, 2.125, 9.375, 3], "texture": "#0"},
				"west": {"uv": [7.375, 2.125, 8, 3], "texture": "#0"},
				"up": {"uv": [7.375, 2.125, 6, 1.5], "texture": "#0"},
				"down": {"uv": [8.75, 1.5, 7.375, 2.125], "texture": "#0"}
			}
		},
		{
			"name": "Torso",
			"from": [-11, 15.26758, 15.53081],
			"to": [10, 19.26758, 19.53081],
			"rotation": {"angle": 37.5, "axis": "x", "origin": [0, 36.7739, 7.65731]},
			"faces": {
				"north": {"uv": [0.75, 0.625, 3.375, 1.125], "texture": "#0"},
				"east": {"uv": [0.25, 0.625, 0.75, 1.125], "texture": "#0"},
				"south": {"uv": [3.875, 0.625, 6.5, 1.125], "texture": "#0"},
				"west": {"uv": [3.375, 0.625, 3.875, 1.125], "texture": "#0"},
				"up": {"uv": [3.375, 0.625, 0.75, 0.125], "texture": "#0"},
				"down": {"uv": [6, 0.125, 3.375, 0.625], "texture": "#0"}
			}
		},
		{
			"name": "LowerHalf",
			"from": [-5.99, -6.28737, 5.67859],
			"to": [4.99, 2.69263, 10.65859],
			"rotation": {"angle": 5, "axis": "x", "origin": [-0.5, 26.42538, 8.93785]},
			"faces": {
				"north": {"uv": [5.5, 6.25, 6.875, 7.375], "texture": "#0"},
				"east": {"uv": [4.875, 6.25, 5.5, 7.375], "texture": "#0"},
				"south": {"uv": [7.5, 6.25, 8.875, 7.375], "texture": "#0"},
				"west": {"uv": [6.875, 6.25, 7.5, 7.375], "texture": "#0"},
				"up": {"uv": [6.875, 6.25, 5.5, 5.625], "texture": "#0"},
				"down": {"uv": [8.25, 5.625, 6.875, 6.25], "texture": "#0"}
			}
		},
		{
			"name": "bone",
			"from": [-5.988, -12.87022, -5.45124],
			"to": [4.988, -2.89422, -0.47524],
			"rotation": {"angle": -25, "axis": "x", "origin": [0, 14.74983, 7.41838]},
			"faces": {
				"north": {"uv": [5.5, 4, 6.875, 5.25], "texture": "#0"},
				"east": {"uv": [4.875, 4, 5.5, 5.25], "texture": "#0"},
				"south": {"uv": [7.5, 4, 8.875, 5.25], "texture": "#0"},
				"west": {"uv": [6.875, 4, 7.5, 5.25], "texture": "#0"},
				"up": {"uv": [6.875, 4, 5.5, 3.375], "texture": "#0"},
				"down": {"uv": [8.25, 3.375, 6.875, 4], "texture": "#0"}
			}
		},
		{
			"name": "LeftArm",
			"from": [-10.5, -1.96758, 7.50301],
			"to": [-8, 14.03242, 10.50301],
			"rotation": {"angle": 12.5, "axis": "x", "origin": [-8.75, 35.71609, 7.80692]},
			"faces": {
				"north": {"uv": [8.5, 8.125, 8.75, 10.125], "texture": "#0"},
				"east": {"uv": [8.125, 8.125, 8.5, 10.125], "texture": "#0"},
				"south": {"uv": [9.125, 8.125, 9.375, 10.125], "texture": "#0"},
				"west": {"uv": [8.75, 8.125, 9.125, 10.125], "texture": "#0"},
				"up": {"uv": [8.75, 8.125, 8.5, 7.75], "texture": "#0"},
				"down": {"uv": [9, 7.75, 8.75, 8.125], "texture": "#0"}
			}
		},
		{
			"name": "LeftForearm",
			"from": [-10.48, -14.32943, 9.70005],
			"to": [-8.02, -1.36943, 12.66005],
			"rotation": {"angle": 30, "axis": "x", "origin": [-8.75, 18.4135, 5.78367]},
			"faces": {
				"north": {"uv": [10.125, 3.25, 9.875, 4.875], "texture": "#0"},
				"east": {"uv": [10.5, 3.25, 10.125, 4.875], "texture": "#0"},
				"south": {"uv": [10.75, 3.25, 10.5, 4.875], "texture": "#0"},
				"west": {"uv": [9.875, 3.25, 9.5, 4.875], "texture": "#0"},
				"up": {"uv": [9.875, 3.25, 10.125, 2.875], "texture": "#0"},
				"down": {"uv": [10.125, 2.875, 10.375, 3.25], "texture": "#0"}
			}
		},
		{
			"name": "RightArm",
			"from": [7, -1.96758, 7.50301],
			"to": [9.5, 14.03242, 10.50301],
			"rotation": {"angle": 12.5, "axis": "x", "origin": [8.75, 35.71609, 7.80692]},
			"faces": {
				"north": {"uv": [8.75, 8.125, 8.5, 10.125], "texture": "#0"},
				"east": {"uv": [9.125, 8.125, 8.75, 10.125], "texture": "#0"},
				"south": {"uv": [9.375, 8.125, 9.125, 10.125], "texture": "#0"},
				"west": {"uv": [8.5, 8.125, 8.125, 10.125], "texture": "#0"},
				"up": {"uv": [8.5, 8.125, 8.75, 7.75], "texture": "#0"},
				"down": {"uv": [8.75, 7.75, 9, 8.125], "texture": "#0"}
			}
		},
		{
			"name": "RightForearm",
			"from": [7.02, -14.32943, 9.70005],
			"to": [9.48, -1.36943, 12.66005],
			"rotation": {"angle": 30, "axis": "x", "origin": [8.75, 18.4135, 5.78367]},
			"faces": {
				"north": {"uv": [9.875, 3.25, 10.125, 4.875], "texture": "#0"},
				"east": {"uv": [9.5, 3.25, 9.875, 4.875], "texture": "#0"},
				"south": {"uv": [10.5, 3.25, 10.75, 4.875], "texture": "#0"},
				"west": {"uv": [10.125, 3.25, 10.5, 4.875], "texture": "#0"},
				"up": {"uv": [10.125, 3.25, 9.875, 2.875], "texture": "#0"},
				"down": {"uv": [10.375, 2.875, 10.125, 3.25], "texture": "#0"}
			}
		}
	],
	"display": {
		"thirdperson_righthand": {
			"scale": [0.18, 0.18, 0.18]
		},
		"thirdperson_lefthand": {
			"scale": [0.18, 0.18, 0.18]
		},
		"firstperson_righthand": {
			"scale": [0.22, 0.22, 0.22]
		},
		"firstperson_lefthand": {
			"scale": [0.22, 0.22, 0.22]
		},
		"ground": {
			"translation": [0, 3.25, 0],
			"scale": [0.2, 0.2, 0.2]
		},
		"gui": {
			"rotation": [0, 180, 0],
			"translation": [-2.25, 0, 0],
			"scale": [0.31, 0.31, 0.31]
		},
		"head": {
			"translation": [17.75, -9.25, 5.5],
			"scale": [1.99, 1.99, 1.99]
		},
		"fixed": {
			"translation": [7.5, 0, -1.25]
		},
		"on_shelf": {
			"rotation": [0, 180, 0],
			"translation": [-4, 0.25, 0],
			"scale": [0.58, 0.58, 0.58]
		}
	},
	"groups": [
		{
			"name": "All",
			"origin": [0, 23.5, 6.8],
			"rotation": [-10, 0, 0],
			"color": 0,
			"children": [
				{
					"name": "Head",
					"origin": [0, 36.56372, 9.06912],
					"color": 1,
					"children": [
						{
							"name": "Neck",
							"origin": [-0.5, 34.92538, 4.43785],
							"color": 2,
							"children": [0]
						},
						{
							"name": "Head2",
							"origin": [0, 41.0242, 5.10515],
							"color": 3,
							"children": [1, 2]
						}
					]
				},
				{
					"name": "Body",
					"origin": [0, 17.92538, 8.93785],
					"color": 4,
					"children": [
						{
							"name": "Torso",
							"origin": [0, 17.7739, 9.65731],
							"color": 5,
							"children": [
								3,
								4,
								5,
								6,
								{
									"name": "LowerHalf",
									"origin": [0, 23.79103, 11.01511],
									"color": 6,
									"children": [
										7,
										{
											"name": "bone",
											"origin": [0, 13.50683, 9.34105],
											"color": 7,
											"children": [8]
										}
									]
								},
								{
									"name": "LeftArm",
									"origin": [-8.75, 35.71609, 7.80692],
									"color": 8,
									"children": [
										9,
										{
											"name": "LeftForearm",
											"origin": [-8.75, 20.14555, 6.53367],
											"color": 9,
											"children": [10]
										}
									]
								},
								{
									"name": "RightArm",
									"origin": [8.75, 35.71609, 7.80692],
									"color": 0,
									"children": [
										11,
										{
											"name": "RightForearm",
											"origin": [8.75, 20.14555, 6.53367],
											"color": 1,
											"children": [12]
										}
									]
								}
							]
						}
					]
				}
			]
		}
	]
}